/*******************************************************************************
 * Size: 16 px
 * Bpp: 4
 * Opts: --font C:\Users\16604\Desktop\anyui_test\test12\import\font\MiSans_Heavy.ttf --output C:\Users\16604\Desktop\anyui_test\test12\generated\fonts\lv_font_MiSans_Heavy_16_16.c --size 16 --bpp 4 --format lvgl --no-compress --no-prefilter --range 0x20-0x7F --symbols 基于ESP32-P4的校园快递智能分拣系统与YOLO轻量化部署优化QWERTYUIOPASDFGHJKLZXCVBNMqwertyuiopasdfghjklzxcvbnm1234567890实时监测|极兔%中检测结果/%推理耗时电机转速设备温度℃当前识别类型极兔累计分拣件数成功率%·帧韵达中通小大全部℃事件详情日志记录分类识别置信度成功检测到包裹传送中运行中推理完成极兔较低置信度警告时间类型结果尺寸推理耗时状态备注包裹分类成功。亮于人值在复工新核正流程请过阈，内存使用.识别成功未到目标--等待中亮度检测预览叠加框是否开启控制开环设置亮度本主机上报时间间隔图像指标长可模型信息恢复出厂设置重屏幕监控视整资源空闲总量堆碎片内存历史最小大连续可分配块系统芯片频任务无目标跟踪找到面单画面图像接入有效对象持续锁定偏移轻微丢失重新捕获多并行失败模糊无法完成匹配公司超时模型加载算力占用过高低卡顿就绪动作机构故障复位，归类自适应法开启关闭更新传输中断系统载超限设备连参数保存重置摄像头






 ******************************************************************************/

#ifdef LV_LVGL_H_INCLUDE_SIMPLE
#include "lvgl.h"
#else
#include "lvgl.h"
#endif

#ifndef LV_FONT_MISANS_HEAVY_16_16
#define LV_FONT_MISANS_HEAVY_16_16 1
#endif

#if LV_FONT_MISANS_HEAVY_16_16

/*-----------------
 *    BITMAPS
 *----------------*/

/*Store the image of the glyphs*/
static LV_ATTRIBUTE_LARGE_CONST const uint8_t glyph_bitmap[] = {
    /* U+000A "\n" */

    /* U+0020 " " */

    /* U+0021 "!" */
    0xff, 0xf6, 0xef, 0xf6, 0xdf, 0xf5, 0xcf, 0xf4,
    0xcf, 0xf3, 0xbf, 0xf2, 0xaf, 0xf2, 0x9f, 0xf1,
    0x7d, 0xd0, 0x45, 0x51, 0xdf, 0xf5, 0xdf, 0xf5,
    0xdf, 0xf5,

    /* U+0022 "\"" */
    0x2a, 0xa5, 0x9a, 0x83, 0xff, 0x6d, 0xfc, 0x1f,
    0xf4, 0xbf, 0xa0, 0xff, 0x29, 0xf8, 0xd, 0xf1,
    0x8f, 0x60, 0xcf, 0x6, 0xf4,

    /* U+0023 "#" */
    0x0, 0x0, 0xdf, 0x60, 0xef, 0x50, 0x0, 0x0,
    0xff, 0x31, 0xff, 0x20, 0x0, 0x4, 0xff, 0x5,
    0xfe, 0x0, 0xd, 0xff, 0xff, 0xff, 0xff, 0xf9,
    0xd, 0xff, 0xff, 0xff, 0xff, 0xf9, 0x1, 0x2d,
    0xf7, 0x2e, 0xf6, 0x21, 0x0, 0xf, 0xf3, 0x1f,
    0xf2, 0x0, 0x5f, 0xff, 0xff, 0xff, 0xff, 0xf1,
    0x5f, 0xff, 0xff, 0xff, 0xff, 0xf1, 0x2, 0xaf,
    0xa2, 0xbf, 0xa2, 0x20, 0x0, 0xcf, 0x70, 0xdf,
    0x60, 0x0, 0x0, 0xef, 0x40, 0xff, 0x40, 0x0,
    0x1, 0xff, 0x22, 0xff, 0x10, 0x0,

    /* U+0024 "$" */
    0x0, 0x0, 0x33, 0x10, 0x0, 0x0, 0x2, 0xff,
    0x80, 0x0, 0x0, 0x19, 0xff, 0xc4, 0x0, 0x4,
    0xff, 0xff, 0xff, 0xa0, 0x1e, 0xff, 0xff, 0xff,
    0xf7, 0x5f, 0xf9, 0x10, 0x6f, 0xe4, 0x6f, 0xf5,
    0x0, 0x4, 0x10, 0x2f, 0xff, 0xa5, 0x10, 0x0,
    0x8, 0xff, 0xff, 0xfb, 0x30, 0x0, 0x4b, 0xff,
    0xff, 0xf3, 0x0, 0x0, 0x4, 0xbf, 0xfb, 0x6,
    0xa0, 0x0, 0xd, 0xfd, 0x9f, 0xfa, 0x43, 0x6f,
    0xfc, 0x4f, 0xff, 0xff, 0xff, 0xf5, 0x5, 0xff,
    0xff, 0xff, 0x80, 0x0, 0x17, 0xff, 0xb2, 0x0,
    0x0, 0x2, 0xff, 0x80, 0x0,

    /* U+0025 "%" */
    0x7, 0xef, 0xb2, 0x0, 0x0, 0xaf, 0xf2, 0x5,
    0xff, 0xff, 0xd0, 0x0, 0x5f, 0xf6, 0x0, 0xbf,
    0x50, 0xcf, 0x30, 0x2f, 0xfb, 0x0, 0xa, 0xf6,
    0x1d, 0xf3, 0xc, 0xfe, 0x10, 0x0, 0x4f, 0xff,
    0xfd, 0x8, 0xff, 0x40, 0x0, 0x0, 0x5c, 0xda,
    0x13, 0xff, 0x80, 0x0, 0x0, 0x0, 0x0, 0x1,
    0xef, 0xc0, 0x0, 0x0, 0x0, 0x0, 0x0, 0xaf,
    0xf2, 0x3c, 0xfd, 0x60, 0x0, 0x0, 0x6f, 0xf6,
    0xe, 0xff, 0xff, 0x30, 0x0, 0x2f, 0xfa, 0x5,
    0xfb, 0x7, 0xf9, 0x0, 0xc, 0xfe, 0x10, 0x5f,
    0xb0, 0x7f, 0x90, 0x8, 0xff, 0x30, 0x0, 0xef,
    0xef, 0xf3, 0x4, 0xff, 0x80, 0x0, 0x3, 0xcf,
    0xd6, 0x0,

    /* U+0026 "&" */
    0x0, 0x6, 0xdf, 0xd8, 0x0, 0x0, 0x0, 0x8,
    0xff, 0xff, 0xfc, 0x0, 0x0, 0x0, 0xff, 0xfd,
    0xff, 0xf6, 0x0, 0x0, 0x2f, 0xfc, 0x5, 0xff,
    0x80, 0x0, 0x0, 0xff, 0xe1, 0x4, 0x0, 0x0,
    0x0, 0xa, 0xff, 0xc0, 0x0, 0x0, 0x0, 0x5,
    0xff, 0xff, 0xb0, 0x5a, 0x51, 0x1, 0xff, 0xff,
    0xff, 0xab, 0xff, 0x50, 0x6f, 0xfa, 0x2e, 0xff,
    0xff, 0xf0, 0x7, 0xff, 0x70, 0x3f, 0xff, 0xf8,
    0x0, 0x3f, 0xff, 0x99, 0xef, 0xff, 0x70, 0x0,
    0x9f, 0xff, 0xff, 0xff, 0xff, 0x50, 0x0, 0x6c,
    0xfe, 0xc7, 0x6f, 0xff, 0x40,

    /* U+0027 "'" */
    0x4a, 0xa3, 0x5f, 0xf4, 0x4f, 0xf2, 0x2f, 0xf0,
    0xf, 0xe0, 0xe, 0xc0,

    /* U+0028 "(" */
    0x0, 0x0, 0x0, 0x1f, 0xfa, 0x8, 0xff, 0x20,
    0xef, 0xc0, 0x3f, 0xf7, 0x6, 0xff, 0x40, 0x9f,
    0xf1, 0xb, 0xff, 0x0, 0xbf, 0xf0, 0xa, 0xff,
    0x0, 0x9f, 0xf1, 0x6, 0xff, 0x40, 0x3f, 0xf8,
    0x0, 0xef, 0xd0, 0x8, 0xff, 0x20, 0x1f, 0xfa,

    /* U+0029 ")" */
    0x0, 0x0, 0x0, 0x4f, 0xf6, 0x0, 0xd, 0xfd,
    0x0, 0x7, 0xff, 0x30, 0x2, 0xff, 0x80, 0x0,
    0xff, 0xb0, 0x0, 0xcf, 0xe0, 0x0, 0xaf, 0xf0,
    0x0, 0xaf, 0xf0, 0x0, 0xaf, 0xf0, 0x0, 0xcf,
    0xe0, 0x0, 0xff, 0xb0, 0x3, 0xff, 0x80, 0x8,
    0xff, 0x30, 0xd, 0xfd, 0x0, 0x5f, 0xf6, 0x0,

    /* U+002A "*" */
    0x2, 0x4f, 0x82, 0x0, 0xd9, 0xf9, 0xf2, 0x2a,
    0xff, 0xfc, 0x42, 0xae, 0xff, 0xb4, 0xd, 0x9f,
    0x9f, 0x20, 0x24, 0xf8, 0x20, 0x0, 0x0, 0x0,
    0x0,

    /* U+002B "+" */
    0x0, 0x2e, 0xea, 0x0, 0x0, 0x2, 0xff, 0xb0,
    0x0, 0x0, 0x2f, 0xfb, 0x0, 0xc, 0xdd, 0xff,
    0xfd, 0xd7, 0xff, 0xff, 0xff, 0xff, 0x8f, 0xff,
    0xff, 0xff, 0xf8, 0x0, 0x2f, 0xfb, 0x0, 0x0,
    0x2, 0xff, 0xb0, 0x0, 0x0, 0x2f, 0xfb, 0x0,
    0x0,

    /* U+002C "," */
    0x4, 0x55, 0x10, 0xff, 0xf4, 0xf, 0xff, 0x40,
    0xff, 0xf4, 0x0, 0x3f, 0x30, 0x8, 0xf0, 0x6,
    0xf9, 0x0, 0xea, 0x0, 0x1, 0x0, 0x0,

    /* U+002D "-" */
    0x5d, 0xdd, 0xdd, 0xd4, 0x6f, 0xff, 0xff, 0xf5,
    0x6f, 0xff, 0xff, 0xf5,

    /* U+002E "." */
    0x5, 0x55, 0x2, 0xff, 0xf1, 0x2f, 0xff, 0x12,
    0xff, 0xf1,

    /* U+002F "/" */
    0x0, 0x0, 0xdf, 0xf0, 0x0, 0x1, 0xff, 0xa0,
    0x0, 0x6, 0xff, 0x60, 0x0, 0xb, 0xff, 0x10,
    0x0, 0xf, 0xfc, 0x0, 0x0, 0x4f, 0xf8, 0x0,
    0x0, 0x9f, 0xf3, 0x0, 0x0, 0xdf, 0xe0, 0x0,
    0x2, 0xff, 0xa0, 0x0, 0x7, 0xff, 0x50, 0x0,
    0xb, 0xff, 0x10, 0x0, 0xf, 0xfc, 0x0, 0x0,
    0x4f, 0xf7, 0x0, 0x0,

    /* U+0030 "0" */
    0x0, 0x19, 0xef, 0xe9, 0x10, 0x0, 0x1d, 0xff,
    0xff, 0xfd, 0x0, 0x9, 0xff, 0xff, 0xff, 0xf8,
    0x0, 0xef, 0xf7, 0x7, 0xff, 0xe0, 0x2f, 0xff,
    0x0, 0xf, 0xff, 0x24, 0xff, 0xc0, 0x0, 0xcf,
    0xf3, 0x5f, 0xfb, 0x0, 0xc, 0xff, 0x44, 0xff,
    0xc0, 0x0, 0xcf, 0xf3, 0x2f, 0xff, 0x0, 0xf,
    0xff, 0x20, 0xef, 0xf7, 0x7, 0xff, 0xe0, 0x9,
    0xff, 0xff, 0xff, 0xf8, 0x0, 0x1d, 0xff, 0xff,
    0xfd, 0x0, 0x0, 0x19, 0xef, 0xe9, 0x10, 0x0,

    /* U+0031 "1" */
    0x0, 0x3b, 0xff, 0x91, 0xaf, 0xff, 0xf9, 0x4f,
    0xff, 0xff, 0x94, 0xfe, 0xbf, 0xf9, 0x48, 0x6,
    0xff, 0x90, 0x0, 0x6f, 0xf9, 0x0, 0x6, 0xff,
    0x90, 0x0, 0x6f, 0xf9, 0x0, 0x6, 0xff, 0x90,
    0x0, 0x6f, 0xf9, 0x0, 0x6, 0xff, 0x90, 0x0,
    0x6f, 0xf9, 0x0, 0x6, 0xff, 0x90,

    /* U+0032 "2" */
    0x0, 0x4c, 0xef, 0xc6, 0x0, 0x7, 0xff, 0xff,
    0xff, 0x80, 0x2f, 0xff, 0xee, 0xff, 0xf1, 0x8,
    0xf8, 0x0, 0xef, 0xf4, 0x0, 0x20, 0x0, 0xcf,
    0xf4, 0x0, 0x0, 0x3, 0xff, 0xf0, 0x0, 0x0,
    0x2e, 0xff, 0x70, 0x0, 0x1, 0xef, 0xfa, 0x0,
    0x0, 0x1d, 0xff, 0xb0, 0x0, 0x1, 0xdf, 0xfb,
    0x0, 0x0, 0x1d, 0xff, 0xfe, 0xee, 0xe8, 0x6f,
    0xff, 0xff, 0xff, 0xf9, 0x6f, 0xff, 0xff, 0xff,
    0xf9,

    /* U+0033 "3" */
    0xd, 0xff, 0xff, 0xff, 0xf1, 0xd, 0xff, 0xff,
    0xff, 0xf1, 0xc, 0xee, 0xef, 0xff, 0xe0, 0x0,
    0x0, 0x9f, 0xfc, 0x10, 0x0, 0xa, 0xff, 0xa0,
    0x0, 0x0, 0x7f, 0xff, 0xfc, 0x20, 0x0, 0xd,
    0xff, 0xff, 0xe1, 0x0, 0x1, 0x32, 0xcf, 0xf6,
    0x0, 0x20, 0x0, 0x5f, 0xf9, 0x7, 0xf9, 0x0,
    0x9f, 0xf8, 0x1f, 0xff, 0xee, 0xff, 0xf4, 0x6,
    0xff, 0xff, 0xff, 0x90, 0x0, 0x4b, 0xef, 0xc6,
    0x0,

    /* U+0034 "4" */
    0x0, 0x0, 0x7f, 0xff, 0xd0, 0x0, 0x0, 0xe,
    0xff, 0xfd, 0x0, 0x0, 0x7, 0xff, 0xff, 0xd0,
    0x0, 0x0, 0xef, 0xff, 0xfd, 0x0, 0x0, 0x6f,
    0xf9, 0xff, 0xd0, 0x0, 0xe, 0xff, 0x2f, 0xfd,
    0x0, 0x6, 0xff, 0x81, 0xff, 0xd0, 0x0, 0xdf,
    0xf1, 0x1f, 0xfd, 0x0, 0x5f, 0xff, 0xff, 0xff,
    0xff, 0x69, 0xff, 0xff, 0xff, 0xff, 0xf6, 0x8e,
    0xee, 0xee, 0xff, 0xfe, 0x60, 0x0, 0x0, 0x1f,
    0xfd, 0x0, 0x0, 0x0, 0x1, 0xff, 0xd0, 0x0,

    /* U+0035 "5" */
    0xb, 0xff, 0xff, 0xff, 0xf1, 0xd, 0xff, 0xff,
    0xff, 0xf1, 0xe, 0xff, 0xdc, 0xcc, 0xc1, 0xf,
    0xff, 0x0, 0x0, 0x0, 0xf, 0xff, 0xcf, 0xe9,
    0x0, 0x2f, 0xff, 0xff, 0xff, 0xc0, 0x2f, 0xff,
    0xed, 0xff, 0xf5, 0x2, 0x99, 0x0, 0x9f, 0xf9,
    0x0, 0x10, 0x0, 0x4f, 0xfa, 0x5, 0xe9, 0x0,
    0x9f, 0xf9, 0x3f, 0xff, 0xee, 0xff, 0xf4, 0x9,
    0xff, 0xff, 0xff, 0xa0, 0x0, 0x6c, 0xff, 0xc6,
    0x0,

    /* U+0036 "6" */
    0x0, 0x0, 0xcf, 0xfa, 0x0, 0x0, 0x0, 0x5f,
    0xff, 0x10, 0x0, 0x0, 0xe, 0xff, 0x60, 0x0,
    0x0, 0x7, 0xff, 0xc0, 0x0, 0x0, 0x1, 0xef,
    0xff, 0xfc, 0x40, 0x0, 0x8f, 0xff, 0xff, 0xff,
    0x40, 0xf, 0xff, 0xfd, 0xff, 0xfd, 0x4, 0xff,
    0xe1, 0x3, 0xff, 0xf1, 0x5f, 0xfa, 0x0, 0xe,
    0xff, 0x24, 0xff, 0xe1, 0x3, 0xff, 0xf0, 0xe,
    0xff, 0xfd, 0xff, 0xfa, 0x0, 0x4f, 0xff, 0xff,
    0xfe, 0x10, 0x0, 0x2a, 0xef, 0xd9, 0x10, 0x0,

    /* U+0037 "7" */
    0xaf, 0xff, 0xff, 0xff, 0xf3, 0xaf, 0xff, 0xff,
    0xff, 0xf2, 0xaf, 0xff, 0xff, 0xff, 0xe0, 0x0,
    0x0, 0xa, 0xff, 0x70, 0x0, 0x0, 0x2f, 0xff,
    0x10, 0x0, 0x0, 0x9f, 0xf9, 0x0, 0x0, 0x1,
    0xff, 0xf2, 0x0, 0x0, 0x8, 0xff, 0xb0, 0x0,
    0x0, 0xe, 0xff, 0x40, 0x0, 0x0, 0x7f, 0xfd,
    0x0, 0x0, 0x0, 0xef, 0xf5, 0x0, 0x0, 0x5,
    0xff, 0xe0, 0x0, 0x0, 0xd, 0xff, 0x70, 0x0,
    0x0,

    /* U+0038 "8" */
    0x0, 0x3a, 0xef, 0xea, 0x30, 0x0, 0x4f, 0xff,
    0xff, 0xff, 0x50, 0xc, 0xff, 0xfc, 0xef, 0xfd,
    0x0, 0xcf, 0xf4, 0x3, 0xff, 0xd0, 0x5, 0xff,
    0xec, 0xef, 0xf6, 0x0, 0x6, 0xff, 0xff, 0xf6,
    0x0, 0x4, 0xff, 0xff, 0xff, 0xf4, 0x0, 0xef,
    0xf4, 0x4, 0xff, 0xe0, 0x3f, 0xfc, 0x0, 0xb,
    0xff, 0x44, 0xff, 0xf2, 0x1, 0xef, 0xf5, 0x1f,
    0xff, 0xfd, 0xff, 0xff, 0x10, 0x5f, 0xff, 0xff,
    0xff, 0x70, 0x0, 0x3a, 0xef, 0xeb, 0x40, 0x0,

    /* U+0039 "9" */
    0x0, 0x2a, 0xef, 0xd8, 0x10, 0x0, 0x4f, 0xff,
    0xff, 0xfe, 0x10, 0xe, 0xff, 0xfd, 0xff, 0xfb,
    0x4, 0xff, 0xe1, 0x3, 0xff, 0xf1, 0x5f, 0xfa,
    0x0, 0xe, 0xff, 0x24, 0xff, 0xf3, 0x6, 0xff,
    0xf1, 0xe, 0xff, 0xff, 0xff, 0xfc, 0x0, 0x5f,
    0xff, 0xff, 0xff, 0x50, 0x0, 0x39, 0xce, 0xff,
    0xc0, 0x0, 0x0, 0x2, 0xff, 0xf4, 0x0, 0x0,
    0x0, 0xbf, 0xfb, 0x0, 0x0, 0x0, 0x4f, 0xff,
    0x20, 0x0, 0x0, 0xd, 0xff, 0x90, 0x0, 0x0,

    /* U+003A ":" */
    0x2f, 0xff, 0x12, 0xff, 0xf1, 0x2f, 0xff, 0x10,
    0x55, 0x50, 0x0, 0x0, 0x0, 0x0, 0x0, 0x5,
    0x55, 0x2, 0xff, 0xf1, 0x2f, 0xff, 0x12, 0xff,
    0xf1,

    /* U+003B ";" */
    0xf, 0xff, 0x40, 0xff, 0xf4, 0xf, 0xff, 0x40,
    0x45, 0x51, 0x0, 0x0, 0x0, 0x0, 0x0, 0x4,
    0x55, 0x10, 0xff, 0xf4, 0xf, 0xff, 0x40, 0xff,
    0xf4, 0x0, 0x3f, 0x30, 0x8, 0xf0, 0x6, 0xf9,
    0x0, 0xea, 0x0, 0x1, 0x0, 0x0,

    /* U+003C "<" */
    0x0, 0x0, 0x0, 0x0, 0x0, 0x0, 0x0, 0x1,
    0x88, 0x0, 0x0, 0x6, 0xef, 0x80, 0x0, 0x4d,
    0xff, 0xf8, 0x3, 0xbf, 0xff, 0xf9, 0x19, 0xff,
    0xff, 0xa2, 0x0, 0xff, 0xfc, 0x20, 0x0, 0xf,
    0xff, 0xfa, 0x20, 0x0, 0x2a, 0xff, 0xff, 0xa2,
    0x0, 0x3, 0xcf, 0xff, 0xf6, 0x0, 0x0, 0x5e,
    0xff, 0x80, 0x0, 0x0, 0x7, 0xf8, 0x0, 0x0,
    0x0, 0x1, 0x30,

    /* U+003D "=" */
    0xff, 0xff, 0xff, 0xff, 0x8f, 0xff, 0xff, 0xff,
    0xf8, 0xcd, 0xdd, 0xdd, 0xdd, 0x70, 0x0, 0x0,
    0x0, 0x0, 0xcd, 0xdd, 0xdd, 0xdd, 0x7f, 0xff,
    0xff, 0xff, 0xf8, 0xff, 0xff, 0xff, 0xff, 0x80,

    /* U+003E ">" */
    0x0, 0x0, 0x0, 0x0, 0xd, 0x40, 0x0, 0x0,
    0x0, 0xff, 0xb3, 0x0, 0x0, 0xf, 0xff, 0xfa,
    0x10, 0x0, 0x5d, 0xff, 0xff, 0x80, 0x0, 0x5,
    0xdf, 0xff, 0xe4, 0x0, 0x0, 0x6f, 0xff, 0x80,
    0x0, 0x6e, 0xff, 0xf8, 0x5, 0xdf, 0xff, 0xe6,
    0xd, 0xff, 0xff, 0x81, 0x0, 0xff, 0xfa, 0x20,
    0x0, 0xf, 0xc3, 0x0, 0x0, 0x0, 0x50, 0x0,
    0x0, 0x0, 0x0,

    /* U+003F "?" */
    0x0, 0x8d, 0xfe, 0xa2, 0x1, 0xcf, 0xff, 0xff,
    0xf2, 0x9f, 0xff, 0xff, 0xff, 0x95, 0xee, 0x20,
    0x8f, 0xfa, 0x1, 0x30, 0xb, 0xff, 0x70, 0x0,
    0x1c, 0xff, 0xb0, 0x0, 0x9, 0xff, 0x90, 0x0,
    0x0, 0xcf, 0xf0, 0x0, 0x0, 0x8, 0xb9, 0x0,
    0x0, 0x0, 0x55, 0x50, 0x0, 0x0, 0xf, 0xff,
    0x20, 0x0, 0x0, 0xff, 0xf2, 0x0, 0x0, 0xf,
    0xff, 0x20, 0x0,

    /* U+0040 "@" */
    0x0, 0x1, 0x7c, 0xef, 0xda, 0x50, 0x0, 0x0,
    0x4e, 0xff, 0xff, 0xff, 0xfb, 0x10, 0x3, 0xff,
    0xb3, 0x0, 0x16, 0xef, 0xc0, 0xd, 0xf9, 0x2c,
    0xfc, 0x8f, 0xae, 0xf6, 0x4f, 0xe0, 0xdf, 0xff,
    0xff, 0x96, 0xfb, 0x7f, 0x94, 0xff, 0x95, 0xef,
    0x92, 0xfe, 0x9f, 0x76, 0xff, 0x10, 0xaf, 0x92,
    0xfe, 0x7f, 0x94, 0xff, 0x96, 0xef, 0xa6, 0xfb,
    0x4f, 0xe0, 0xdf, 0xff, 0xcf, 0xff, 0xf4, 0xd,
    0xf9, 0x2b, 0xeb, 0x16, 0xed, 0x50, 0x3, 0xff,
    0xb3, 0x0, 0x3, 0x50, 0x0, 0x0, 0x4e, 0xff,
    0xff, 0xff, 0xf1, 0x0, 0x0, 0x1, 0x7c, 0xef,
    0xeb, 0x50, 0x0,

    /* U+0041 "A" */
    0x0, 0x0, 0x6f, 0xff, 0x0, 0x0, 0x0, 0x0,
    0xc, 0xff, 0xf5, 0x0, 0x0, 0x0, 0x2, 0xff,
    0xff, 0xb0, 0x0, 0x0, 0x0, 0x8f, 0xfe, 0xff,
    0x10, 0x0, 0x0, 0xe, 0xfe, 0x5f, 0xf7, 0x0,
    0x0, 0x4, 0xff, 0x90, 0xff, 0xd0, 0x0, 0x0,
    0x9f, 0xf4, 0xa, 0xff, 0x30, 0x0, 0xf, 0xff,
    0xee, 0xff, 0xf8, 0x0, 0x5, 0xff, 0xff, 0xff,
    0xff, 0xe0, 0x0, 0xbf, 0xff, 0xff, 0xff, 0xff,
    0x40, 0x1f, 0xfe, 0x0, 0x0, 0x5f, 0xfa, 0x7,
    0xff, 0x90, 0x0, 0x0, 0xff, 0xf0, 0xdf, 0xf4,
    0x0, 0x0, 0xb, 0xff, 0x60,

    /* U+0042 "B" */
    0xff, 0xff, 0xff, 0xda, 0x20, 0xf, 0xff, 0xff,
    0xff, 0xff, 0x20, 0xff, 0xfc, 0xcd, 0xff, 0xf8,
    0xf, 0xff, 0x0, 0x8, 0xff, 0xa0, 0xff, 0xf0,
    0x0, 0xaf, 0xf8, 0xf, 0xff, 0xff, 0xff, 0xfe,
    0x10, 0xff, 0xff, 0xff, 0xff, 0xa1, 0xf, 0xff,
    0xdd, 0xdf, 0xff, 0xc0, 0xff, 0xf0, 0x0, 0x1e,
    0xff, 0x2f, 0xff, 0x0, 0x1, 0xef, 0xf4, 0xff,
    0xfc, 0xcc, 0xff, 0xff, 0x1f, 0xff, 0xff, 0xff,
    0xff, 0x80, 0xff, 0xff, 0xff, 0xec, 0x50, 0x0,

    /* U+0043 "C" */
    0x0, 0x2, 0x9d, 0xfe, 0xb4, 0x0, 0x0, 0x6f,
    0xff, 0xff, 0xff, 0x70, 0x4, 0xff, 0xff, 0xff,
    0xff, 0xf5, 0xc, 0xff, 0xc2, 0x1, 0x9f, 0xb2,
    0x2f, 0xff, 0x10, 0x0, 0x4, 0x0, 0x5f, 0xfc,
    0x0, 0x0, 0x0, 0x0, 0x6f, 0xfa, 0x0, 0x0,
    0x0, 0x0, 0x5f, 0xfc, 0x0, 0x0, 0x0, 0x0,
    0x2f, 0xff, 0x20, 0x0, 0x4, 0x0, 0xc, 0xff,
    0xd2, 0x0, 0x9f, 0xb1, 0x3, 0xff, 0xff, 0xff,
    0xff, 0xf5, 0x0, 0x5f, 0xff, 0xff, 0xff, 0x80,
    0x0, 0x2, 0x9d, 0xfe, 0xb4, 0x0,

    /* U+0044 "D" */
    0xff, 0xff, 0xff, 0xd8, 0x20, 0x0, 0xff, 0xff,
    0xff, 0xff, 0xf5, 0x0, 0xff, 0xfe, 0xef, 0xff,
    0xff, 0x20, 0xff, 0xf0, 0x0, 0x4e, 0xff, 0xa0,
    0xff, 0xf0, 0x0, 0x4, 0xff, 0xf0, 0xff, 0xf0,
    0x0, 0x0, 0xef, 0xf2, 0xff, 0xf0, 0x0, 0x0,
    0xcf, 0xf3, 0xff, 0xf0, 0x0, 0x0, 0xef, 0xf2,
    0xff, 0xf0, 0x0, 0x4, 0xff, 0xf0, 0xff, 0xf0,
    0x0, 0x4e, 0xff, 0xa0, 0xff, 0xfe, 0xef, 0xff,
    0xff, 0x20, 0xff, 0xff, 0xff, 0xff, 0xe4, 0x0,
    0xff, 0xff, 0xfe, 0xc7, 0x10, 0x0,

    /* U+0045 "E" */
    0xff, 0xff, 0xff, 0xff, 0x9f, 0xff, 0xff, 0xff,
    0xf9, 0xff, 0xfc, 0xcc, 0xcc, 0x7f, 0xff, 0x0,
    0x0, 0x0, 0xff, 0xf0, 0x0, 0x0, 0xf, 0xff,
    0xff, 0xff, 0xf5, 0xff, 0xff, 0xff, 0xff, 0x5f,
    0xff, 0xdd, 0xdd, 0xd4, 0xff, 0xf0, 0x0, 0x0,
    0xf, 0xff, 0x0, 0x0, 0x0, 0xff, 0xfc, 0xcc,
    0xcc, 0xaf, 0xff, 0xff, 0xff, 0xfd, 0xff, 0xff,
    0xff, 0xff, 0xd0,

    /* U+0046 "F" */
    0xff, 0xff, 0xff, 0xff, 0x7f, 0xff, 0xff, 0xff,
    0xf7, 0xff, 0xfe, 0xee, 0xee, 0x7f, 0xff, 0x0,
    0x0, 0x0, 0xff, 0xf0, 0x0, 0x0, 0xf, 0xff,
    0xee, 0xee, 0xe1, 0xff, 0xff, 0xff, 0xff, 0x1f,
    0xff, 0xff, 0xff, 0xf1, 0xff, 0xf0, 0x0, 0x0,
    0xf, 0xff, 0x0, 0x0, 0x0, 0xff, 0xf0, 0x0,
    0x0, 0xf, 0xff, 0x0, 0x0, 0x0, 0xff, 0xf0,
    0x0, 0x0, 0x0,

    /* U+0047 "G" */
    0x0, 0x2, 0x9d, 0xfe, 0xc6, 0x0, 0x0, 0x6f,
    0xff, 0xff, 0xff, 0xa0, 0x4, 0xff, 0xff, 0xff,
    0xff, 0xf5, 0xd, 0xff, 0xc3, 0x0, 0x6c, 0x40,
    0x2f, 0xff, 0x10, 0x0, 0x0, 0x0, 0x5f, 0xfb,
    0x0, 0x5f, 0xff, 0xfb, 0x6f, 0xfa, 0x0, 0x5f,
    0xff, 0xfb, 0x5f, 0xfb, 0x0, 0x4d, 0xdf, 0xfb,
    0x2f, 0xff, 0x10, 0x0, 0x1f, 0xfb, 0xd, 0xff,
    0xc2, 0x0, 0x7f, 0xfb, 0x4, 0xff, 0xff, 0xff,
    0xff, 0xfa, 0x0, 0x6f, 0xff, 0xff, 0xff, 0xc1,
    0x0, 0x3, 0x9d, 0xfe, 0xc6, 0x0,

    /* U+0048 "H" */
    0xff, 0xf0, 0x0, 0x0, 0xef, 0xf1, 0xff, 0xf0,
    0x0, 0x0, 0xef, 0xf1, 0xff, 0xf0, 0x0, 0x0,
    0xef, 0xf1, 0xff, 0xf0, 0x0, 0x0, 0xef, 0xf1,
    0xff, 0xf0, 0x0, 0x0, 0xef, 0xf1, 0xff, 0xff,
    0xff, 0xff, 0xff, 0xf1, 0xff, 0xff, 0xff, 0xff,
    0xff, 0xf1, 0xff, 0xfe, 0xee, 0xee, 0xff, 0xf1,
    0xff, 0xf0, 0x0, 0x0, 0xef, 0xf1, 0xff, 0xf0,
    0x0, 0x0, 0xef, 0xf1, 0xff, 0xf0, 0x0, 0x0,
    0xef, 0xf1, 0xff, 0xf0, 0x0, 0x0, 0xef, 0xf1,
    0xff, 0xf0, 0x0, 0x0, 0xef, 0xf1,

    /* U+0049 "I" */
    0xff, 0xff, 0xff, 0xff, 0xff, 0xff, 0xff, 0xff,
    0xff, 0xff, 0xff, 0xff, 0xff, 0xff, 0xff, 0xff,
    0xff, 0xff, 0xff, 0xf0,

    /* U+004A "J" */
    0x0, 0x0, 0xb, 0xff, 0x40, 0x0, 0x0, 0xbf,
    0xf4, 0x0, 0x0, 0xb, 0xff, 0x40, 0x0, 0x0,
    0xbf, 0xf4, 0x0, 0x0, 0xb, 0xff, 0x40, 0x0,
    0x0, 0xbf, 0xf4, 0x0, 0x0, 0xb, 0xff, 0x40,
    0x0, 0x0, 0xbf, 0xf4, 0x0, 0x10, 0xb, 0xff,
    0x32, 0xcd, 0x11, 0xef, 0xf3, 0xdf, 0xff, 0xff,
    0xff, 0x5, 0xff, 0xff, 0xff, 0x70, 0x4, 0xbe,
    0xfc, 0x50, 0x0,

    /* U+004B "K" */
    0xff, 0xf0, 0x0, 0xc, 0xff, 0xc0, 0xff, 0xf0,
    0x0, 0xaf, 0xfd, 0x10, 0xff, 0xf0, 0x9, 0xff,
    0xe1, 0x0, 0xff, 0xf0, 0x7f, 0xfe, 0x20, 0x0,
    0xff, 0xf6, 0xff, 0xe2, 0x0, 0x0, 0xff, 0xff,
    0xff, 0xd0, 0x0, 0x0, 0xff, 0xff, 0xff, 0xf8,
    0x0, 0x0, 0xff, 0xff, 0xbf, 0xff, 0x20, 0x0,
    0xff, 0xf6, 0xd, 0xff, 0xc0, 0x0, 0xff, 0xf0,
    0x4, 0xff, 0xf6, 0x0, 0xff, 0xf0, 0x0, 0xbf,
    0xfe, 0x10, 0xff, 0xf0, 0x0, 0x2f, 0xff, 0x90,
    0xff, 0xf0, 0x0, 0x8, 0xff, 0xf3,

    /* U+004C "L" */
    0xff, 0xf0, 0x0, 0x0, 0xf, 0xff, 0x0, 0x0,
    0x0, 0xff, 0xf0, 0x0, 0x0, 0xf, 0xff, 0x0,
    0x0, 0x0, 0xff, 0xf0, 0x0, 0x0, 0xf, 0xff,
    0x0, 0x0, 0x0, 0xff, 0xf0, 0x0, 0x0, 0xf,
    0xff, 0x0, 0x0, 0x0, 0xff, 0xf0, 0x0, 0x0,
    0xf, 0xff, 0x0, 0x0, 0x0, 0xff, 0xfc, 0xcc,
    0xcc, 0xaf, 0xff, 0xff, 0xff, 0xfc, 0xff, 0xff,
    0xff, 0xff, 0xc0,

    /* U+004D "M" */
    0xff, 0xe1, 0x0, 0x0, 0x0, 0x6f, 0xf8, 0xff,
    0xf9, 0x0, 0x0, 0x1, 0xff, 0xf8, 0xff, 0xff,
    0x30, 0x0, 0xb, 0xff, 0xf8, 0xff, 0xff, 0xd0,
    0x0, 0x5f, 0xff, 0xf8, 0xff, 0xff, 0xf8, 0x0,
    0xef, 0xff, 0xf8, 0xff, 0xff, 0xff, 0x29, 0xff,
    0xef, 0xf8, 0xff, 0xe6, 0xff, 0xdf, 0xfe, 0x6f,
    0xf8, 0xff, 0xe0, 0xcf, 0xff, 0xf4, 0x5f, 0xf8,
    0xff, 0xe0, 0x2f, 0xff, 0xa0, 0x5f, 0xf8, 0xff,
    0xe0, 0x6, 0xba, 0x10, 0x5f, 0xf8, 0xff, 0xe0,
    0x0, 0x0, 0x0, 0x5f, 0xf8, 0xff, 0xe0, 0x0,
    0x0, 0x0, 0x5f, 0xf8, 0xff, 0xe0, 0x0, 0x0,
    0x0, 0x5f, 0xf8,

    /* U+004E "N" */
    0xff, 0xe0, 0x0, 0x3, 0xff, 0xaf, 0xff, 0x90,
    0x0, 0x3f, 0xfa, 0xff, 0xff, 0x40, 0x3, 0xff,
    0xaf, 0xff, 0xfe, 0x10, 0x3f, 0xfa, 0xff, 0xff,
    0xfa, 0x3, 0xff, 0xaf, 0xfe, 0xef, 0xf5, 0x3f,
    0xfa, 0xff, 0xd5, 0xff, 0xe4, 0xff, 0xaf, 0xfd,
    0xa, 0xff, 0xdf, 0xfa, 0xff, 0xd0, 0xd, 0xff,
    0xff, 0xaf, 0xfd, 0x0, 0x3f, 0xff, 0xfa, 0xff,
    0xd0, 0x0, 0x8f, 0xff, 0xaf, 0xfd, 0x0, 0x0,
    0xcf, 0xfa, 0xff, 0xd0, 0x0, 0x2, 0xff, 0xa0,

    /* U+004F "O" */
    0x0, 0x3, 0xae, 0xfe, 0xb4, 0x0, 0x0, 0x8,
    0xff, 0xff, 0xff, 0xf9, 0x0, 0x5, 0xff, 0xff,
    0xff, 0xff, 0xf7, 0x0, 0xdf, 0xfc, 0x20, 0x1b,
    0xff, 0xf0, 0x2f, 0xff, 0x10, 0x0, 0xe, 0xff,
    0x45, 0xff, 0xb0, 0x0, 0x0, 0xaf, 0xf7, 0x6f,
    0xfa, 0x0, 0x0, 0x8, 0xff, 0x85, 0xff, 0xb0,
    0x0, 0x0, 0xaf, 0xf7, 0x2f, 0xff, 0x10, 0x0,
    0xe, 0xff, 0x40, 0xdf, 0xfc, 0x20, 0x1a, 0xff,
    0xf0, 0x5, 0xff, 0xff, 0xff, 0xff, 0xf7, 0x0,
    0x8, 0xff, 0xff, 0xff, 0xfa, 0x0, 0x0, 0x4,
    0xae, 0xfe, 0xb5, 0x0, 0x0,

    /* U+0050 "P" */
    0xff, 0xff, 0xff, 0xd8, 0x0, 0xff, 0xff, 0xff,
    0xff, 0xd0, 0xff, 0xfc, 0xce, 0xff, 0xf7, 0xff,
    0xf0, 0x0, 0x8f, 0xfc, 0xff, 0xf0, 0x0, 0x3f,
    0xfd, 0xff, 0xf0, 0x0, 0x8f, 0xfc, 0xff, 0xfd,
    0xde, 0xff, 0xf8, 0xff, 0xff, 0xff, 0xff, 0xd1,
    0xff, 0xff, 0xff, 0xe9, 0x10, 0xff, 0xf0, 0x0,
    0x0, 0x0, 0xff, 0xf0, 0x0, 0x0, 0x0, 0xff,
    0xf0, 0x0, 0x0, 0x0, 0xff, 0xf0, 0x0, 0x0,
    0x0,

    /* U+0051 "Q" */
    0x0, 0x3, 0xae, 0xfe, 0xb4, 0x0, 0x0, 0x8,
    0xff, 0xff, 0xff, 0xf9, 0x0, 0x5, 0xff, 0xff,
    0xff, 0xff, 0xf7, 0x0, 0xdf, 0xfc, 0x20, 0x1b,
    0xff, 0xf0, 0x2f, 0xff, 0x10, 0x0, 0xe, 0xff,
    0x55, 0xff, 0xb0, 0x0, 0x0, 0xaf, 0xf7, 0x6f,
    0xfa, 0x0, 0x0, 0x8, 0xff, 0x85, 0xff, 0xb0,
    0x0, 0x0, 0xaf, 0xf7, 0x2f, 0xff, 0x10, 0x0,
    0xe, 0xff, 0x40, 0xdf, 0xfc, 0x20, 0x1a, 0xff,
    0xe0, 0x5, 0xff, 0xff, 0xff, 0xff, 0xf7, 0x0,
    0x8, 0xff, 0xff, 0xff, 0xff, 0xa0, 0x0, 0x4,
    0xae, 0xfe, 0xcf, 0xff, 0x60, 0x0, 0x0, 0x0,
    0x0, 0x9f, 0x90, 0x0, 0x0, 0x0, 0x0, 0x0,
    0x60, 0x0,

    /* U+0052 "R" */
    0xff, 0xff, 0xff, 0xd7, 0x0, 0xf, 0xff, 0xff,
    0xff, 0xfb, 0x0, 0xff, 0xfc, 0xce, 0xff, 0xf6,
    0xf, 0xff, 0x0, 0x9, 0xff, 0xa0, 0xff, 0xf0,
    0x0, 0x5f, 0xfb, 0xf, 0xff, 0x0, 0x2b, 0xff,
    0x90, 0xff, 0xff, 0xff, 0xff, 0xf4, 0xf, 0xff,
    0xff, 0xff, 0xfa, 0x0, 0xff, 0xfd, 0xdf, 0xfd,
    0x0, 0xf, 0xff, 0x0, 0xef, 0xf5, 0x0, 0xff,
    0xf0, 0x6, 0xff, 0xe0, 0xf, 0xff, 0x0, 0xd,
    0xff, 0x80, 0xff, 0xf0, 0x0, 0x5f, 0xff, 0x20,

    /* U+0053 "S" */
    0x0, 0x2a, 0xef, 0xea, 0x20, 0x0, 0x5f, 0xff,
    0xff, 0xff, 0x50, 0xe, 0xff, 0xfd, 0xff, 0xff,
    0x13, 0xff, 0xe1, 0x0, 0x9f, 0x70, 0x2f, 0xfe,
    0x30, 0x0, 0x10, 0x0, 0xcf, 0xff, 0xd8, 0x40,
    0x0, 0x1, 0xbf, 0xff, 0xff, 0xd3, 0x0, 0x0,
    0x27, 0xcf, 0xff, 0xe1, 0x0, 0x50, 0x0, 0x1d,
    0xff, 0x53, 0xcf, 0x70, 0x0, 0xcf, 0xf6, 0x5f,
    0xff, 0xed, 0xff, 0xff, 0x20, 0x8f, 0xff, 0xff,
    0xff, 0x70, 0x0, 0x4b, 0xef, 0xea, 0x30, 0x0,

    /* U+0054 "T" */
    0x9f, 0xff, 0xff, 0xff, 0xff, 0x59, 0xff, 0xff,
    0xff, 0xff, 0xf5, 0x8e, 0xee, 0xff, 0xfe, 0xee,
    0x40, 0x0, 0x2f, 0xfd, 0x0, 0x0, 0x0, 0x2,
    0xff, 0xd0, 0x0, 0x0, 0x0, 0x2f, 0xfd, 0x0,
    0x0, 0x0, 0x2, 0xff, 0xd0, 0x0, 0x0, 0x0,
    0x2f, 0xfd, 0x0, 0x0, 0x0, 0x2, 0xff, 0xd0,
    0x0, 0x0, 0x0, 0x2f, 0xfd, 0x0, 0x0, 0x0,
    0x2, 0xff, 0xd0, 0x0, 0x0, 0x0, 0x2f, 0xfd,
    0x0, 0x0, 0x0, 0x2, 0xff, 0xd0, 0x0, 0x0,

    /* U+0055 "U" */
    0xff, 0xf0, 0x0, 0x8, 0xff, 0x7f, 0xff, 0x0,
    0x0, 0x8f, 0xf7, 0xff, 0xf0, 0x0, 0x8, 0xff,
    0x7f, 0xff, 0x0, 0x0, 0x8f, 0xf7, 0xff, 0xf0,
    0x0, 0x8, 0xff, 0x7f, 0xff, 0x0, 0x0, 0x8f,
    0xf7, 0xff, 0xf0, 0x0, 0x8, 0xff, 0x7f, 0xff,
    0x0, 0x0, 0x8f, 0xf7, 0xef, 0xf2, 0x0, 0xa,
    0xff, 0x6c, 0xff, 0xb0, 0x4, 0xff, 0xf3, 0x6f,
    0xff, 0xff, 0xff, 0xfd, 0x0, 0xaf, 0xff, 0xff,
    0xff, 0x30, 0x0, 0x6c, 0xff, 0xe9, 0x20, 0x0,

    /* U+0056 "V" */
    0xdf, 0xf6, 0x0, 0x0, 0xb, 0xff, 0x77, 0xff,
    0xb0, 0x0, 0x1, 0xff, 0xf1, 0x1f, 0xff, 0x10,
    0x0, 0x6f, 0xfb, 0x0, 0xbf, 0xf6, 0x0, 0xc,
    0xff, 0x50, 0x5, 0xff, 0xc0, 0x1, 0xff, 0xf0,
    0x0, 0xe, 0xff, 0x10, 0x7f, 0xfa, 0x0, 0x0,
    0x9f, 0xf7, 0xc, 0xff, 0x40, 0x0, 0x3, 0xff,
    0xc2, 0xff, 0xe0, 0x0, 0x0, 0xd, 0xff, 0xaf,
    0xf8, 0x0, 0x0, 0x0, 0x7f, 0xff, 0xff, 0x20,
    0x0, 0x0, 0x1, 0xff, 0xff, 0xc0, 0x0, 0x0,
    0x0, 0xb, 0xff, 0xf6, 0x0, 0x0, 0x0, 0x0,
    0x5f, 0xff, 0x10, 0x0, 0x0,

    /* U+0057 "W" */
    0xbf, 0xf5, 0x0, 0x7, 0xff, 0xf0, 0x0, 0xa,
    0xff, 0x77, 0xff, 0x90, 0x0, 0xbf, 0xff, 0x40,
    0x0, 0xdf, 0xf2, 0x3f, 0xfd, 0x0, 0xf, 0xff,
    0xf9, 0x0, 0x1f, 0xfe, 0x0, 0xff, 0xf0, 0x4,
    0xff, 0xff, 0xe0, 0x5, 0xff, 0xa0, 0xb, 0xff,
    0x40, 0x8f, 0xfd, 0xff, 0x20, 0x9f, 0xf6, 0x0,
    0x7f, 0xf8, 0xc, 0xfe, 0x5f, 0xf7, 0xc, 0xff,
    0x10, 0x3, 0xff, 0xc1, 0xff, 0x90, 0xff, 0xc0,
    0xff, 0xd0, 0x0, 0xe, 0xff, 0x5f, 0xf4, 0xb,
    0xff, 0x5f, 0xf9, 0x0, 0x0, 0xaf, 0xfd, 0xfe,
    0x0, 0x6f, 0xfd, 0xff, 0x40, 0x0, 0x6, 0xff,
    0xff, 0xa0, 0x1, 0xff, 0xff, 0xf0, 0x0, 0x0,
    0x2f, 0xff, 0xf5, 0x0, 0xc, 0xff, 0xfc, 0x0,
    0x0, 0x0, 0xef, 0xff, 0x0, 0x0, 0x7f, 0xff,
    0x70, 0x0, 0x0, 0xa, 0xff, 0xb0, 0x0, 0x2,
    0xff, 0xf3, 0x0, 0x0,

    /* U+0058 "X" */
    0x2f, 0xff, 0x70, 0x0, 0x6f, 0xff, 0x30, 0x7f,
    0xff, 0x20, 0x1e, 0xff, 0x80, 0x0, 0xbf, 0xfc,
    0xa, 0xff, 0xc0, 0x0, 0x1, 0xff, 0xfa, 0xff,
    0xf2, 0x0, 0x0, 0x5, 0xff, 0xff, 0xf7, 0x0,
    0x0, 0x0, 0xa, 0xff, 0xfb, 0x0, 0x0, 0x0,
    0x0, 0x7f, 0xff, 0x70, 0x0, 0x0, 0x0, 0x2f,
    0xff, 0xff, 0x20, 0x0, 0x0, 0xb, 0xff, 0xff,
    0xfc, 0x0, 0x0, 0x6, 0xff, 0xf3, 0xff, 0xf7,
    0x0, 0x2, 0xff, 0xf6, 0x6, 0xff, 0xf2, 0x0,
    0xbf, 0xfd, 0x0, 0xc, 0xff, 0xc0, 0x6f, 0xff,
    0x40, 0x0, 0x3f, 0xff, 0x70,

    /* U+0059 "Y" */
    0xbf, 0xfd, 0x0, 0x0, 0x7f, 0xff, 0x22, 0xff,
    0xf4, 0x0, 0xe, 0xff, 0x80, 0x8, 0xff, 0xc0,
    0x6, 0xff, 0xe0, 0x0, 0xe, 0xff, 0x40, 0xdf,
    0xf5, 0x0, 0x0, 0x6f, 0xfb, 0x5f, 0xfc, 0x0,
    0x0, 0x0, 0xcf, 0xfe, 0xff, 0x30, 0x0, 0x0,
    0x3, 0xff, 0xff, 0x90, 0x0, 0x0, 0x0, 0xa,
    0xff, 0xf1, 0x0, 0x0, 0x0, 0x0, 0x4f, 0xfb,
    0x0, 0x0, 0x0, 0x0, 0x4, 0xff, 0xb0, 0x0,
    0x0, 0x0, 0x0, 0x4f, 0xfb, 0x0, 0x0, 0x0,
    0x0, 0x4, 0xff, 0xb0, 0x0, 0x0, 0x0, 0x0,
    0x4f, 0xfb, 0x0, 0x0, 0x0,

    /* U+005A "Z" */
    0x4f, 0xff, 0xff, 0xff, 0xff, 0x64, 0xff, 0xff,
    0xff, 0xff, 0xf6, 0x4e, 0xee, 0xee, 0xff, 0xff,
    0x40, 0x0, 0x0, 0x2f, 0xff, 0x90, 0x0, 0x0,
    0xd, 0xff, 0xc0, 0x0, 0x0, 0x9, 0xff, 0xe1,
    0x0, 0x0, 0x5, 0xff, 0xf4, 0x0, 0x0, 0x2,
    0xff, 0xf8, 0x0, 0x0, 0x0, 0xdf, 0xfc, 0x0,
    0x0, 0x0, 0xaf, 0xfe, 0x10, 0x0, 0x0, 0x5f,
    0xff, 0xfe, 0xee, 0xee, 0x97, 0xff, 0xff, 0xff,
    0xff, 0xfa, 0x7f, 0xff, 0xff, 0xff, 0xff, 0xa0,

    /* U+005B "[" */
    0x7f, 0xff, 0xf0, 0x7f, 0xff, 0xf0, 0x7f, 0xf9,
    0x80, 0x7f, 0xf3, 0x0, 0x7f, 0xf3, 0x0, 0x7f,
    0xf3, 0x0, 0x7f, 0xf3, 0x0, 0x7f, 0xf3, 0x0,
    0x7f, 0xf3, 0x0, 0x7f, 0xf3, 0x0, 0x7f, 0xf3,
    0x0, 0x7f, 0xf3, 0x0, 0x7f, 0xf9, 0x80, 0x7f,
    0xff, 0xf0, 0x7f, 0xff, 0xf0,

    /* U+005C "\\" */
    0xcf, 0xf0, 0x0, 0x8, 0xff, 0x40, 0x0, 0x3f,
    0xf9, 0x0, 0x0, 0xef, 0xd0, 0x0, 0xa, 0xff,
    0x20, 0x0, 0x5f, 0xf7, 0x0, 0x1, 0xff, 0xb0,
    0x0, 0xc, 0xff, 0x0, 0x0, 0x7f, 0xf5, 0x0,
    0x2, 0xff, 0x90, 0x0, 0xe, 0xfe, 0x0, 0x0,
    0x9f, 0xf3, 0x0, 0x4, 0xff, 0x70,

    /* U+005D "]" */
    0xef, 0xff, 0x9e, 0xff, 0xf9, 0x78, 0xff, 0x90,
    0x1f, 0xf9, 0x1, 0xff, 0x90, 0x1f, 0xf9, 0x1,
    0xff, 0x90, 0x1f, 0xf9, 0x1, 0xff, 0x90, 0x1f,
    0xf9, 0x1, 0xff, 0x90, 0x1f, 0xf9, 0x78, 0xff,
    0x9e, 0xff, 0xf9, 0xef, 0xff, 0x90,

    /* U+005E "^" */
    0x0, 0x9e, 0xe9, 0x0, 0x1, 0xff, 0xff, 0x20,
    0x9, 0xfd, 0xdf, 0xa0, 0x1f, 0xf5, 0x5f, 0xf1,
    0x8f, 0xe0, 0xd, 0xf9,

    /* U+005F "_" */
    0xbb, 0xbb, 0xbb, 0xb7, 0xff, 0xff, 0xff, 0xfb,
    0xff, 0xff, 0xff, 0xfb,

    /* U+0060 "`" */
    0x0, 0x0, 0x0, 0x5d, 0x0, 0x4f, 0xf9, 0x1,
    0xcf, 0xf3, 0x0, 0xbf, 0x50, 0x0, 0x30,

    /* U+0061 "a" */
    0x0, 0x6d, 0xfe, 0xa2, 0x0, 0xaf, 0xff, 0xff,
    0xf2, 0x8, 0xfb, 0x8c, 0xff, 0xa0, 0x1, 0x46,
    0x7f, 0xfd, 0x4, 0xef, 0xff, 0xff, 0xd1, 0xff,
    0xff, 0xff, 0xfd, 0x7f, 0xfb, 0x10, 0xff, 0xd8,
    0xff, 0xa3, 0x9f, 0xfd, 0x3f, 0xff, 0xff, 0xff,
    0xd0, 0x5d, 0xfd, 0x5f, 0xfd,

    /* U+0062 "b" */
    0x1f, 0xfc, 0x0, 0x0, 0x0, 0x1, 0xff, 0xc0,
    0x0, 0x0, 0x0, 0x1f, 0xfc, 0x0, 0x0, 0x0,
    0x1, 0xff, 0xc4, 0xdf, 0xc4, 0x0, 0x1f, 0xfe,
    0xff, 0xff, 0xf3, 0x1, 0xff, 0xff, 0xdf, 0xff,
    0xb0, 0x1f, 0xff, 0x30, 0x3f, 0xff, 0x1, 0xff,
    0xc0, 0x0, 0xdf, 0xf2, 0x1f, 0xfc, 0x0, 0xd,
    0xff, 0x11, 0xff, 0xf3, 0x4, 0xff, 0xf0, 0x1f,
    0xff, 0xfd, 0xff, 0xfb, 0x1, 0xff, 0xef, 0xff,
    0xff, 0x30, 0x1f, 0xfc, 0x4d, 0xfc, 0x40, 0x0,

    /* U+0063 "c" */
    0x0, 0x3a, 0xef, 0xc6, 0x0, 0x4, 0xff, 0xff,
    0xff, 0x80, 0xe, 0xff, 0xfe, 0xff, 0xe0, 0x4f,
    0xfd, 0x10, 0x79, 0x10, 0x6f, 0xf8, 0x0, 0x0,
    0x0, 0x6f, 0xf8, 0x0, 0x0, 0x0, 0x4f, 0xfd,
    0x10, 0x79, 0x10, 0xe, 0xff, 0xfe, 0xff, 0xe0,
    0x4, 0xff, 0xff, 0xff, 0x80, 0x0, 0x3a, 0xef,
    0xc6, 0x0,

    /* U+0064 "d" */
    0x0, 0x0, 0x0, 0x1f, 0xfc, 0x0, 0x0, 0x0,
    0x1f, 0xfc, 0x0, 0x0, 0x0, 0x1f, 0xfc, 0x0,
    0x7d, 0xfb, 0x3f, 0xfc, 0x8, 0xff, 0xff, 0xef,
    0xfc, 0x1f, 0xff, 0xfd, 0xff, 0xfc, 0x5f, 0xfd,
    0x10, 0x8f, 0xfc, 0x7f, 0xf8, 0x0, 0x1f, 0xfc,
    0x7f, 0xf8, 0x0, 0x1f, 0xfc, 0x4f, 0xfc, 0x0,
    0x5f, 0xfc, 0xf, 0xff, 0xca, 0xff, 0xfc, 0x7,
    0xff, 0xff, 0xff, 0xfc, 0x0, 0x6d, 0xfc, 0x4f,
    0xfc,

    /* U+0065 "e" */
    0x0, 0x3a, 0xef, 0xc6, 0x0, 0x4, 0xff, 0xff,
    0xff, 0x90, 0xe, 0xff, 0x97, 0xef, 0xf3, 0x4f,
    0xfd, 0x55, 0x9f, 0xf7, 0x6f, 0xff, 0xff, 0xff,
    0xf8, 0x7f, 0xff, 0xff, 0xff, 0xf6, 0x4f, 0xfb,
    0x0, 0x25, 0x0, 0xe, 0xff, 0xb9, 0xef, 0xb0,
    0x4, 0xff, 0xff, 0xff, 0x90, 0x0, 0x3a, 0xef,
    0xd6, 0x0,

    /* U+0066 "f" */
    0x0, 0x4c, 0xff, 0x80, 0x2f, 0xff, 0xfb, 0x7,
    0xff, 0xeb, 0x89, 0xdf, 0xfc, 0xa6, 0xdf, 0xff,
    0xff, 0xad, 0xff, 0xff, 0xfa, 0x8, 0xff, 0x50,
    0x0, 0x8f, 0xf5, 0x0, 0x8, 0xff, 0x50, 0x0,
    0x8f, 0xf5, 0x0, 0x8, 0xff, 0x50, 0x0, 0x8f,
    0xf5, 0x0, 0x8, 0xff, 0x50, 0x0,

    /* U+0067 "g" */
    0x0, 0x7d, 0xfb, 0x3f, 0xfc, 0x8, 0xff, 0xff,
    0xef, 0xfc, 0x1f, 0xff, 0xed, 0xff, 0xfc, 0x5f,
    0xfd, 0x0, 0x8f, 0xfc, 0x7f, 0xf7, 0x0, 0x2f,
    0xfc, 0x7f, 0xf7, 0x0, 0x2f, 0xfc, 0x5f, 0xfd,
    0x10, 0x8f, 0xfc, 0x1f, 0xff, 0xfd, 0xff, 0xfc,
    0x7, 0xff, 0xff, 0xef, 0xfc, 0x0, 0x6d, 0xfc,
    0x4f, 0xfb, 0x0, 0x73, 0x0, 0x5f, 0xf9, 0xc,
    0xff, 0xaa, 0xff, 0xf4, 0x8, 0xff, 0xff, 0xff,
    0x90, 0x0, 0x5c, 0xef, 0xc6, 0x0,

    /* U+0068 "h" */
    0x1f, 0xfc, 0x0, 0x0, 0x0, 0x1f, 0xfc, 0x0,
    0x0, 0x0, 0x1f, 0xfc, 0x0, 0x0, 0x0, 0x1f,
    0xfc, 0x4c, 0xfc, 0x30, 0x1f, 0xfe, 0xff, 0xff,
    0xf1, 0x1f, 0xff, 0xfe, 0xff, 0xf5, 0x1f, 0xff,
    0x20, 0x9f, 0xf7, 0x1f, 0xfc, 0x0, 0x5f, 0xf8,
    0x1f, 0xfc, 0x0, 0x5f, 0xf8, 0x1f, 0xfc, 0x0,
    0x5f, 0xf8, 0x1f, 0xfc, 0x0, 0x5f, 0xf8, 0x1f,
    0xfc, 0x0, 0x5f, 0xf8, 0x1f, 0xfc, 0x0, 0x5f,
    0xf8,

    /* U+0069 "i" */
    0x3, 0x72, 0x1, 0xff, 0xe0, 0x2f, 0xff, 0x10,
    0xaf, 0x90, 0x6, 0x76, 0x0, 0xff, 0xe0, 0xf,
    0xfe, 0x0, 0xff, 0xe0, 0xf, 0xfe, 0x0, 0xff,
    0xe0, 0xf, 0xfe, 0x0, 0xff, 0xe0, 0xf, 0xfe,
    0x0, 0xff, 0xe0,

    /* U+006A "j" */
    0x0, 0x2, 0x73, 0x0, 0x0, 0xef, 0xf1, 0x0,
    0x1f, 0xff, 0x20, 0x0, 0x9f, 0xa0, 0x0, 0x0,
    0x0, 0x0, 0x0, 0xef, 0xf0, 0x0, 0xe, 0xff,
    0x0, 0x0, 0xef, 0xf0, 0x0, 0xe, 0xff, 0x0,
    0x0, 0xef, 0xf0, 0x0, 0xe, 0xff, 0x0, 0x0,
    0xef, 0xf0, 0x0, 0xe, 0xff, 0x0, 0x0, 0xef,
    0xf0, 0x0, 0x1f, 0xff, 0x2, 0xff, 0xff, 0xd0,
    0x2f, 0xff, 0xf8, 0x1, 0xdf, 0xe8, 0x0,

    /* U+006B "k" */
    0x1f, 0xfc, 0x0, 0x0, 0x0, 0x1, 0xff, 0xc0,
    0x0, 0x0, 0x0, 0x1f, 0xfc, 0x0, 0x0, 0x0,
    0x1, 0xff, 0xc0, 0x8, 0xff, 0xc0, 0x1f, 0xfc,
    0x6, 0xff, 0xd1, 0x1, 0xff, 0xc3, 0xff, 0xe1,
    0x0, 0x1f, 0xfe, 0xef, 0xf2, 0x0, 0x1, 0xff,
    0xff, 0xff, 0x50, 0x0, 0x1f, 0xff, 0xff, 0xfe,
    0x0, 0x1, 0xff, 0xf6, 0xef, 0xf8, 0x0, 0x1f,
    0xfc, 0x6, 0xff, 0xf1, 0x1, 0xff, 0xc0, 0xd,
    0xff, 0xa0, 0x1f, 0xfc, 0x0, 0x5f, 0xff, 0x40,

    /* U+006C "l" */
    0x1f, 0xfc, 0x1, 0xff, 0xc0, 0x1f, 0xfc, 0x1,
    0xff, 0xc0, 0x1f, 0xfc, 0x1, 0xff, 0xc0, 0x1f,
    0xfc, 0x1, 0xff, 0xc0, 0x1f, 0xfc, 0x1, 0xff,
    0xc0, 0x1f, 0xff, 0xb0, 0xef, 0xfd, 0x4, 0xdf,
    0xd0,

    /* U+006D "m" */
    0x2f, 0xfc, 0x6d, 0xfc, 0x25, 0xdf, 0xd4, 0x2,
    0xff, 0xff, 0xff, 0xfe, 0xff, 0xff, 0xf1, 0x2f,
    0xff, 0xcb, 0xff, 0xfe, 0x9e, 0xff, 0x62, 0xff,
    0xe0, 0xd, 0xff, 0x40, 0x6f, 0xf8, 0x2f, 0xfc,
    0x0, 0xbf, 0xf2, 0x5, 0xff, 0x92, 0xff, 0xc0,
    0xb, 0xff, 0x20, 0x5f, 0xf9, 0x2f, 0xfc, 0x0,
    0xbf, 0xf2, 0x5, 0xff, 0x92, 0xff, 0xc0, 0xb,
    0xff, 0x20, 0x5f, 0xf9, 0x2f, 0xfc, 0x0, 0xbf,
    0xf2, 0x5, 0xff, 0x92, 0xff, 0xc0, 0xb, 0xff,
    0x20, 0x5f, 0xf9,

    /* U+006E "n" */
    0x2f, 0xfc, 0x5d, 0xfc, 0x30, 0x2f, 0xff, 0xff,
    0xff, 0xe0, 0x2f, 0xff, 0xda, 0xff, 0xf5, 0x2f,
    0xfe, 0x0, 0x8f, 0xf7, 0x2f, 0xfc, 0x0, 0x6f,
    0xf7, 0x2f, 0xfc, 0x0, 0x6f, 0xf7, 0x2f, 0xfc,
    0x0, 0x6f, 0xf7, 0x2f, 0xfc, 0x0, 0x6f, 0xf7,
    0x2f, 0xfc, 0x0, 0x6f, 0xf7, 0x2f, 0xfc, 0x0,
    0x6f, 0xf7,

    /* U+006F "o" */
    0x0, 0x3b, 0xef, 0xd7, 0x0, 0x5, 0xff, 0xff,
    0xff, 0xb0, 0xe, 0xff, 0xfe, 0xff, 0xf6, 0x4f,
    0xfd, 0x10, 0x8f, 0xfb, 0x7f, 0xf8, 0x0, 0x1f,
    0xfd, 0x6f, 0xf8, 0x0, 0x1f, 0xfd, 0x4f, 0xfd,
    0x10, 0x8f, 0xfb, 0xe, 0xff, 0xfe, 0xff, 0xf6,
    0x5, 0xff, 0xff, 0xff, 0xb0, 0x0, 0x3b, 0xef,
    0xd7, 0x0,

    /* U+0070 "p" */
    0x2f, 0xfc, 0x5d, 0xfc, 0x40, 0x2, 0xff, 0xff,
    0xff, 0xff, 0x30, 0x2f, 0xff, 0xd9, 0xef, 0xfb,
    0x2, 0xff, 0xf1, 0x2, 0xff, 0xf0, 0x2f, 0xfb,
    0x0, 0xd, 0xff, 0x12, 0xff, 0xc0, 0x0, 0xef,
    0xf1, 0x2f, 0xff, 0x20, 0x4f, 0xff, 0x2, 0xff,
    0xff, 0xdf, 0xff, 0xa0, 0x2f, 0xfe, 0xff, 0xff,
    0xf3, 0x2, 0xff, 0xc5, 0xdf, 0xc3, 0x0, 0x2f,
    0xfc, 0x0, 0x0, 0x0, 0x2, 0xff, 0xc0, 0x0,
    0x0, 0x0, 0x2f, 0xfc, 0x0, 0x0, 0x0, 0x2,
    0xff, 0xc0, 0x0, 0x0, 0x0,

    /* U+0071 "q" */
    0x0, 0x7d, 0xfb, 0x3f, 0xfc, 0x8, 0xff, 0xff,
    0xef, 0xfc, 0x1f, 0xff, 0xfd, 0xff, 0xfc, 0x5f,
    0xfd, 0x10, 0x8f, 0xfc, 0x7f, 0xf8, 0x0, 0x1f,
    0xfc, 0x7f, 0xf8, 0x0, 0x1f, 0xfc, 0x4f, 0xfd,
    0x10, 0x8f, 0xfc, 0xf, 0xff, 0xfd, 0xff, 0xfc,
    0x7, 0xff, 0xff, 0xef, 0xfc, 0x0, 0x6d, 0xfc,
    0x3f, 0xfc, 0x0, 0x0, 0x0, 0x1f, 0xfc, 0x0,
    0x0, 0x0, 0x1f, 0xfc, 0x0, 0x0, 0x0, 0x1f,
    0xfc, 0x0, 0x0, 0x0, 0x1f, 0xfc,

    /* U+0072 "r" */
    0x2f, 0xfc, 0x1a, 0xe7, 0x2f, 0xfd, 0xdf, 0xf7,
    0x2f, 0xff, 0xfe, 0xb5, 0x2f, 0xff, 0x70, 0x0,
    0x2f, 0xfe, 0x0, 0x0, 0x2f, 0xfc, 0x0, 0x0,
    0x2f, 0xfc, 0x0, 0x0, 0x2f, 0xfc, 0x0, 0x0,
    0x2f, 0xfc, 0x0, 0x0, 0x2f, 0xfc, 0x0, 0x0,

    /* U+0073 "s" */
    0x1, 0x9e, 0xfd, 0x80, 0x0, 0xef, 0xff, 0xff,
    0xc0, 0x5f, 0xfd, 0x7c, 0xfa, 0x14, 0xff, 0xc2,
    0x4, 0x0, 0xc, 0xff, 0xfe, 0x91, 0x0, 0x6,
    0xcf, 0xff, 0xe1, 0x3, 0x70, 0x1a, 0xff, 0x76,
    0xff, 0xb7, 0xcf, 0xf8, 0x2f, 0xff, 0xff, 0xfe,
    0x10, 0x29, 0xef, 0xea, 0x20,

    /* U+0074 "t" */
    0x2, 0x88, 0x40, 0x0, 0x5f, 0xf8, 0x0, 0x5,
    0xff, 0x80, 0x9, 0xcf, 0xfd, 0xaa, 0xdf, 0xff,
    0xff, 0xfd, 0xff, 0xff, 0xff, 0x5, 0xff, 0x80,
    0x0, 0x5f, 0xf8, 0x0, 0x5, 0xff, 0x80, 0x0,
    0x5f, 0xfb, 0x0, 0x3, 0xff, 0xff, 0xc0, 0xd,
    0xff, 0xfc, 0x0, 0x2b, 0xef, 0xa0,

    /* U+0075 "u" */
    0x2f, 0xfc, 0x0, 0x6f, 0xf7, 0x2f, 0xfc, 0x0,
    0x6f, 0xf7, 0x2f, 0xfc, 0x0, 0x6f, 0xf7, 0x2f,
    0xfc, 0x0, 0x6f, 0xf7, 0x2f, 0xfc, 0x0, 0x6f,
    0xf7, 0x2f, 0xfc, 0x0, 0x6f, 0xf7, 0x1f, 0xfd,
    0x0, 0x9f, 0xf7, 0xf, 0xff, 0xba, 0xff, 0xf7,
    0xa, 0xff, 0xff, 0xff, 0xf7, 0x1, 0xae, 0xf9,
    0x7f, 0xf7,

    /* U+0076 "v" */
    0x2f, 0xff, 0x0, 0x4, 0xff, 0xd0, 0xc, 0xff,
    0x40, 0x8, 0xff, 0x70, 0x6, 0xff, 0x90, 0xd,
    0xff, 0x10, 0x0, 0xff, 0xe0, 0x2f, 0xfb, 0x0,
    0x0, 0xaf, 0xf3, 0x7f, 0xf5, 0x0, 0x0, 0x4f,
    0xf8, 0xcf, 0xf0, 0x0, 0x0, 0xe, 0xfd, 0xff,
    0x90, 0x0, 0x0, 0x9, 0xff, 0xff, 0x30, 0x0,
    0x0, 0x3, 0xff, 0xfd, 0x0, 0x0, 0x0, 0x0,
    0xdf, 0xf7, 0x0, 0x0,

    /* U+0077 "w" */
    0x1f, 0xff, 0x0, 0x4f, 0xfe, 0x0, 0x4f, 0xfb,
    0xc, 0xff, 0x20, 0x7f, 0xff, 0x20, 0x8f, 0xf7,
    0x7, 0xff, 0x60, 0xbf, 0xff, 0x50, 0xbf, 0xf2,
    0x3, 0xff, 0xa0, 0xef, 0xff, 0x90, 0xff, 0xd0,
    0x0, 0xef, 0xd2, 0xff, 0x8f, 0xd3, 0xff, 0x80,
    0x0, 0x9f, 0xf7, 0xfd, 0x2f, 0xf7, 0xff, 0x30,
    0x0, 0x4f, 0xfe, 0xf9, 0xe, 0xfe, 0xfe, 0x0,
    0x0, 0xf, 0xff, 0xf5, 0xa, 0xff, 0xfa, 0x0,
    0x0, 0xb, 0xff, 0xf1, 0x6, 0xff, 0xf5, 0x0,
    0x0, 0x6, 0xff, 0xd0, 0x2, 0xff, 0xf1, 0x0,

    /* U+0078 "x" */
    0xa, 0xff, 0xa0, 0xd, 0xff, 0x70, 0x1, 0xef,
    0xf3, 0x6f, 0xfc, 0x0, 0x0, 0x4f, 0xfd, 0xef,
    0xf2, 0x0, 0x0, 0x9, 0xff, 0xff, 0x60, 0x0,
    0x0, 0x0, 0xef, 0xfb, 0x0, 0x0, 0x0, 0x2,
    0xff, 0xfd, 0x0, 0x0, 0x0, 0xc, 0xff, 0xff,
    0x90, 0x0, 0x0, 0x8f, 0xfb, 0xef, 0xf4, 0x0,
    0x4, 0xff, 0xf1, 0x5f, 0xfe, 0x10, 0x1e, 0xff,
    0x70, 0xb, 0xff, 0xb0,

    /* U+0079 "y" */
    0x2f, 0xff, 0x0, 0x1, 0xff, 0xf1, 0xc, 0xff,
    0x50, 0x5, 0xff, 0xb0, 0x5, 0xff, 0xa0, 0xa,
    0xff, 0x50, 0x0, 0xff, 0xf0, 0xe, 0xff, 0x0,
    0x0, 0x9f, 0xf5, 0x3f, 0xfa, 0x0, 0x0, 0x3f,
    0xfa, 0x8f, 0xf4, 0x0, 0x0, 0xd, 0xff, 0xdf,
    0xe0, 0x0, 0x0, 0x7, 0xff, 0xff, 0x80, 0x0,
    0x0, 0x1, 0xff, 0xff, 0x20, 0x0, 0x0, 0x0,
    0xbf, 0xfc, 0x0, 0x0, 0x0, 0x0, 0x9f, 0xf6,
    0x0, 0x0, 0x0, 0x0, 0xef, 0xf1, 0x0, 0x0,
    0x0, 0x5, 0xff, 0xb0, 0x0, 0x0, 0x0, 0xb,
    0xff, 0x50, 0x0, 0x0,

    /* U+007A "z" */
    0x8f, 0xff, 0xff, 0xff, 0x18, 0xff, 0xff, 0xff,
    0xf1, 0x6d, 0xdd, 0xff, 0xfc, 0x0, 0x0, 0x4f,
    0xfe, 0x10, 0x0, 0x1e, 0xff, 0x40, 0x0, 0xc,
    0xff, 0x70, 0x0, 0x8, 0xff, 0xb0, 0x0, 0x5,
    0xff, 0xfd, 0xdd, 0xd3, 0x9f, 0xff, 0xff, 0xff,
    0x49, 0xff, 0xff, 0xff, 0xf4,

    /* U+007B "{" */
    0x0, 0x5, 0xce, 0x70, 0x5, 0xff, 0xf7, 0x0,
    0xbf, 0xfb, 0x40, 0xd, 0xfd, 0x0, 0x0, 0xef,
    0xc0, 0x0, 0x3f, 0xfb, 0x0, 0xdf, 0xff, 0x50,
    0xd, 0xff, 0xc0, 0x0, 0x8e, 0xff, 0x80, 0x0,
    0xf, 0xfc, 0x0, 0x0, 0xef, 0xc0, 0x0, 0xd,
    0xfe, 0x0, 0x0, 0xbf, 0xfb, 0x40, 0x4, 0xff,
    0xf7, 0x0, 0x4, 0xbe, 0x70,

    /* U+007C "|" */
    0x0, 0x0, 0x2f, 0xf8, 0x2f, 0xf8, 0x2f, 0xf8,
    0x2f, 0xf8, 0x2f, 0xf8, 0x2f, 0xf8, 0x2f, 0xf8,
    0x2f, 0xf8, 0x2f, 0xf8, 0x2f, 0xf8, 0x2f, 0xf8,
    0x2f, 0xf8, 0x2f, 0xf8, 0x2f, 0xf8, 0x2f, 0xf8,

    /* U+007D "}" */
    0xce, 0xa2, 0x0, 0xd, 0xff, 0xe1, 0x0, 0x7d,
    0xff, 0x60, 0x0, 0x3f, 0xf8, 0x0, 0x1, 0xff,
    0x90, 0x0, 0x1f, 0xfc, 0x10, 0x0, 0xbf, 0xff,
    0x70, 0x2, 0xff, 0xf7, 0x0, 0xdf, 0xfc, 0x50,
    0x1f, 0xfa, 0x0, 0x1, 0xff, 0x90, 0x0, 0x3f,
    0xf8, 0x0, 0x7d, 0xff, 0x60, 0xd, 0xff, 0xe0,
    0x0, 0xce, 0xa2, 0x0, 0x0,

    /* U+007E "~" */
    0x0, 0x0, 0x0, 0x0, 0x10, 0x0, 0x2b, 0xfc,
    0x50, 0x5f, 0x91, 0x1e, 0xff, 0xff, 0xff, 0xff,
    0x29, 0xff, 0xff, 0xff, 0xff, 0x90, 0x19, 0xc0,
    0x4b, 0xfe, 0x80, 0x0, 0x0, 0x0, 0x0, 0x0,
    0x0,

    /* U+007F "" */

    /* U+00B7 "·" */
    0x35, 0x53, 0x9f, 0xf9, 0x9f, 0xf9, 0x9f, 0xf9,

    /* U+2103 "℃" */
    0x0, 0x79, 0x70, 0x0, 0x0, 0x5, 0x89, 0x83,
    0x0, 0x0, 0xcf, 0xff, 0xc0, 0x0, 0x4e, 0xff,
    0xff, 0xfb, 0x10, 0x4f, 0x80, 0x8f, 0x40, 0x4f,
    0xff, 0xff, 0xff, 0xfc, 0x5, 0xf4, 0x4, 0xf6,
    0xe, 0xff, 0xc4, 0x26, 0xff, 0xc1, 0x1f, 0xd7,
    0xdf, 0x25, 0xff, 0xe0, 0x0, 0x4, 0x70, 0x0,
    0x5e, 0xfe, 0x50, 0x9f, 0xf7, 0x0, 0x0, 0x0,
    0x0, 0x0, 0x1, 0x0, 0xb, 0xff, 0x50, 0x0,
    0x0, 0x0, 0x0, 0x0, 0x0, 0x0, 0xbf, 0xf5,
    0x0, 0x0, 0x0, 0x0, 0x0, 0x0, 0x0, 0x9,
    0xff, 0x80, 0x0, 0x0, 0x0, 0x0, 0x0, 0x0,
    0x0, 0x5f, 0xfe, 0x0, 0x0, 0x48, 0x0, 0x0,
    0x0, 0x0, 0x0, 0xef, 0xfc, 0x42, 0x6f, 0xfc,
    0x10, 0x0, 0x0, 0x0, 0x4, 0xff, 0xff, 0xff,
    0xff, 0xc0, 0x0, 0x0, 0x0, 0x0, 0x4, 0xef,
    0xff, 0xff, 0xb0, 0x0, 0x0, 0x0, 0x0, 0x0,
    0x0, 0x58, 0x98, 0x30, 0x0,

    /* U+3002 "。" */
    0x0, 0x0, 0x0, 0xa, 0xff, 0x90, 0x8e, 0x55,
    0xe8, 0xb8, 0x0, 0x8b, 0x8e, 0x55, 0xe8, 0x9,
    0xff, 0x90,

    /* U+4E0A "上" */
    0x0, 0x0, 0x0, 0xff, 0xd0, 0x0, 0x0, 0x0,
    0x0, 0x0, 0x0, 0xff, 0xd0, 0x0, 0x0, 0x0,
    0x0, 0x0, 0x0, 0xff, 0xd0, 0x0, 0x0, 0x0,
    0x0, 0x0, 0x0, 0xff, 0xd0, 0x0, 0x0, 0x0,
    0x0, 0x0, 0x0, 0xff, 0xe6, 0x66, 0x66, 0x10,
    0x0, 0x0, 0x0, 0xff, 0xff, 0xff, 0xff, 0x30,
    0x0, 0x0, 0x0, 0xff, 0xff, 0xff, 0xff, 0x30,
    0x0, 0x0, 0x0, 0xff, 0xd0, 0x0, 0x0, 0x0,
    0x0, 0x0, 0x0, 0xff, 0xd0, 0x0, 0x0, 0x0,
    0x0, 0x0, 0x0, 0xff, 0xd0, 0x0, 0x0, 0x0,
    0x0, 0x0, 0x0, 0xff, 0xd0, 0x0, 0x0, 0x0,
    0x0, 0x0, 0x0, 0xff, 0xd0, 0x0, 0x0, 0x0,
    0x1f, 0xff, 0xff, 0xff, 0xff, 0xff, 0xff, 0xf0,
    0x1f, 0xff, 0xff, 0xff, 0xff, 0xff, 0xff, 0xf0,
    0x19, 0x99, 0x99, 0x99, 0x99, 0x99, 0x99, 0x90,

    /* U+4E0E "与" */
    0x0, 0x2f, 0xf6, 0x0, 0x0, 0x0, 0x0, 0x0,
    0x4, 0xff, 0xff, 0xff, 0xff, 0xff, 0xfa, 0x0,
    0x5f, 0xff, 0xff, 0xff, 0xff, 0xff, 0xa0, 0x6,
    0xff, 0x54, 0x44, 0x44, 0x44, 0x42, 0x0, 0x7f,
    0xf6, 0x55, 0x55, 0x55, 0x55, 0x20, 0x9, 0xff,
    0xff, 0xff, 0xff, 0xff, 0xf6, 0x0, 0xaf, 0xff,
    0xff, 0xff, 0xff, 0xff, 0x50, 0x0, 0x0, 0x0,
    0x0, 0x0, 0x4f, 0xf4, 0x3f, 0xff, 0xff, 0xff,
    0xff, 0xf5, 0xff, 0x33, 0xff, 0xff, 0xff, 0xff,
    0xff, 0x6f, 0xf2, 0x15, 0x55, 0x55, 0x55, 0x55,
    0x58, 0xff, 0x10, 0x0, 0x0, 0x0, 0x48, 0x88,
    0xef, 0xf0, 0x0, 0x0, 0x0, 0x6, 0xff, 0xff,
    0xfc, 0x0, 0x0, 0x0, 0x0, 0x3f, 0xff, 0xfc,
    0x20,

    /* U+4E22 "丢" */
    0x0, 0x0, 0x0, 0x0, 0x0, 0x0, 0x11, 0x0,
    0x0, 0x55, 0x67, 0x89, 0xbc, 0xef, 0xfc, 0x0,
    0x1, 0xff, 0xff, 0xff, 0xff, 0xff, 0xff, 0x0,
    0x0, 0xee, 0xdc, 0xcf, 0xf9, 0x54, 0x21, 0x0,
    0x0, 0x33, 0x33, 0x6f, 0xf6, 0x33, 0x33, 0x0,
    0x1, 0xff, 0xff, 0xff, 0xff, 0xff, 0xff, 0x20,
    0x1, 0xff, 0xff, 0xff, 0xff, 0xff, 0xff, 0x10,
    0x0, 0x0, 0x0, 0x3f, 0xf4, 0x0, 0x0, 0x0,
    0x3f, 0xff, 0xff, 0xff, 0xff, 0xff, 0xff, 0xf3,
    0x3f, 0xff, 0xff, 0xff, 0xff, 0xff, 0xff, 0xf4,
    0x4, 0x45, 0xef, 0xf6, 0x45, 0xfc, 0x44, 0x41,
    0x0, 0xb, 0xff, 0x70, 0x9, 0xff, 0x70, 0x0,
    0x0, 0xcf, 0xfc, 0x56, 0x79, 0xff, 0xf5, 0x0,
    0x0, 0xef, 0xff, 0xff, 0xff, 0xff, 0xff, 0x40,
    0x0, 0xaf, 0xfe, 0xed, 0xcb, 0xa9, 0xef, 0x60,
    0x0, 0x0, 0x0, 0x0, 0x0, 0x0, 0x24, 0x0,

    /* U+4E2D "中" */
    0x0, 0x0, 0x1, 0xff, 0x80, 0x0, 0x0, 0x0,
    0x0, 0x1, 0xff, 0x80, 0x0, 0x0, 0x0, 0x0,
    0x1, 0xff, 0x80, 0x0, 0x0, 0x7f, 0xff, 0xff,
    0xff, 0xff, 0xff, 0xf7, 0x7f, 0xff, 0xff, 0xff,
    0xff, 0xff, 0xf7, 0x7f, 0xf5, 0x56, 0xff, 0xa5,
    0x5f, 0xf7, 0x7f, 0xe0, 0x1, 0xff, 0x80, 0xe,
    0xf7, 0x7f, 0xe0, 0x1, 0xff, 0x80, 0xe, 0xf7,
    0x7f, 0xf6, 0x66, 0xff, 0xb6, 0x6f, 0xf7, 0x7f,
    0xff, 0xff, 0xff, 0xff, 0xff, 0xf7, 0x7f, 0xff,
    0xff, 0xff, 0xff, 0xff, 0xf7, 0x0, 0x0, 0x1,
    0xff, 0x80, 0x0, 0x0, 0x0, 0x0, 0x1, 0xff,
    0x80, 0x0, 0x0, 0x0, 0x0, 0x1, 0xff, 0x80,
    0x0, 0x0, 0x0, 0x0, 0x1, 0xff, 0x80, 0x0,
    0x0,

    /* U+4E3B "主" */
    0x0, 0x0, 0x4, 0xad, 0x0, 0x0, 0x0, 0x0,
    0x0, 0x6, 0xff, 0x40, 0x0, 0x0, 0x2, 0x22,
    0x24, 0xfd, 0x62, 0x22, 0x21, 0x6f, 0xff, 0xff,
    0xff, 0xff, 0xff, 0xf8, 0x6f, 0xff, 0xff, 0xff,
    0xff, 0xff, 0xf8, 0x13, 0x33, 0x37, 0xff, 0x73,
    0x33, 0x31, 0x0, 0x0, 0x4, 0xff, 0x40, 0x0,
    0x0, 0x4, 0x66, 0x69, 0xff, 0x96, 0x66, 0x40,
    0xc, 0xff, 0xff, 0xff, 0xff, 0xff, 0xc0, 0xb,
    0xff, 0xff, 0xff, 0xff, 0xff, 0xb0, 0x0, 0x0,
    0x4, 0xff, 0x40, 0x0, 0x0, 0x0, 0x0, 0x4,
    0xff, 0x40, 0x0, 0x0, 0xef, 0xff, 0xff, 0xff,
    0xff, 0xff, 0xfe, 0xff, 0xff, 0xff, 0xff, 0xff,
    0xff, 0xff, 0x55, 0x55, 0x55, 0x55, 0x55, 0x55,
    0x55,

    /* U+4E8B "事" */
    0x0, 0x0, 0x0, 0x2f, 0xf2, 0x0, 0x0, 0x0,
    0x1d, 0xdd, 0xdd, 0xdf, 0xfd, 0xdd, 0xdd, 0xd0,
    0x1f, 0xff, 0xff, 0xff, 0xff, 0xff, 0xff, 0xf1,
    0x0, 0x57, 0x77, 0x8f, 0xf8, 0x77, 0x75, 0x0,
    0x0, 0xdf, 0xff, 0xff, 0xff, 0xff, 0xfd, 0x0,
    0x0, 0xdf, 0xb9, 0x9f, 0xfa, 0x9b, 0xfd, 0x0,
    0x0, 0x89, 0x99, 0xaf, 0xfa, 0x99, 0x98, 0x0,
    0x2, 0xff, 0xff, 0xff, 0xff, 0xff, 0xff, 0x30,
    0x1, 0x88, 0x88, 0x9f, 0xf9, 0x88, 0xff, 0x30,
    0x3e, 0xee, 0xee, 0xef, 0xfe, 0xee, 0xff, 0xe2,
    0x28, 0x88, 0x88, 0x9f, 0xf9, 0x88, 0xff, 0xa1,
    0x4, 0xff, 0xff, 0xff, 0xff, 0xff, 0xff, 0x30,
    0x2, 0x77, 0x77, 0x9f, 0xf9, 0x77, 0x77, 0x10,
    0x0, 0x0, 0x9f, 0xff, 0xf0, 0x0, 0x0, 0x0,
    0x0, 0x0, 0x6f, 0xfe, 0x70, 0x0, 0x0, 0x0,

    /* U+4E8E "于" */
    0xd, 0xff, 0xff, 0xff, 0xff, 0xff, 0xd0, 0xd,
    0xff, 0xff, 0xff, 0xff, 0xff, 0xd0, 0x4, 0x44,
    0x44, 0xff, 0xb4, 0x44, 0x30, 0x0, 0x0, 0x0,
    0xff, 0x90, 0x0, 0x0, 0x0, 0x0, 0x0, 0xff,
    0x90, 0x0, 0x0, 0xdd, 0xdd, 0xdd, 0xff, 0xfd,
    0xdd, 0xdc, 0xff, 0xff, 0xff, 0xff, 0xff, 0xff,
    0xff, 0x66, 0x66, 0x66, 0xff, 0xb6, 0x66, 0x66,
    0x0, 0x0, 0x0, 0xff, 0x90, 0x0, 0x0, 0x0,
    0x0, 0x0, 0xff, 0x90, 0x0, 0x0, 0x0, 0x0,
    0x0, 0xff, 0x90, 0x0, 0x0, 0x0, 0x28, 0x89,
    0xff, 0x90, 0x0, 0x0, 0x0, 0x2f, 0xff, 0xff,
    0x70, 0x0, 0x0, 0x0, 0xf, 0xff, 0xfb, 0x10,
    0x0, 0x0,

    /* U+4EAE "亮" */
    0x0, 0x0, 0x0, 0x4c, 0xe5, 0x0, 0x0, 0x0,
    0xc, 0xcc, 0xcc, 0xdf, 0xfe, 0xcc, 0xcc, 0xc0,
    0xf, 0xff, 0xff, 0xff, 0xff, 0xff, 0xff, 0xf0,
    0x0, 0x25, 0x55, 0x55, 0x55, 0x55, 0x52, 0x0,
    0x0, 0x4f, 0xff, 0xff, 0xff, 0xff, 0xf4, 0x0,
    0x0, 0x4f, 0xf6, 0x66, 0x66, 0x6f, 0xf4, 0x0,
    0x0, 0x4f, 0xff, 0xff, 0xff, 0xff, 0xf4, 0x0,
    0x0, 0x28, 0x88, 0x88, 0x88, 0x88, 0x82, 0x0,
    0xf, 0xff, 0xff, 0xff, 0xff, 0xff, 0xff, 0xf0,
    0xf, 0xfb, 0xaa, 0xaa, 0xaa, 0xaa, 0xbf, 0xf0,
    0xc, 0xd4, 0xad, 0xdd, 0xdd, 0xd5, 0x4d, 0xd0,
    0x0, 0x0, 0xdf, 0xff, 0xff, 0xf7, 0xb, 0x80,
    0x0, 0x7, 0xff, 0x60, 0xd, 0xf7, 0x1f, 0xf1,
    0x1b, 0xff, 0xfd, 0x10, 0xc, 0xff, 0xff, 0xf0,
    0xb, 0xff, 0x91, 0x0, 0x6, 0xef, 0xff, 0x80,
    0x3, 0x51, 0x0, 0x0, 0x0, 0x0, 0x0, 0x0,

    /* U+4EBA "人" */
    0x0, 0x0, 0x0, 0x9f, 0xf1, 0x0, 0x0, 0x0,
    0x0, 0x0, 0x0, 0x9f, 0xf1, 0x0, 0x0, 0x0,
    0x0, 0x0, 0x0, 0x9f, 0xf1, 0x0, 0x0, 0x0,
    0x0, 0x0, 0x0, 0xaf, 0xf0, 0x0, 0x0, 0x0,
    0x0, 0x0, 0x0, 0xcf, 0xf2, 0x0, 0x0, 0x0,
    0x0, 0x0, 0x0, 0xff, 0xf6, 0x0, 0x0, 0x0,
    0x0, 0x0, 0x3, 0xff, 0xfc, 0x0, 0x0, 0x0,
    0x0, 0x0, 0x9, 0xff, 0xff, 0x30, 0x0, 0x0,
    0x0, 0x0, 0x2f, 0xfd, 0xdf, 0xd0, 0x0, 0x0,
    0x0, 0x0, 0xcf, 0xf4, 0x5f, 0xf9, 0x0, 0x0,
    0x0, 0xb, 0xff, 0xa0, 0xb, 0xff, 0x90, 0x0,
    0x3, 0xdf, 0xfd, 0x10, 0x1, 0xef, 0xfb, 0x10,
    0x2f, 0xff, 0xe2, 0x0, 0x0, 0x3f, 0xff, 0xc0,
    0xa, 0xfe, 0x20, 0x0, 0x0, 0x3, 0xef, 0x30,
    0x1, 0xb1, 0x0, 0x0, 0x0, 0x0, 0x27, 0x0,

    /* U+4EF6 "件" */
    0x0, 0x8, 0x40, 0x0, 0xe, 0xf9, 0x0, 0x0,
    0x0, 0x3f, 0xf5, 0xc9, 0x2e, 0xf9, 0x0, 0x0,
    0x0, 0x8f, 0xf4, 0xff, 0x4e, 0xf9, 0x0, 0x0,
    0x0, 0xef, 0xc6, 0xff, 0x7f, 0xfb, 0x66, 0x30,
    0x6, 0xff, 0x7b, 0xff, 0xff, 0xff, 0xff, 0x80,
    0xd, 0xff, 0x7f, 0xfe, 0xdf, 0xff, 0xdd, 0x70,
    0x6f, 0xff, 0xcf, 0xf3, 0xe, 0xf9, 0x0, 0x0,
    0x8f, 0xff, 0x9a, 0xc0, 0xe, 0xf9, 0x0, 0x0,
    0x6f, 0xff, 0x64, 0x44, 0x4f, 0xfb, 0x44, 0x40,
    0x47, 0xef, 0x7f, 0xff, 0xff, 0xff, 0xff, 0xf0,
    0x0, 0xef, 0x7f, 0xff, 0xff, 0xff, 0xff, 0xf0,
    0x0, 0xef, 0x60, 0x0, 0xe, 0xf9, 0x0, 0x0,
    0x0, 0xef, 0x60, 0x0, 0xe, 0xf9, 0x0, 0x0,
    0x0, 0xef, 0x60, 0x0, 0xe, 0xf9, 0x0, 0x0,
    0x0, 0xcd, 0x50, 0x0, 0xe, 0xf9, 0x0, 0x0,

    /* U+4EFB "任" */
    0x0, 0x1, 0x40, 0x0, 0x0, 0x0, 0x2, 0x20,
    0x0, 0x6, 0xff, 0x46, 0x79, 0xac, 0xff, 0xa0,
    0x0, 0xc, 0xfa, 0xdf, 0xff, 0xff, 0xff, 0xe0,
    0x0, 0x4f, 0xf4, 0xbf, 0xef, 0xfe, 0x64, 0x10,
    0x0, 0xcf, 0xf0, 0x0, 0xc, 0xfc, 0x0, 0x0,
    0x4, 0xff, 0xe0, 0x0, 0xc, 0xfc, 0x0, 0x0,
    0xe, 0xff, 0xe2, 0x66, 0x6d, 0xfd, 0x66, 0x61,
    0x4f, 0xff, 0xe6, 0xff, 0xff, 0xff, 0xff, 0xf4,
    0xf, 0xdf, 0xe6, 0xff, 0xff, 0xff, 0xff, 0xf4,
    0x7, 0x6f, 0xe0, 0x0, 0xc, 0xfc, 0x0, 0x0,
    0x0, 0x6f, 0xe0, 0x0, 0xc, 0xfc, 0x0, 0x0,
    0x0, 0x6f, 0xe0, 0x0, 0xc, 0xfc, 0x0, 0x0,
    0x0, 0x6f, 0xe0, 0xff, 0xff, 0xff, 0xff, 0xd0,
    0x0, 0x6f, 0xe0, 0xff, 0xff, 0xff, 0xff, 0xd0,
    0x0, 0x6f, 0xe0, 0x66, 0x66, 0x66, 0x66, 0x50,

    /* U+4F18 "优" */
    0x0, 0x1, 0x0, 0x0, 0x0, 0x0, 0x0, 0x0,
    0x0, 0xce, 0x50, 0xef, 0x60, 0xc5, 0x0, 0x0,
    0x1f, 0xf4, 0xe, 0xf6, 0x8f, 0xf5, 0x0, 0x7,
    0xff, 0x0, 0xef, 0x61, 0xdf, 0xe0, 0x0, 0xef,
    0xb2, 0x2f, 0xf7, 0x23, 0xe5, 0x10, 0x5f, 0xf7,
    0xff, 0xff, 0xff, 0xff, 0xf9, 0xd, 0xff, 0x7f,
    0xff, 0xff, 0xff, 0xff, 0x98, 0xff, 0xf5, 0x24,
    0xff, 0x63, 0x32, 0x21, 0x9f, 0xff, 0x50, 0x4f,
    0xfe, 0xfa, 0x0, 0x4, 0xef, 0xf5, 0x7, 0xff,
    0xcf, 0xa0, 0x0, 0x4, 0xef, 0x50, 0xbf, 0xbc,
    0xfa, 0x1, 0x0, 0xe, 0xf5, 0x1f, 0xf6, 0xcf,
    0xa0, 0xfc, 0x0, 0xef, 0x57, 0xff, 0x1c, 0xfa,
    0xf, 0xe0, 0xe, 0xf7, 0xff, 0x70, 0xcf, 0xb5,
    0xfe, 0x0, 0xef, 0xff, 0xd0, 0xb, 0xff, 0xff,
    0xc0, 0xe, 0xf8, 0xc2, 0x0, 0x3d, 0xff, 0xe5,

    /* U+4F20 "传" */
    0x0, 0x9, 0xb5, 0x0, 0x8f, 0xe0, 0x0, 0x0,
    0x0, 0xf, 0xf6, 0x0, 0xaf, 0xb0, 0x0, 0x0,
    0x0, 0x6f, 0xf5, 0xff, 0xff, 0xff, 0xff, 0xb0,
    0x0, 0xdf, 0xb4, 0xff, 0xff, 0xff, 0xff, 0xc0,
    0x6, 0xff, 0x60, 0x16, 0xff, 0x11, 0x11, 0x10,
    0xe, 0xff, 0x8d, 0xde, 0xff, 0xdd, 0xdd, 0xd3,
    0x7f, 0xff, 0x8f, 0xff, 0xff, 0xff, 0xff, 0xf3,
    0x7f, 0xff, 0x63, 0x8f, 0xf4, 0x33, 0x33, 0x30,
    0x3e, 0xef, 0x50, 0xaf, 0xff, 0xff, 0xff, 0x50,
    0x4, 0xdf, 0x50, 0xaf, 0xff, 0xff, 0xff, 0x60,
    0x0, 0xdf, 0x50, 0x45, 0x11, 0x1b, 0xfe, 0x10,
    0x0, 0xdf, 0x50, 0xcf, 0xe8, 0x9f, 0xf3, 0x0,
    0x0, 0xdf, 0x50, 0x8e, 0xff, 0xff, 0x90, 0x0,
    0x0, 0xdf, 0x50, 0x0, 0x5b, 0xff, 0xfd, 0x0,
    0x0, 0xdf, 0x50, 0x0, 0x0, 0x18, 0xe8, 0x0,
    0x0, 0x0, 0x0, 0x0, 0x0, 0x0, 0x0, 0x0,

    /* U+4F4D "位" */
    0x0, 0x8, 0x61, 0x0, 0x47, 0x60, 0x0, 0x0,
    0x2, 0xff, 0x60, 0xa, 0xff, 0x0, 0x0, 0x0,
    0x8f, 0xf5, 0x44, 0x9f, 0xf7, 0x44, 0x20, 0xe,
    0xfb, 0xef, 0xff, 0xff, 0xff, 0xfa, 0x5, 0xff,
    0x6e, 0xff, 0xff, 0xff, 0xff, 0xa0, 0xdf, 0xf5,
    0x5, 0x80, 0x0, 0x38, 0x30, 0x8f, 0xff, 0x54,
    0xff, 0x10, 0x8, 0xfe, 0x8, 0xff, 0xf5, 0xf,
    0xf5, 0x0, 0xcf, 0x90, 0x4e, 0xef, 0x50, 0xbf,
    0xa0, 0xf, 0xf5, 0x0, 0x4e, 0xf5, 0x6, 0xfe,
    0x5, 0xff, 0x0, 0x0, 0xef, 0x50, 0x2f, 0xf2,
    0x9f, 0xb0, 0x0, 0xe, 0xf5, 0x0, 0xed, 0x3e,
    0xf6, 0x0, 0x0, 0xef, 0x65, 0x56, 0x56, 0xff,
    0x65, 0x50, 0xe, 0xf7, 0xff, 0xff, 0xff, 0xff,
    0xff, 0x0, 0xef, 0x7d, 0xdd, 0xdd, 0xdd, 0xdd,
    0xd0,

    /* U+4F4E "低" */
    0x0, 0x8, 0x61, 0x0, 0x0, 0x1, 0x36, 0x0,
    0x0, 0x2f, 0xf9, 0x89, 0xac, 0xef, 0xff, 0x20,
    0x0, 0x7f, 0xee, 0xff, 0xff, 0xff, 0xff, 0x50,
    0x0, 0xdf, 0x9e, 0xfd, 0xbb, 0xfe, 0x20, 0x0,
    0x5, 0xff, 0x5e, 0xf5, 0x4, 0xff, 0x0, 0x0,
    0xc, 0xff, 0x4e, 0xf7, 0x36, 0xff, 0x33, 0x20,
    0x6f, 0xff, 0x4e, 0xff, 0xff, 0xff, 0xff, 0xb0,
    0x7f, 0xff, 0x4e, 0xff, 0xff, 0xff, 0xff, 0xb0,
    0x4e, 0xff, 0x4e, 0xf5, 0x0, 0xff, 0x40, 0x0,
    0x13, 0xef, 0x4e, 0xf5, 0x0, 0xdf, 0x60, 0x0,
    0x0, 0xef, 0x4e, 0xf5, 0x0, 0xaf, 0x94, 0x50,
    0x0, 0xef, 0x4e, 0xfc, 0x45, 0x8f, 0xda, 0xf2,
    0x0, 0xef, 0x5f, 0xff, 0xaf, 0xaf, 0xff, 0xf0,
    0x0, 0xef, 0x7f, 0xfd, 0x4d, 0xea, 0xff, 0xb0,
    0x0, 0xef, 0x4a, 0x60, 0x6, 0xb3, 0xce, 0x30,

    /* U+4F5C "作" */
    0x0, 0x1, 0x40, 0x1, 0x20, 0x0, 0x0, 0x0,
    0x0, 0x8, 0xff, 0xa, 0xfc, 0x0, 0x0, 0x0,
    0x0, 0xe, 0xfa, 0x1f, 0xfb, 0x66, 0x66, 0x63,
    0x0, 0x6f, 0xf4, 0x8f, 0xff, 0xff, 0xff, 0xf8,
    0x1, 0xef, 0xe2, 0xff, 0xff, 0xff, 0xff, 0xf7,
    0x9, 0xff, 0xeb, 0xff, 0x6f, 0xf0, 0x0, 0x0,
    0x4f, 0xff, 0xed, 0xf6, 0x4f, 0xff, 0xff, 0xb0,
    0x4f, 0xff, 0xe2, 0xa0, 0x4f, 0xff, 0xff, 0xb0,
    0xe, 0xcf, 0xe0, 0x0, 0x4f, 0xf6, 0x66, 0x40,
    0x4, 0x7f, 0xe0, 0x0, 0x4f, 0xf2, 0x11, 0x10,
    0x0, 0x7f, 0xe0, 0x0, 0x4f, 0xff, 0xff, 0xb0,
    0x0, 0x7f, 0xe0, 0x0, 0x4f, 0xff, 0xff, 0xb0,
    0x0, 0x7f, 0xe0, 0x0, 0x4f, 0xf3, 0x33, 0x20,
    0x0, 0x7f, 0xe0, 0x0, 0x4f, 0xf0, 0x0, 0x0,
    0x0, 0x7f, 0xe0, 0x0, 0x4f, 0xf0, 0x0, 0x0,

    /* U+4F7F "使" */
    0x0, 0x0, 0x0, 0x0, 0x0, 0x0, 0x0, 0x0,
    0x0, 0x2e, 0x91, 0x0, 0x3f, 0xf0, 0x0, 0x0,
    0x0, 0x7f, 0xf3, 0x22, 0x4f, 0xf2, 0x22, 0x20,
    0x0, 0xcf, 0xef, 0xff, 0xff, 0xff, 0xff, 0xf1,
    0x1, 0xff, 0x9f, 0xff, 0xff, 0xff, 0xff, 0xf1,
    0x6, 0xff, 0x41, 0x11, 0x4f, 0xf2, 0x11, 0x10,
    0xd, 0xff, 0x4e, 0xff, 0xff, 0xff, 0xff, 0xe0,
    0x4f, 0xff, 0x4e, 0xfd, 0xdf, 0xfd, 0xef, 0xe0,
    0x4f, 0xff, 0x4e, 0xf3, 0x3f, 0xf1, 0x4f, 0xe0,
    0x2f, 0xff, 0x4e, 0xff, 0xff, 0xff, 0xff, 0xe0,
    0x7, 0xef, 0x4d, 0xff, 0xff, 0xff, 0xff, 0xd0,
    0x0, 0xef, 0x44, 0xfd, 0x8f, 0xe0, 0x0, 0x0,
    0x0, 0xef, 0x41, 0xcf, 0xff, 0xb0, 0x0, 0x0,
    0x0, 0xef, 0x42, 0x9f, 0xff, 0xfe, 0xa8, 0x61,
    0x0, 0xef, 0x9f, 0xff, 0xeb, 0xff, 0xff, 0xf0,
    0x0, 0xef, 0x4d, 0xc6, 0x0, 0x15, 0x9d, 0xb0,
    0x0, 0x0, 0x0, 0x0, 0x0, 0x0, 0x0, 0x0,

    /* U+4FDD "保" */
    0x0, 0x0, 0x0, 0x0, 0x0, 0x0, 0x0, 0x0,
    0x0, 0x5f, 0xbe, 0xff, 0xff, 0xff, 0xff, 0x20,
    0x0, 0xaf, 0xbe, 0xff, 0xff, 0xff, 0xff, 0x20,
    0x0, 0xff, 0x7e, 0xf7, 0x22, 0x24, 0xff, 0x20,
    0x6, 0xff, 0x4e, 0xf8, 0x33, 0x35, 0xff, 0x20,
    0xd, 0xff, 0x3e, 0xff, 0xff, 0xff, 0xff, 0x20,
    0x5f, 0xff, 0x3d, 0xff, 0xff, 0xff, 0xff, 0x20,
    0xcf, 0xff, 0x42, 0x22, 0x7f, 0xe2, 0x22, 0x10,
    0x8f, 0xff, 0xbf, 0xff, 0xff, 0xff, 0xff, 0xe0,
    0x37, 0xef, 0xaf, 0xff, 0xff, 0xff, 0xff, 0xd0,
    0x0, 0xef, 0x30, 0x4f, 0xff, 0xff, 0x80, 0x0,
    0x0, 0xef, 0x36, 0xff, 0xdf, 0xff, 0xfa, 0x10,
    0x0, 0xef, 0xdf, 0xf8, 0x6f, 0xe3, 0xff, 0xe1,
    0x0, 0xef, 0xce, 0x50, 0x6f, 0xe0, 0x3e, 0x90,
    0x0, 0xce, 0x41, 0x0, 0x6f, 0xe0, 0x1, 0x0,

    /* U+4FE1 "信" */
    0x0, 0xa, 0x81, 0x0, 0x59, 0x80, 0x0, 0x0,
    0x3, 0xff, 0x87, 0x7b, 0xff, 0x77, 0x76, 0x0,
    0x9f, 0xff, 0xff, 0xff, 0xff, 0xff, 0xf0, 0xe,
    0xfa, 0xaa, 0xaa, 0xaa, 0xaa, 0xaa, 0x6, 0xff,
    0x4a, 0xcc, 0xcc, 0xcc, 0xcc, 0x20, 0xef, 0xf4,
    0xef, 0xff, 0xff, 0xff, 0xf3, 0x6f, 0xff, 0x46,
    0x66, 0x66, 0x66, 0x66, 0x16, 0xff, 0xf4, 0xef,
    0xff, 0xff, 0xff, 0xf3, 0x4d, 0xff, 0x46, 0x77,
    0x77, 0x77, 0x77, 0x12, 0x3e, 0xf4, 0xef, 0xff,
    0xff, 0xff, 0xf3, 0x0, 0xef, 0x4e, 0xff, 0xff,
    0xff, 0xff, 0x30, 0xe, 0xf4, 0xef, 0x61, 0x11,
    0x2f, 0xf3, 0x0, 0xef, 0x4e, 0xf8, 0x44, 0x45,
    0xff, 0x30, 0xe, 0xf4, 0xef, 0xff, 0xff, 0xff,
    0xf3, 0x0, 0xef, 0x4e, 0xfc, 0xbb, 0xbb, 0xff,
    0x30,

    /* U+503C "值" */
    0x0, 0x0, 0x0, 0x0, 0x0, 0x0, 0x0, 0x0,
    0x0, 0x2e, 0xa2, 0x0, 0x2f, 0xf0, 0x0, 0x0,
    0x0, 0x7f, 0xfd, 0xee, 0xef, 0xfe, 0xee, 0xe0,
    0x0, 0xcf, 0xcd, 0xff, 0xff, 0xff, 0xff, 0xf0,
    0x1, 0xff, 0x62, 0x55, 0x6f, 0xf5, 0x55, 0x20,
    0x7, 0xff, 0x35, 0xff, 0xff, 0xff, 0xff, 0x40,
    0xd, 0xff, 0x35, 0xff, 0xaa, 0xaa, 0xff, 0x40,
    0x5f, 0xff, 0x35, 0xff, 0x99, 0x99, 0xff, 0x40,
    0x4f, 0xff, 0x35, 0xff, 0xff, 0xff, 0xff, 0x40,
    0x1e, 0xff, 0x35, 0xff, 0x77, 0x77, 0xff, 0x40,
    0x4, 0xff, 0x35, 0xff, 0xff, 0xff, 0xff, 0x40,
    0x0, 0xff, 0x35, 0xff, 0x88, 0x88, 0xff, 0x40,
    0x0, 0xff, 0x35, 0xff, 0xff, 0xff, 0xff, 0x40,
    0x0, 0xff, 0x35, 0xfe, 0x0, 0x0, 0xef, 0x40,
    0x0, 0xff, 0x7e, 0xff, 0xee, 0xee, 0xff, 0xe1,
    0x0, 0xff, 0x8f, 0xff, 0xff, 0xff, 0xff, 0xf1,

    /* U+504F "偏" */
    0x0, 0x3b, 0x60, 0x0, 0x6c, 0xd3, 0x0, 0x0,
    0x7, 0xfd, 0xbb, 0xbc, 0xff, 0xdb, 0xb8, 0x0,
    0xbf, 0x9f, 0xff, 0xff, 0xff, 0xff, 0xc0, 0x1f,
    0xf4, 0xff, 0x33, 0x33, 0x37, 0xfc, 0x6, 0xff,
    0x1f, 0xff, 0xff, 0xff, 0xff, 0xc0, 0xdf, 0xf1,
    0xff, 0xff, 0xff, 0xff, 0xfc, 0x5f, 0xff, 0x1f,
    0xf2, 0x22, 0x22, 0x22, 0x25, 0xff, 0xf2, 0xff,
    0xff, 0xff, 0xff, 0xfe, 0x1f, 0xff, 0x3f, 0xff,
    0xef, 0xef, 0xef, 0xe0, 0x6f, 0xf5, 0xff, 0xf6,
    0xf6, 0xf6, 0xfe, 0x1, 0xff, 0x8f, 0xff, 0xef,
    0xef, 0xef, 0xe0, 0x1f, 0xfd, 0xfe, 0xff, 0xff,
    0xff, 0xfe, 0x1, 0xff, 0xfd, 0xbf, 0x6f, 0x6f,
    0x7f, 0xe0, 0x1f, 0xff, 0x7b, 0xf6, 0xf6, 0xff,
    0xfd, 0x1, 0xff, 0x81, 0xbf, 0x4b, 0x49, 0xcf,
    0x70,

    /* U+50CF "像" */
    0x0, 0x8, 0x50, 0x1d, 0xb5, 0x0, 0x0, 0x0,
    0x0, 0x2f, 0xf1, 0xbf, 0xff, 0xff, 0xf4, 0x0,
    0x0, 0x7f, 0xcb, 0xff, 0xcc, 0xdf, 0xf3, 0x0,
    0x0, 0xcf, 0xff, 0xfc, 0x88, 0xef, 0xd8, 0x50,
    0x3, 0xff, 0xef, 0xff, 0xff, 0xff, 0xff, 0xb0,
    0xb, 0xff, 0x7f, 0xf5, 0x4f, 0xf5, 0x8f, 0xb0,
    0x4f, 0xff, 0x3e, 0xff, 0xff, 0xff, 0xff, 0xb0,
    0x4f, 0xff, 0x38, 0xaf, 0xff, 0xa9, 0xaf, 0x70,
    0xf, 0xff, 0x7b, 0xff, 0xef, 0xa6, 0xef, 0x80,
    0x5, 0xef, 0x8e, 0x98, 0xef, 0xff, 0xfa, 0x0,
    0x0, 0xef, 0x46, 0xdf, 0xac, 0xfc, 0xfc, 0x0,
    0x0, 0xef, 0xaf, 0xc8, 0xdf, 0xfb, 0xbf, 0x40,
    0x0, 0xef, 0x48, 0xcf, 0xc7, 0xfb, 0x4f, 0xe1,
    0x0, 0xef, 0xdf, 0xeb, 0xdf, 0xf9, 0xb, 0xe0,
    0x0, 0xef, 0x67, 0x3, 0xff, 0xc2, 0x0, 0x30,
    0x0, 0x0, 0x0, 0x0, 0x0, 0x0, 0x0, 0x0,

    /* U+5154 "兔" */
    0x0, 0x0, 0x0, 0x0, 0x0, 0x0, 0x0, 0x0,
    0x0, 0x0, 0x5f, 0xb3, 0x0, 0x0, 0x0, 0x0,
    0x0, 0x2, 0xff, 0xfd, 0xdd, 0xdd, 0x80, 0x0,
    0x0, 0x1d, 0xff, 0xff, 0xff, 0xff, 0xa0, 0x0,
    0x2, 0xdf, 0xf5, 0x33, 0x4d, 0xff, 0x40, 0x0,
    0x2f, 0xff, 0xff, 0xff, 0xff, 0xff, 0xff, 0x20,
    0xe, 0xff, 0xff, 0xff, 0xff, 0xff, 0xff, 0x20,
    0x7, 0xff, 0x63, 0x6f, 0xf7, 0x34, 0xff, 0x20,
    0x0, 0xff, 0x52, 0x7f, 0xf5, 0x24, 0xff, 0x20,
    0x0, 0xff, 0xff, 0xff, 0xff, 0xff, 0xff, 0x20,
    0x0, 0xff, 0xff, 0xff, 0xff, 0xff, 0xff, 0x20,
    0x0, 0x0, 0xa, 0xff, 0xfe, 0x8f, 0x56, 0x30,
    0x0, 0x1, 0xbf, 0xfe, 0xfe, 0x4f, 0xae, 0xf4,
    0x0, 0x7e, 0xff, 0xd6, 0xff, 0x27, 0x3f, 0xf3,
    0x1f, 0xff, 0xfb, 0x4, 0xff, 0xff, 0xff, 0xf1,
    0x9, 0xfd, 0x40, 0x0, 0xbf, 0xff, 0xff, 0x90,
    0x0, 0x40, 0x0, 0x0, 0x0, 0x0, 0x0, 0x0,

    /* U+5165 "入" */
    0x0, 0x2, 0xff, 0xfe, 0x50, 0x0, 0x0, 0x0,
    0x0, 0x2, 0xff, 0xff, 0xf0, 0x0, 0x0, 0x0,
    0x0, 0x1, 0x99, 0xbf, 0xf2, 0x0, 0x0, 0x0,
    0x0, 0x0, 0x0, 0x4f, 0xf5, 0x0, 0x0, 0x0,
    0x0, 0x0, 0x0, 0x8f, 0xf8, 0x0, 0x0, 0x0,
    0x0, 0x0, 0x0, 0xef, 0xfd, 0x0, 0x0, 0x0,
    0x0, 0x0, 0x5, 0xff, 0xff, 0x30, 0x0, 0x0,
    0x0, 0x0, 0xd, 0xfe, 0xef, 0xb0, 0x0, 0x0,
    0x0, 0x0, 0x8f, 0xf6, 0x8f, 0xf5, 0x0, 0x0,
    0x0, 0x4, 0xff, 0xd0, 0x1f, 0xfe, 0x20, 0x0,
    0x0, 0x4f, 0xff, 0x30, 0x6, 0xff, 0xe2, 0x0,
    0x5, 0xff, 0xf6, 0x0, 0x0, 0xbf, 0xfe, 0x30,
    0x4f, 0xff, 0x80, 0x0, 0x0, 0xc, 0xff, 0xf3,
    0xb, 0xf8, 0x0, 0x0, 0x0, 0x1, 0xcf, 0x90,
    0x0, 0x60, 0x0, 0x0, 0x0, 0x0, 0x8, 0x0,

    /* U+5168 "全" */
    0x0, 0x0, 0x0, 0x3f, 0xf3, 0x0, 0x0, 0x0,
    0x0, 0x0, 0x2, 0xef, 0xfe, 0x20, 0x0, 0x0,
    0x0, 0x0, 0x3e, 0xff, 0xef, 0xe3, 0x0, 0x0,
    0x0, 0x7, 0xff, 0xf4, 0x3f, 0xff, 0x70, 0x0,
    0x4, 0xdf, 0xfe, 0x30, 0x2, 0xdf, 0xfc, 0x40,
    0x3f, 0xff, 0xff, 0xff, 0xff, 0xff, 0xff, 0xf4,
    0xb, 0xf7, 0xff, 0xff, 0xff, 0xff, 0x6d, 0xc0,
    0x2, 0x10, 0x44, 0x7f, 0xf7, 0x44, 0x0, 0x10,
    0x0, 0x4, 0x44, 0x7f, 0xf7, 0x44, 0x41, 0x0,
    0x0, 0x3f, 0xff, 0xff, 0xff, 0xff, 0xf4, 0x0,
    0x0, 0x2f, 0xff, 0xff, 0xff, 0xff, 0xf4, 0x0,
    0x0, 0x0, 0x0, 0x4f, 0xf4, 0x0, 0x0, 0x0,
    0x4, 0x55, 0x55, 0x8f, 0xf8, 0x55, 0x55, 0x50,
    0xd, 0xff, 0xff, 0xff, 0xff, 0xff, 0xff, 0xe0,
    0xb, 0xdd, 0xdd, 0xdd, 0xdd, 0xdd, 0xdd, 0xc0,

    /* U+516C "公" */
    0x0, 0x0, 0x4, 0x0, 0x16, 0x90, 0x0, 0x0,
    0x0, 0x0, 0x2f, 0xf3, 0x3f, 0xf3, 0x0, 0x0,
    0x0, 0x0, 0xbf, 0xd0, 0xc, 0xfb, 0x0, 0x0,
    0x0, 0x5, 0xff, 0x40, 0x5, 0xff, 0x70, 0x0,
    0x0, 0x3f, 0xfb, 0x0, 0x0, 0xbf, 0xf4, 0x0,
    0x4, 0xff, 0xe1, 0x36, 0x10, 0x2e, 0xff, 0x60,
    0x2f, 0xff, 0x30, 0xcf, 0xe0, 0x3, 0xff, 0xf3,
    0xc, 0xf5, 0x4, 0xff, 0x70, 0x0, 0x4f, 0xa0,
    0x2, 0x50, 0xd, 0xfd, 0x0, 0x60, 0x2, 0x10,
    0x0, 0x0, 0x8f, 0xf3, 0x1e, 0xf6, 0x0, 0x0,
    0x0, 0x4, 0xff, 0x80, 0xa, 0xff, 0x20, 0x0,
    0x0, 0x2e, 0xfd, 0x0, 0x1, 0xff, 0xb0, 0x0,
    0x0, 0xcf, 0xfd, 0xde, 0xff, 0xff, 0xf6, 0x0,
    0x0, 0x9f, 0xff, 0xff, 0xff, 0xff, 0xff, 0x10,
    0x0, 0x3a, 0x97, 0x65, 0x43, 0x23, 0xfa, 0x10,
    0x0, 0x0, 0x0, 0x0, 0x0, 0x0, 0x10, 0x0,

    /* U+5173 "关" */
    0x0, 0x2, 0xb7, 0x0, 0x0, 0xa8, 0x10, 0x0,
    0x0, 0xa, 0xff, 0x30, 0x6, 0xff, 0x90, 0x0,
    0x0, 0x1, 0xef, 0xc0, 0x3f, 0xfd, 0x0, 0x0,
    0x4, 0xff, 0xff, 0xff, 0xff, 0xff, 0xff, 0x10,
    0x4, 0xff, 0xff, 0xff, 0xff, 0xff, 0xff, 0x20,
    0x1, 0x55, 0x55, 0x8f, 0xf6, 0x55, 0x55, 0x0,
    0x0, 0x0, 0x0, 0x5f, 0xf2, 0x0, 0x0, 0x0,
    0xe, 0xff, 0xff, 0xff, 0xff, 0xff, 0xff, 0xb0,
    0xe, 0xff, 0xff, 0xff, 0xff, 0xff, 0xff, 0xc0,
    0x5, 0x66, 0x66, 0xff, 0xfd, 0x66, 0x66, 0x40,
    0x0, 0x0, 0x9, 0xff, 0xff, 0x70, 0x0, 0x0,
    0x0, 0x3, 0xcf, 0xfb, 0xcf, 0xfb, 0x20, 0x0,
    0x6, 0xcf, 0xff, 0xc1, 0x1d, 0xff, 0xfc, 0x70,
    0xe, 0xff, 0xf9, 0x0, 0x0, 0x9f, 0xff, 0xc0,
    0x6, 0xe9, 0x20, 0x0, 0x0, 0x2, 0x9e, 0x40,
    0x0, 0x0, 0x0, 0x0, 0x0, 0x0, 0x0, 0x0,

    /* U+5185 "内" */
    0x0, 0x0, 0x1, 0xff, 0x60, 0x0, 0x0, 0x0,
    0x0, 0x1, 0xff, 0x60, 0x0, 0x0, 0x25, 0x55,
    0x56, 0xff, 0x95, 0x55, 0x53, 0x7f, 0xff, 0xff,
    0xff, 0xff, 0xff, 0xfa, 0x7f, 0xff, 0xff, 0xff,
    0xff, 0xff, 0xfa, 0x7f, 0xf0, 0x3, 0xff, 0x50,
    0xb, 0xfa, 0x7f, 0xf0, 0x7, 0xff, 0x50, 0xb,
    0xfa, 0x7f, 0xf0, 0x1e, 0xff, 0xf6, 0xb, 0xfa,
    0x7f, 0xf1, 0xcf, 0xfe, 0xff, 0x9b, 0xfa, 0x7f,
    0xfe, 0xff, 0x71, 0xcf, 0xff, 0xfa, 0x7f, 0xf9,
    0xf7, 0x0, 0xb, 0xbb, 0xfa, 0x7f, 0xf0, 0x40,
    0x0, 0x0, 0xb, 0xfa, 0x7f, 0xf0, 0x0, 0x0,
    0x14, 0x4e, 0xfa, 0x7f, 0xf0, 0x0, 0x0, 0x4f,
    0xff, 0xf9, 0x7f, 0xf0, 0x0, 0x0, 0x1f, 0xff,
    0xd3, 0x0, 0x0, 0x0, 0x0, 0x0, 0x0, 0x0,

    /* U+51FA "出" */
    0x0, 0x0, 0x1, 0xff, 0x80, 0x0, 0x0, 0xa,
    0xa3, 0x1, 0xff, 0x80, 0xa, 0xa3, 0xf, 0xf5,
    0x1, 0xff, 0x80, 0xf, 0xf5, 0xf, 0xf5, 0x1,
    0xff, 0x80, 0xf, 0xf5, 0xf, 0xf5, 0x1, 0xff,
    0x80, 0xf, 0xf5, 0xf, 0xff, 0xff, 0xff, 0xff,
    0xff, 0xf5, 0xf, 0xff, 0xff, 0xff, 0xff, 0xff,
    0xf5, 0x5, 0x55, 0x56, 0xff, 0xb5, 0x55, 0x51,
    0x5b, 0xa0, 0x1, 0xff, 0x80, 0x6, 0xb9, 0x7f,
    0xe0, 0x1, 0xff, 0x80, 0x9, 0xfc, 0x7f, 0xe0,
    0x1, 0xff, 0x80, 0x9, 0xfc, 0x7f, 0xf4, 0x45,
    0xff, 0xa4, 0x4b, 0xfc, 0x7f, 0xff, 0xff, 0xff,
    0xff, 0xff, 0xfc, 0x7f, 0xff, 0xff, 0xff, 0xff,
    0xff, 0xfc, 0x0, 0x0, 0x0, 0x0, 0x0, 0x9,
    0xfc,

    /* U+5206 "分" */
    0x0, 0x0, 0x7, 0x20, 0x17, 0xc0, 0x0, 0x0,
    0x0, 0x0, 0x5f, 0xf3, 0x2f, 0xf6, 0x0, 0x0,
    0x0, 0x1, 0xef, 0xb0, 0xb, 0xfe, 0x10, 0x0,
    0x0, 0xb, 0xff, 0x30, 0x2, 0xff, 0xa0, 0x0,
    0x0, 0x9f, 0xf8, 0x0, 0x0, 0x7f, 0xf9, 0x0,
    0xb, 0xff, 0xc0, 0x0, 0x0, 0xb, 0xff, 0xb1,
    0x2f, 0xff, 0xff, 0xff, 0xff, 0xff, 0xff, 0xf1,
    0xa, 0xcd, 0xff, 0xff, 0xff, 0xff, 0xfc, 0x90,
    0x1, 0x4, 0x8f, 0xf7, 0x55, 0x8f, 0xf1, 0x0,
    0x0, 0x0, 0x6f, 0xf1, 0x0, 0x6f, 0xf0, 0x0,
    0x0, 0x0, 0xbf, 0xe0, 0x0, 0x7f, 0xf0, 0x0,
    0x0, 0x5, 0xff, 0x90, 0x0, 0x8f, 0xd0, 0x0,
    0x0, 0x7f, 0xff, 0x24, 0x44, 0xdf, 0xc0, 0x0,
    0xb, 0xff, 0xf4, 0xe, 0xff, 0xff, 0x80, 0x0,
    0x3, 0xfd, 0x30, 0xb, 0xff, 0xfb, 0x10, 0x0,
    0x0, 0x40, 0x0, 0x0, 0x0, 0x0, 0x0, 0x0,

    /* U+522B "别" */
    0xd, 0xff, 0xff, 0xff, 0x40, 0x0, 0xef, 0x60,
    0xdf, 0xff, 0xff, 0xf4, 0xef, 0x3e, 0xf6, 0xd,
    0xf5, 0x11, 0xef, 0x4f, 0xf3, 0xef, 0x60, 0xdf,
    0xa8, 0x8f, 0xf4, 0xff, 0x3e, 0xf6, 0xd, 0xff,
    0xff, 0xff, 0x4f, 0xf3, 0xef, 0x60, 0x7b, 0xfe,
    0x99, 0x92, 0xff, 0x3e, 0xf6, 0x14, 0x8f, 0xd4,
    0x44, 0x1f, 0xf3, 0xef, 0x66, 0xff, 0xff, 0xff,
    0xf7, 0xff, 0x3e, 0xf6, 0x5d, 0xef, 0xfd, 0xff,
    0x6f, 0xf3, 0xef, 0x60, 0xb, 0xf8, 0xc, 0xf6,
    0xff, 0x3e, 0xf6, 0x1, 0xff, 0x40, 0xcf, 0x51,
    0x20, 0xef, 0x60, 0xbf, 0xf5, 0x6f, 0xf4, 0x56,
    0x7f, 0xf6, 0x8f, 0xf6, 0xff, 0xff, 0x1a, 0xff,
    0xff, 0x41, 0xc8, 0xa, 0xba, 0x40, 0x7f, 0xfe,
    0x90, 0x0, 0x0, 0x0, 0x0, 0x0, 0x0, 0x0,
    0x0,

    /* U+5230 "到" */
    0x0, 0x0, 0x0, 0x0, 0x0, 0x0, 0x5f, 0xe0,
    0xff, 0xff, 0xff, 0xfd, 0x0, 0x5, 0xfe, 0xf,
    0xff, 0xff, 0xff, 0xd8, 0xfb, 0x5f, 0xe0, 0x38,
    0xff, 0x57, 0x73, 0x8f, 0xc5, 0xfe, 0x1, 0xef,
    0x64, 0xfe, 0x18, 0xfc, 0x5f, 0xe0, 0xdf, 0xe8,
    0x9f, 0xfb, 0x8f, 0xc5, 0xfe, 0xe, 0xff, 0xff,
    0xff, 0xfe, 0xfc, 0x5f, 0xe0, 0x69, 0xaf, 0xf5,
    0x99, 0x9f, 0xc5, 0xfe, 0x4, 0x57, 0xff, 0x55,
    0x38, 0xfc, 0x5f, 0xe0, 0xdf, 0xff, 0xff, 0xf9,
    0x8f, 0xc5, 0xfe, 0xa, 0xdd, 0xff, 0xcc, 0x78,
    0xfc, 0x5f, 0xe0, 0x0, 0x3f, 0xf2, 0x33, 0x36,
    0x55, 0xfe, 0x2b, 0xce, 0xff, 0xff, 0xc0, 0x55,
    0xaf, 0xe2, 0xff, 0xff, 0xff, 0xfb, 0xd, 0xff,
    0xfd, 0x9, 0x75, 0x42, 0x10, 0x0, 0xaf, 0xfe,
    0x50,

    /* U+5236 "制" */
    0x0, 0x0, 0x0, 0x0, 0x0, 0x0, 0x3f, 0xe0,
    0x5d, 0x7b, 0xf6, 0x0, 0x1, 0x13, 0xfe, 0xa,
    0xff, 0xff, 0xff, 0xf2, 0xff, 0x4f, 0xe1, 0xff,
    0xff, 0xff, 0xff, 0x3f, 0xf4, 0xfe, 0x3c, 0xa2,
    0xcf, 0x72, 0x21, 0xff, 0x4f, 0xe0, 0xdd, 0xdf,
    0xfe, 0xdd, 0x6f, 0xf4, 0xfe, 0xf, 0xff, 0xff,
    0xff, 0xf7, 0xff, 0x4f, 0xe0, 0x44, 0x4c, 0xf9,
    0x44, 0x2f, 0xf4, 0xfe, 0x7, 0xdd, 0xff, 0xed,
    0xd7, 0xff, 0x4f, 0xe0, 0x9f, 0xff, 0xff, 0xff,
    0x8f, 0xf4, 0xfe, 0x9, 0xf8, 0xcf, 0x8a, 0xf8,
    0xff, 0x4f, 0xe0, 0x9f, 0x6b, 0xf6, 0x8f, 0x74,
    0x43, 0xfe, 0x9, 0xf6, 0xbf, 0xdf, 0xf7, 0x22,
    0x7f, 0xe0, 0x9f, 0x6b, 0xfc, 0xff, 0x3a, 0xff,
    0xfd, 0x1, 0x21, 0xbf, 0x72, 0x0, 0x7f, 0xfe,
    0x60,

    /* U+524D "前" */
    0x0, 0x4, 0x9c, 0x0, 0x1, 0xc9, 0x30, 0x0,
    0x2, 0x26, 0xff, 0x82, 0x2a, 0xff, 0x42, 0x20,
    0x1f, 0xff, 0xff, 0xff, 0xff, 0xff, 0xff, 0xf3,
    0x1f, 0xff, 0xff, 0xff, 0xff, 0xff, 0xff, 0xf2,
    0x1, 0x44, 0x44, 0x44, 0x20, 0x0, 0x68, 0x30,
    0x6, 0xff, 0xff, 0xff, 0x89, 0xf6, 0xcf, 0x70,
    0x6, 0xff, 0xcc, 0xef, 0x89, 0xf7, 0xcf, 0x70,
    0x6, 0xfe, 0x77, 0xcf, 0x89, 0xf7, 0xcf, 0x70,
    0x6, 0xff, 0xff, 0xff, 0x89, 0xf7, 0xcf, 0x70,
    0x6, 0xfe, 0x66, 0xcf, 0x89, 0xf7, 0xcf, 0x70,
    0x6, 0xff, 0xdd, 0xff, 0x89, 0xf7, 0xcf, 0x70,
    0x6, 0xff, 0xff, 0xff, 0x89, 0xf7, 0xcf, 0x70,
    0x6, 0xfd, 0x11, 0xbf, 0x81, 0x54, 0xdf, 0x70,
    0x6, 0xfd, 0x7f, 0xff, 0x71, 0xff, 0xff, 0x60,
    0x6, 0xfd, 0x4f, 0xfe, 0x20, 0xef, 0xfc, 0x10,
    0x0, 0x0, 0x0, 0x0, 0x0, 0x0, 0x0, 0x0,

    /* U+529B "力" */
    0x0, 0x0, 0x6, 0xff, 0x20, 0x0, 0x0, 0x0,
    0x0, 0x0, 0x6f, 0xf2, 0x0, 0x0, 0x0, 0x0,
    0x0, 0x7, 0xff, 0x10, 0x0, 0x0, 0x0, 0x9f,
    0xff, 0xff, 0xff, 0xff, 0xff, 0xf9, 0x9, 0xff,
    0xff, 0xff, 0xff, 0xff, 0xff, 0x90, 0x47, 0x77,
    0xcf, 0xf7, 0x77, 0x7f, 0xf8, 0x0, 0x0, 0xb,
    0xfe, 0x0, 0x0, 0xff, 0x70, 0x0, 0x0, 0xdf,
    0xc0, 0x0, 0xf, 0xf7, 0x0, 0x0, 0x1f, 0xf9,
    0x0, 0x1, 0xff, 0x60, 0x0, 0x8, 0xff, 0x50,
    0x0, 0x1f, 0xf5, 0x0, 0x2, 0xff, 0xe0, 0x0,
    0x2, 0xff, 0x40, 0x2, 0xef, 0xf6, 0x0, 0x0,
    0x3f, 0xf4, 0x4, 0xef, 0xfa, 0x0, 0x99, 0xae,
    0xff, 0x21, 0xff, 0xfa, 0x0, 0xe, 0xff, 0xff,
    0xe0, 0x6, 0xf8, 0x0, 0x0, 0xbf, 0xff, 0xc3,
    0x0, 0x2, 0x0, 0x0, 0x0, 0x0, 0x0, 0x0,

    /* U+529F "功" */
    0x0, 0x0, 0x0, 0x0, 0xdf, 0x90, 0x0, 0x0,
    0xaa, 0xaa, 0xa3, 0xd, 0xf9, 0x0, 0x0, 0xf,
    0xff, 0xff, 0x40, 0xdf, 0x90, 0x0, 0x0, 0xde,
    0xff, 0xd8, 0xff, 0xff, 0xff, 0xf9, 0x0, 0x9f,
    0xf0, 0x5f, 0xff, 0xff, 0xff, 0x90, 0x9, 0xff,
    0x2, 0x6f, 0xfa, 0x6d, 0xf8, 0x0, 0x9f, 0xf0,
    0x0, 0xff, 0x60, 0xdf, 0x70, 0x9, 0xff, 0x0,
    0xf, 0xf5, 0xd, 0xf7, 0x0, 0x9f, 0xf0, 0x2,
    0xff, 0x30, 0xef, 0x60, 0x9, 0xff, 0x33, 0x5f,
    0xf0, 0xe, 0xf6, 0x4, 0xcf, 0xff, 0x8a, 0xfd,
    0x0, 0xff, 0x55, 0xff, 0xff, 0xfb, 0xff, 0x80,
    0xf, 0xf5, 0x1f, 0xfd, 0x96, 0xef, 0xf4, 0x47,
    0xff, 0x40, 0x41, 0x0, 0xaf, 0xf7, 0x9f, 0xff,
    0xf1, 0x0, 0x0, 0x3, 0xeb, 0x6, 0xff, 0xe7,
    0x0, 0x0, 0x0, 0x1, 0x0, 0x0, 0x0, 0x0,

    /* U+52A0 "加" */
    0x0, 0x5f, 0xe0, 0x0, 0x3, 0x33, 0x33, 0x20,
    0x27, 0xfe, 0x22, 0x23, 0xff, 0xff, 0xfe, 0xe,
    0xff, 0xff, 0xff, 0x6f, 0xff, 0xff, 0xe0, 0xef,
    0xff, 0xff, 0xf5, 0xff, 0x14, 0xfe, 0x2, 0x8f,
    0xd3, 0xff, 0x5f, 0xf1, 0x4f, 0xe0, 0x8, 0xfb,
    0x1f, 0xf5, 0xff, 0x14, 0xfe, 0x0, 0x9f, 0xb1,
    0xff, 0x5f, 0xf1, 0x4f, 0xe0, 0xa, 0xf9, 0x2f,
    0xf4, 0xff, 0x14, 0xfe, 0x0, 0xdf, 0x72, 0xff,
    0x4f, 0xf1, 0x4f, 0xe0, 0x1f, 0xf4, 0x3f, 0xf4,
    0xff, 0x14, 0xfe, 0x7, 0xff, 0x13, 0xff, 0x4f,
    0xfe, 0xef, 0xe0, 0xef, 0xd7, 0xaf, 0xf3, 0xff,
    0xff, 0xfe, 0x2f, 0xf5, 0xff, 0xfe, 0x3f, 0xf6,
    0x8f, 0xe0, 0x4b, 0xe, 0xfd, 0x52, 0xcc, 0x13,
    0xcb, 0x0, 0x0, 0x0, 0x0, 0x0, 0x0, 0x0,
    0x0,

    /* U+52A1 "务" */
    0x0, 0x0, 0x7d, 0xb2, 0x0, 0x0, 0x0, 0x0,
    0x0, 0x5, 0xff, 0xfc, 0xcc, 0xcc, 0xcc, 0x0,
    0x0, 0x8f, 0xff, 0xff, 0xff, 0xff, 0xff, 0x0,
    0xb, 0xff, 0xff, 0xa1, 0x5, 0xdf, 0xf6, 0x0,
    0x3, 0xf7, 0x5f, 0xfe, 0xdf, 0xfc, 0x20, 0x0,
    0x0, 0x13, 0x7d, 0xff, 0xff, 0xf8, 0x41, 0x0,
    0x1c, 0xff, 0xff, 0xfb, 0xaf, 0xff, 0xff, 0xe2,
    0xe, 0xff, 0xb6, 0x65, 0x21, 0x5a, 0xef, 0xf0,
    0x4, 0x40, 0x0, 0xff, 0x60, 0x0, 0x1, 0x30,
    0x5, 0xff, 0xff, 0xff, 0xff, 0xff, 0xff, 0x10,
    0x5, 0xff, 0xff, 0xff, 0xff, 0xff, 0xff, 0x0,
    0x0, 0x0, 0x6f, 0xf9, 0x0, 0x5, 0xff, 0x0,
    0x0, 0x5b, 0xff, 0xc1, 0x22, 0x2a, 0xfe, 0x0,
    0xc, 0xff, 0xf9, 0x1, 0xff, 0xff, 0xfb, 0x0,
    0x3, 0xf9, 0x20, 0x0, 0xef, 0xff, 0xc2, 0x0,
    0x0, 0x0, 0x0, 0x0, 0x0, 0x0, 0x0, 0x0,

    /* U+52A8 "动" */
    0x0, 0x0, 0x0, 0x0, 0xb, 0xf6, 0x0, 0x0,
    0x5, 0xff, 0xff, 0xf7, 0xb, 0xf6, 0x0, 0x0,
    0x5, 0xff, 0xff, 0xf7, 0xb, 0xf6, 0x0, 0x0,
    0x1, 0x33, 0x33, 0x31, 0xdf, 0xff, 0xff, 0xf0,
    0x1, 0x11, 0x11, 0x10, 0xef, 0xff, 0xff, 0xf0,
    0x1f, 0xff, 0xff, 0xfc, 0x5d, 0xf9, 0x6f, 0xf0,
    0x1f, 0xff, 0xff, 0xfc, 0xd, 0xf4, 0x1f, 0xf0,
    0x4, 0x7f, 0xf5, 0x43, 0xd, 0xf3, 0x1f, 0xf0,
    0x0, 0xaf, 0xd8, 0xd1, 0xe, 0xf2, 0x2f, 0xe0,
    0x1, 0xff, 0x7c, 0xf7, 0xf, 0xf1, 0x2f, 0xe0,
    0x8, 0xff, 0x16, 0xfd, 0x2f, 0xf0, 0x3f, 0xe0,
    0xf, 0xff, 0xdf, 0xff, 0xaf, 0xc0, 0x4f, 0xd0,
    0xe, 0xff, 0xff, 0xff, 0xff, 0xb5, 0xaf, 0xc0,
    0x8, 0xb9, 0x64, 0x4d, 0xff, 0xaf, 0xff, 0xa0,
    0x0, 0x0, 0x0, 0x7, 0xf8, 0x5f, 0xfd, 0x30,
    0x0, 0x0, 0x0, 0x0, 0x30, 0x0, 0x0, 0x0,

    /* U+5305 "包" */
    0x0, 0x7, 0xc9, 0x10, 0x0, 0x0, 0x0, 0x0,
    0x0, 0xe, 0xff, 0x55, 0x55, 0x55, 0x54, 0x0,
    0x0, 0x8f, 0xff, 0xff, 0xff, 0xff, 0xfe, 0x0,
    0x4, 0xff, 0xfe, 0xee, 0xee, 0xee, 0xfe, 0x0,
    0x3e, 0xff, 0x53, 0x33, 0x33, 0x5, 0xfe, 0x0,
    0x7f, 0xff, 0xff, 0xff, 0xfe, 0x5, 0xfe, 0x0,
    0x1f, 0xff, 0xff, 0xff, 0xfe, 0x6, 0xfe, 0x0,
    0x5, 0xdf, 0x50, 0x4, 0xfe, 0x7, 0xfd, 0x0,
    0x0, 0xdf, 0x85, 0x57, 0xfe, 0x7, 0xfd, 0x0,
    0x0, 0xdf, 0xff, 0xff, 0xff, 0x6c, 0xfc, 0x0,
    0x0, 0xdf, 0xee, 0xee, 0xef, 0xff, 0xf9, 0x0,
    0x0, 0xdf, 0x50, 0x0, 0xd, 0xdc, 0xbf, 0xd1,
    0x0, 0xdf, 0x83, 0x33, 0x33, 0x33, 0x7f, 0xf0,
    0x0, 0xbf, 0xff, 0xff, 0xff, 0xff, 0xff, 0xd0,
    0x0, 0x3d, 0xff, 0xff, 0xff, 0xff, 0xfd, 0x50,

    /* U+5316 "化" */
    0x0, 0x0, 0x10, 0x0, 0x0, 0x0, 0x0, 0x0,
    0x0, 0x0, 0xed, 0x47, 0xff, 0x10, 0x0, 0x0,
    0x0, 0x4, 0xff, 0x37, 0xff, 0x10, 0x0, 0x0,
    0x0, 0xb, 0xfd, 0x7, 0xff, 0x10, 0x5d, 0x10,
    0x0, 0x3f, 0xf6, 0x7, 0xff, 0x14, 0xff, 0xc0,
    0x0, 0xbf, 0xf1, 0x7, 0xff, 0x5f, 0xff, 0x40,
    0x4, 0xff, 0xf0, 0x7, 0xff, 0xff, 0xf4, 0x0,
    0xd, 0xff, 0xf0, 0x7, 0xff, 0xff, 0x50, 0x0,
    0x5f, 0xff, 0xf0, 0x1c, 0xff, 0xe3, 0x0, 0x0,
    0x1f, 0xff, 0xf6, 0xef, 0xff, 0x30, 0x0, 0x0,
    0xa, 0x7f, 0xff, 0xff, 0xff, 0x10, 0x17, 0x30,
    0x0, 0x5f, 0xf8, 0xfc, 0xff, 0x10, 0x3f, 0xf0,
    0x0, 0x5f, 0xf1, 0x27, 0xff, 0x10, 0x3f, 0xf0,
    0x0, 0x5f, 0xf0, 0x7, 0xff, 0x75, 0x9f, 0xf0,
    0x0, 0x5f, 0xf0, 0x5, 0xff, 0xff, 0xff, 0xc0,
    0x0, 0x5f, 0xf0, 0x0, 0xaf, 0xff, 0xfd, 0x40,
    0x0, 0x13, 0x30, 0x0, 0x0, 0x0, 0x0, 0x0,

    /* U+5339 "匹" */
    0x7f, 0xff, 0xff, 0xff, 0xff, 0xff, 0xfd, 0x7f,
    0xff, 0xff, 0xff, 0xff, 0xff, 0xfd, 0x7f, 0xf5,
    0x7f, 0xf6, 0xef, 0x95, 0x54, 0x7f, 0xf0, 0x3f,
    0xf1, 0xdf, 0x60, 0x0, 0x7f, 0xf0, 0x3f, 0xf1,
    0xdf, 0x60, 0x0, 0x7f, 0xf0, 0x3f, 0xf0, 0xdf,
    0x61, 0x73, 0x7f, 0xf0, 0x6f, 0xe0, 0xdf, 0x63,
    0xfd, 0x7f, 0xf0, 0xcf, 0xb0, 0xdf, 0x85, 0xfc,
    0x7f, 0xfc, 0xff, 0x40, 0xcf, 0xff, 0xfb, 0x7f,
    0xf9, 0xfa, 0x0, 0x7f, 0xff, 0xf6, 0x7f, 0xf0,
    0x60, 0x0, 0x2, 0x33, 0x10, 0x7f, 0xf5, 0x55,
    0x55, 0x55, 0x55, 0x55, 0x7f, 0xff, 0xff, 0xff,
    0xff, 0xff, 0xff, 0x7f, 0xff, 0xff, 0xff, 0xff,
    0xff, 0xff,

    /* U+5355 "单" */
    0x0, 0x0, 0x7b, 0x0, 0x0, 0xb8, 0x10, 0x0,
    0x0, 0x3, 0xff, 0xa0, 0x9, 0xff, 0x20, 0x0,
    0x0, 0x99, 0xdf, 0xc9, 0xaf, 0xfd, 0x99, 0x0,
    0x0, 0xff, 0xff, 0xff, 0xff, 0xff, 0xff, 0x10,
    0x0, 0xff, 0x96, 0x8f, 0xf9, 0x69, 0xff, 0x10,
    0x0, 0xff, 0xcb, 0xcf, 0xfc, 0xbc, 0xff, 0x10,
    0x0, 0xff, 0xff, 0xff, 0xff, 0xff, 0xff, 0x10,
    0x0, 0xff, 0x50, 0x4f, 0xf4, 0x5, 0xff, 0x10,
    0x0, 0xff, 0xff, 0xff, 0xff, 0xff, 0xff, 0x10,
    0x0, 0xff, 0xff, 0xff, 0xff, 0xff, 0xff, 0x10,
    0x0, 0x0, 0x0, 0x4f, 0xf4, 0x0, 0x0, 0x0,
    0x2f, 0xff, 0xff, 0xff, 0xff, 0xff, 0xff, 0xf2,
    0x2f, 0xff, 0xff, 0xff, 0xff, 0xff, 0xff, 0xf2,
    0x3, 0x33, 0x33, 0x6f, 0xf6, 0x33, 0x33, 0x30,
    0x0, 0x0, 0x0, 0x3f, 0xf4, 0x0, 0x0, 0x0,

    /* U+5360 "占" */
    0x0, 0x0, 0x8f, 0xf1, 0x0, 0x0, 0x0, 0x0,
    0x0, 0x8f, 0xf1, 0x0, 0x0, 0x0, 0x0, 0x0,
    0x8f, 0xf7, 0x66, 0x66, 0x60, 0x0, 0x0, 0x8f,
    0xff, 0xff, 0xff, 0xf0, 0x0, 0x0, 0x8f, 0xff,
    0xff, 0xff, 0xf0, 0x0, 0x0, 0x8f, 0xf1, 0x0,
    0x0, 0x0, 0x66, 0x66, 0xbf, 0xf7, 0x66, 0x66,
    0x0, 0xff, 0xff, 0xff, 0xff, 0xff, 0xff, 0x0,
    0xff, 0xff, 0xff, 0xff, 0xff, 0xff, 0x0, 0xff,
    0x60, 0x0, 0x0, 0x6, 0xff, 0x0, 0xff, 0x60,
    0x0, 0x0, 0x6, 0xff, 0x0, 0xff, 0x60, 0x0,
    0x0, 0x6, 0xff, 0x0, 0xff, 0xff, 0xff, 0xff,
    0xff, 0xff, 0x0, 0xff, 0xff, 0xff, 0xff, 0xff,
    0xff, 0x0, 0xff, 0x95, 0x55, 0x55, 0x59, 0xff,
    0x0,

    /* U+5361 "卡" */
    0x0, 0x0, 0x1, 0xff, 0x70, 0x0, 0x0, 0x0,
    0x0, 0x0, 0x1, 0xff, 0x70, 0x0, 0x0, 0x0,
    0x0, 0x0, 0x1, 0xff, 0xff, 0xff, 0xfe, 0x0,
    0x0, 0x0, 0x1, 0xff, 0xff, 0xff, 0xfe, 0x0,
    0x0, 0x0, 0x1, 0xff, 0x94, 0x44, 0x44, 0x0,
    0x0, 0x0, 0x1, 0xff, 0x70, 0x0, 0x0, 0x0,
    0x4f, 0xff, 0xff, 0xff, 0xff, 0xff, 0xff, 0xf3,
    0x4f, 0xff, 0xff, 0xff, 0xff, 0xff, 0xff, 0xf3,
    0x3, 0x33, 0x34, 0xff, 0x94, 0x33, 0x33, 0x30,
    0x0, 0x0, 0x1, 0xff, 0xaf, 0x91, 0x0, 0x0,
    0x0, 0x0, 0x1, 0xff, 0xff, 0xff, 0x80, 0x0,
    0x0, 0x0, 0x1, 0xff, 0x85, 0xef, 0xfe, 0x20,
    0x0, 0x0, 0x1, 0xff, 0x80, 0x8, 0xfc, 0x0,
    0x0, 0x0, 0x1, 0xff, 0x80, 0x0, 0x22, 0x0,
    0x0, 0x0, 0x1, 0xff, 0x80, 0x0, 0x0, 0x0,

    /* U+5382 "厂" */
    0x0, 0xbf, 0xff, 0xff, 0xff, 0xff, 0xff, 0xf3,
    0x0, 0xbf, 0xff, 0xff, 0xff, 0xff, 0xff, 0xf3,
    0x0, 0xbf, 0xf9, 0x99, 0x99, 0x99, 0x99, 0x91,
    0x0, 0xbf, 0xe0, 0x0, 0x0, 0x0, 0x0, 0x0,
    0x0, 0xbf, 0xe0, 0x0, 0x0, 0x0, 0x0, 0x0,
    0x0, 0xbf, 0xe0, 0x0, 0x0, 0x0, 0x0, 0x0,
    0x0, 0xbf, 0xe0, 0x0, 0x0, 0x0, 0x0, 0x0,
    0x0, 0xcf, 0xd0, 0x0, 0x0, 0x0, 0x0, 0x0,
    0x0, 0xdf, 0xc0, 0x0, 0x0, 0x0, 0x0, 0x0,
    0x0, 0xff, 0xa0, 0x0, 0x0, 0x0, 0x0, 0x0,
    0x4, 0xff, 0x70, 0x0, 0x0, 0x0, 0x0, 0x0,
    0xb, 0xff, 0x30, 0x0, 0x0, 0x0, 0x0, 0x0,
    0x3f, 0xfd, 0x0, 0x0, 0x0, 0x0, 0x0, 0x0,
    0x7, 0xf6, 0x0, 0x0, 0x0, 0x0, 0x0, 0x0,
    0x0, 0x20, 0x0, 0x0, 0x0, 0x0, 0x0, 0x0,

    /* U+5386 "历" */
    0x0, 0xff, 0xff, 0xff, 0xff, 0xff, 0xff, 0xf0,
    0xf, 0xff, 0xff, 0xff, 0xff, 0xff, 0xff, 0x0,
    0xff, 0x95, 0x56, 0x65, 0x55, 0x55, 0x50, 0xf,
    0xf6, 0x0, 0xdf, 0x60, 0x0, 0x0, 0x0, 0xff,
    0x75, 0x5e, 0xf9, 0x55, 0x55, 0x20, 0xf, 0xf9,
    0xff, 0xff, 0xff, 0xff, 0xf8, 0x0, 0xff, 0x9e,
    0xef, 0xff, 0xee, 0xff, 0x70, 0xf, 0xf6, 0x1,
    0xff, 0x30, 0xf, 0xf6, 0x1, 0xff, 0x50, 0x4f,
    0xf1, 0x0, 0xff, 0x50, 0x3f, 0xf3, 0xa, 0xfd,
    0x0, 0x1f, 0xf4, 0x7, 0xff, 0x4, 0xff, 0x80,
    0x2, 0xff, 0x30, 0xdf, 0xc3, 0xff, 0xe3, 0x44,
    0x9f, 0xf2, 0x3f, 0xf7, 0xef, 0xf4, 0x4f, 0xff,
    0xff, 0x0, 0x5d, 0x3, 0xe4, 0x1, 0xff, 0xfd,
    0x60, 0x0, 0x0, 0x0, 0x0, 0x0, 0x0, 0x0,
    0x0,

    /* U+53C2 "参" */
    0x0, 0x0, 0x0, 0x0, 0x0, 0x0, 0x0, 0x0,
    0x0, 0x0, 0x6, 0xfd, 0x41, 0x60, 0x0, 0x0,
    0x0, 0x2, 0xbf, 0xf6, 0xd, 0xfb, 0x10, 0x0,
    0x0, 0xaf, 0xff, 0x86, 0x69, 0xff, 0xe4, 0x0,
    0x0, 0xef, 0xff, 0xff, 0xff, 0xff, 0xff, 0x20,
    0x0, 0x46, 0x69, 0xff, 0x74, 0x33, 0x87, 0x0,
    0xc, 0xff, 0xff, 0xff, 0xff, 0xff, 0xff, 0xe0,
    0xd, 0xff, 0xff, 0xff, 0xff, 0xff, 0xff, 0xf0,
    0x0, 0x2c, 0xff, 0x52, 0x78, 0xff, 0xd3, 0x0,
    0x18, 0xff, 0xfe, 0xdf, 0xfb, 0x4f, 0xff, 0xb3,
    0x3f, 0xfd, 0xff, 0xea, 0x78, 0xe7, 0xcf, 0xf2,
    0x9, 0x81, 0x78, 0x9d, 0xff, 0xe6, 0x35, 0x80,
    0x0, 0x7f, 0xff, 0xfe, 0xa6, 0x6d, 0xf5, 0x0,
    0x0, 0x2a, 0x86, 0x67, 0xcf, 0xff, 0xe6, 0x0,
    0x2, 0xac, 0xef, 0xff, 0xff, 0xa5, 0x0, 0x0,
    0x1, 0xff, 0xfe, 0xb7, 0x40, 0x0, 0x0, 0x0,
    0x0, 0x43, 0x0, 0x0, 0x0, 0x0, 0x0, 0x0,

    /* U+53E0 "叠" */
    0x0, 0xcf, 0xff, 0xff, 0xff, 0xff, 0xf5, 0x0,
    0x0, 0x5f, 0xec, 0xa8, 0xad, 0xfe, 0xb2, 0x0,
    0x0, 0xbd, 0xed, 0xa8, 0x79, 0xce, 0xd4, 0x0,
    0x7, 0xff, 0xff, 0xfa, 0xaf, 0xff, 0xff, 0xa0,
    0x1, 0xeb, 0x8e, 0xf5, 0x5f, 0xca, 0xfe, 0x50,
    0x4, 0xef, 0xff, 0xd5, 0x6e, 0xfe, 0xfc, 0x50,
    0xb, 0xfc, 0x8a, 0xfb, 0xce, 0xa8, 0xaf, 0xc1,
    0x1f, 0xec, 0xcc, 0xcc, 0xcc, 0xcc, 0xce, 0xf2,
    0x1f, 0xaf, 0xff, 0xff, 0xff, 0xff, 0xfa, 0xf2,
    0x0, 0xf, 0xf8, 0x88, 0x88, 0x8f, 0xf1, 0x0,
    0x0, 0xf, 0xf9, 0x99, 0x99, 0x9f, 0xf1, 0x0,
    0x0, 0xf, 0xfe, 0xee, 0xee, 0xef, 0xf1, 0x0,
    0x6, 0x6f, 0xf6, 0x66, 0x66, 0x6f, 0xf6, 0x61,
    0x2f, 0xff, 0xff, 0xff, 0xff, 0xff, 0xff, 0xf3,

    /* U+53EF "可" */
    0x3f, 0xff, 0xff, 0xff, 0xff, 0xff, 0xff, 0xf4,
    0x3f, 0xff, 0xff, 0xff, 0xff, 0xff, 0xff, 0xf4,
    0x3, 0x33, 0x33, 0x33, 0x33, 0x3c, 0xfc, 0x30,
    0x0, 0x34, 0x44, 0x44, 0x42, 0xb, 0xfb, 0x0,
    0x0, 0xcf, 0xff, 0xff, 0xfa, 0xb, 0xfb, 0x0,
    0x0, 0xcf, 0xff, 0xff, 0xfa, 0xb, 0xfb, 0x0,
    0x0, 0xcf, 0x80, 0xa, 0xfa, 0xb, 0xfb, 0x0,
    0x0, 0xcf, 0x80, 0xa, 0xfa, 0xb, 0xfb, 0x0,
    0x0, 0xcf, 0xfe, 0xef, 0xfa, 0xb, 0xfb, 0x0,
    0x0, 0xcf, 0xff, 0xff, 0xfa, 0xb, 0xfb, 0x0,
    0x0, 0x45, 0x55, 0x55, 0x53, 0xb, 0xfb, 0x0,
    0x0, 0x0, 0x0, 0x0, 0x67, 0x7e, 0xfb, 0x0,
    0x0, 0x0, 0x0, 0x0, 0xcf, 0xff, 0xf9, 0x0,
    0x0, 0x0, 0x0, 0x0, 0xaf, 0xff, 0xc2, 0x0,

    /* U+53F2 "史" */
    0x0, 0x0, 0x0, 0x2f, 0xf5, 0x0, 0x0, 0x0,
    0x0, 0x0, 0x0, 0x2f, 0xf5, 0x0, 0x0, 0x0,
    0x5, 0xff, 0xff, 0xff, 0xff, 0xff, 0xff, 0x40,
    0x5, 0xff, 0xff, 0xff, 0xff, 0xff, 0xff, 0x50,
    0x5, 0xff, 0x44, 0x5f, 0xf7, 0x44, 0xff, 0x50,
    0x5, 0xff, 0x0, 0x2f, 0xf5, 0x0, 0xff, 0x50,
    0x5, 0xff, 0x44, 0x6f, 0xf8, 0x44, 0xff, 0x50,
    0x5, 0xff, 0xff, 0xff, 0xff, 0xff, 0xff, 0x50,
    0x4, 0xee, 0xee, 0xef, 0xfe, 0xee, 0xee, 0x40,
    0x0, 0x3d, 0xc0, 0x3f, 0xf3, 0x0, 0x0, 0x0,
    0x0, 0x7f, 0xfc, 0x9f, 0xf2, 0x0, 0x0, 0x0,
    0x0, 0x8, 0xff, 0xff, 0xd0, 0x0, 0x0, 0x0,
    0x0, 0x26, 0xef, 0xff, 0xfe, 0xb9, 0x88, 0x81,
    0xf, 0xff, 0xff, 0xef, 0xff, 0xff, 0xff, 0xf0,
    0xa, 0xfe, 0xa5, 0x0, 0x59, 0xbd, 0xef, 0xc0,
    0x2, 0x30, 0x0, 0x0, 0x0, 0x0, 0x0, 0x0,

    /* U+53F8 "司" */
    0x7, 0xff, 0xff, 0xff, 0xff, 0xff, 0xff, 0x80,
    0x7f, 0xff, 0xff, 0xff, 0xff, 0xff, 0xf8, 0x2,
    0x55, 0x55, 0x55, 0x55, 0x55, 0xef, 0x80, 0xee,
    0xee, 0xee, 0xee, 0xee, 0x5e, 0xf8, 0xf, 0xff,
    0xff, 0xff, 0xff, 0xf5, 0xef, 0x80, 0x34, 0x44,
    0x44, 0x44, 0x43, 0x1e, 0xf8, 0x2, 0xff, 0xff,
    0xff, 0xff, 0x70, 0xef, 0x80, 0x2f, 0xff, 0xff,
    0xff, 0xf7, 0xe, 0xf8, 0x2, 0xff, 0x40, 0x0,
    0xff, 0x70, 0xef, 0x80, 0x2f, 0xf5, 0x22, 0x2f,
    0xf7, 0xe, 0xf8, 0x2, 0xff, 0xff, 0xff, 0xff,
    0x70, 0xef, 0x80, 0x1e, 0xee, 0xee, 0xee, 0xfb,
    0x5f, 0xf7, 0x0, 0x0, 0x0, 0x0, 0xa, 0xff,
    0xff, 0x60, 0x0, 0x0, 0x0, 0x0, 0x7f, 0xff,
    0xb0,

    /* U+5426 "否" */
    0xe, 0xff, 0xff, 0xff, 0xff, 0xff, 0xff, 0x80,
    0xe, 0xff, 0xff, 0xff, 0xff, 0xff, 0xff, 0x80,
    0x2, 0x33, 0x36, 0xff, 0xf6, 0x33, 0x33, 0x10,
    0x0, 0x1, 0x9f, 0xff, 0xf3, 0xf8, 0x10, 0x0,
    0x2, 0x9f, 0xff, 0xff, 0xf9, 0xff, 0xf8, 0x10,
    0x4f, 0xff, 0xd5, 0x5f, 0xf0, 0x4c, 0xff, 0xd0,
    0xc, 0xb4, 0x0, 0x5f, 0xf0, 0x0, 0x4c, 0x60,
    0x0, 0xee, 0xee, 0xff, 0xfe, 0xee, 0xe8, 0x0,
    0x0, 0xff, 0xff, 0xff, 0xff, 0xff, 0xf9, 0x0,
    0x0, 0xff, 0x83, 0x33, 0x33, 0x3d, 0xf9, 0x0,
    0x0, 0xff, 0x60, 0x0, 0x0, 0xc, 0xf9, 0x0,
    0x0, 0xff, 0xed, 0xdd, 0xdd, 0xdf, 0xf9, 0x0,
    0x0, 0xff, 0xff, 0xff, 0xff, 0xff, 0xf9, 0x0,
    0x0, 0xff, 0x95, 0x55, 0x55, 0x5d, 0xf9, 0x0,

    /* U+542F "启" */
    0x0, 0x0, 0x0, 0x18, 0xa6, 0x0, 0x0, 0x0,
    0x2, 0x22, 0x23, 0xff, 0xd2, 0x22, 0x21, 0x0,
    0xff, 0xff, 0xff, 0xff, 0xff, 0xff, 0xb0, 0xf,
    0xff, 0xff, 0xff, 0xff, 0xff, 0xfb, 0x0, 0xff,
    0x50, 0x0, 0x0, 0x0, 0xaf, 0xb0, 0xf, 0xfd,
    0xcc, 0xcc, 0xcc, 0xce, 0xfb, 0x0, 0xff, 0xff,
    0xff, 0xff, 0xff, 0xff, 0xb0, 0xf, 0xf7, 0x33,
    0x33, 0x33, 0x33, 0x32, 0x1, 0xff, 0xee, 0xee,
    0xee, 0xee, 0xee, 0x50, 0x3f, 0xff, 0xff, 0xff,
    0xff, 0xff, 0xf6, 0x6, 0xff, 0xef, 0x93, 0x33,
    0x33, 0xff, 0x60, 0x9f, 0xbe, 0xf7, 0x0, 0x0,
    0xf, 0xf6, 0xe, 0xf7, 0xef, 0x94, 0x44, 0x44,
    0xff, 0x65, 0xff, 0x1e, 0xff, 0xff, 0xff, 0xff,
    0xf6, 0x7, 0x90, 0xef, 0xec, 0xcc, 0xcc, 0xff,
    0x60,

    /* U+544A "告" */
    0x0, 0x7, 0x51, 0xd, 0xfa, 0x0, 0x0, 0x0,
    0x0, 0x5f, 0xf3, 0x1d, 0xfa, 0x11, 0x11, 0x0,
    0x0, 0xaf, 0xff, 0xff, 0xff, 0xff, 0xff, 0x60,
    0x1, 0xff, 0xff, 0xff, 0xff, 0xff, 0xff, 0x60,
    0x6, 0xff, 0x32, 0x2e, 0xfb, 0x22, 0x22, 0x10,
    0x4, 0x8b, 0x44, 0x4e, 0xfb, 0x44, 0x44, 0x40,
    0x1f, 0xff, 0xff, 0xff, 0xff, 0xff, 0xff, 0xf2,
    0x1f, 0xff, 0xff, 0xff, 0xff, 0xff, 0xff, 0xf2,
    0x0, 0x12, 0x22, 0x22, 0x22, 0x22, 0x21, 0x0,
    0x0, 0xaf, 0xff, 0xff, 0xff, 0xff, 0xfc, 0x0,
    0x0, 0xaf, 0xff, 0xff, 0xff, 0xff, 0xfc, 0x0,
    0x0, 0xaf, 0xb0, 0x0, 0x0, 0xa, 0xfc, 0x0,
    0x0, 0xaf, 0xfd, 0xdd, 0xdd, 0xdf, 0xfc, 0x0,
    0x0, 0xaf, 0xff, 0xff, 0xff, 0xff, 0xfc, 0x0,
    0x0, 0xaf, 0xd6, 0x66, 0x66, 0x6c, 0xfc, 0x0,

    /* U+56ED "园" */
    0xef, 0xff, 0xff, 0xff, 0xff, 0xff, 0xfe, 0xef,
    0xff, 0xff, 0xff, 0xff, 0xff, 0xfe, 0xef, 0x85,
    0x66, 0x66, 0x66, 0x37, 0xfe, 0xef, 0x6c, 0xff,
    0xff, 0xff, 0x45, 0xfe, 0xef, 0x65, 0x77, 0x77,
    0x77, 0x15, 0xfe, 0xef, 0xae, 0xee, 0xee, 0xee,
    0xd5, 0xfe, 0xef, 0xaf, 0xff, 0xff, 0xff, 0xf5,
    0xfe, 0xef, 0x61, 0xff, 0x5f, 0xa2, 0x15, 0xfe,
    0xef, 0x64, 0xfe, 0x5f, 0xa8, 0xf9, 0xfe, 0xef,
    0x7d, 0xf9, 0x4f, 0xee, 0xf8, 0xfe, 0xef, 0x9f,
    0xe1, 0x2f, 0xff, 0xf6, 0xfe, 0xef, 0x88, 0x53,
    0x35, 0x88, 0x57, 0xfe, 0xef, 0xff, 0xff, 0xff,
    0xff, 0xff, 0xfe, 0xef, 0xec, 0xcc, 0xcc, 0xcc,
    0xcd, 0xfe,

    /* U+56FE "图" */
    0xef, 0xff, 0xff, 0xff, 0xff, 0xff, 0xf5, 0xef,
    0xff, 0xff, 0xff, 0xff, 0xff, 0xf5, 0xef, 0x51,
    0xde, 0xa8, 0x88, 0x6e, 0xf5, 0xef, 0x7d, 0xff,
    0xff, 0xff, 0xce, 0xf5, 0xef, 0xbf, 0xef, 0x69,
    0xfe, 0x3e, 0xf5, 0xef, 0x54, 0x6f, 0xff, 0xf4,
    0xe, 0xf5, 0xef, 0xcf, 0xff, 0xee, 0xff, 0xde,
    0xf5, 0xef, 0x9f, 0xef, 0x86, 0x8a, 0x8e, 0xf5,
    0xef, 0x50, 0x7e, 0xff, 0xf9, 0xe, 0xf5, 0xef,
    0x5a, 0xc9, 0x88, 0x84, 0xe, 0xf5, 0xef, 0x5b,
    0xff, 0xff, 0xfe, 0x4e, 0xf5, 0xef, 0x72, 0x35,
    0x8b, 0xef, 0x6e, 0xf5, 0xef, 0xff, 0xff, 0xff,
    0xff, 0xff, 0xf5, 0xef, 0xdc, 0xcc, 0xcc, 0xcc,
    0xcf, 0xf5,

    /* U+5728 "在" */
    0x0, 0x0, 0x3, 0xa8, 0x0, 0x0, 0x0, 0x0,
    0x1, 0x22, 0x2a, 0xfd, 0x22, 0x22, 0x22, 0x20,
    0xc, 0xff, 0xff, 0xff, 0xff, 0xff, 0xff, 0xf0,
    0xc, 0xff, 0xff, 0xff, 0xff, 0xff, 0xff, 0xf0,
    0x1, 0x14, 0xff, 0x81, 0x16, 0x75, 0x11, 0x10,
    0x0, 0xc, 0xfe, 0x0, 0xe, 0xf9, 0x0, 0x0,
    0x0, 0x8f, 0xf5, 0x0, 0xe, 0xf9, 0x0, 0x0,
    0x7, 0xff, 0xf0, 0xdf, 0xff, 0xff, 0xff, 0x80,
    0x3f, 0xff, 0xf0, 0xef, 0xff, 0xff, 0xff, 0x90,
    0xe, 0xff, 0xf0, 0x34, 0x4e, 0xfa, 0x44, 0x20,
    0x6, 0x5f, 0xf0, 0x0, 0xe, 0xf9, 0x0, 0x0,
    0x0, 0x3f, 0xf0, 0x0, 0xe, 0xf9, 0x0, 0x0,
    0x0, 0x3f, 0xf5, 0xdd, 0xdf, 0xfe, 0xdd, 0xd1,
    0x0, 0x3f, 0xf6, 0xff, 0xff, 0xff, 0xff, 0xf1,
    0x0, 0x3f, 0xf2, 0x66, 0x66, 0x66, 0x66, 0x60,

    /* U+5757 "块" */
    0x0, 0x9e, 0x60, 0x0, 0x5f, 0xe0, 0x0, 0x0,
    0x0, 0xbf, 0x70, 0x0, 0x5f, 0xe0, 0x0, 0x0,
    0x0, 0xbf, 0x70, 0xdf, 0xff, 0xff, 0xff, 0x30,
    0x5, 0xcf, 0xa3, 0xef, 0xff, 0xff, 0xff, 0x40,
    0x1f, 0xff, 0xfb, 0x45, 0x8f, 0xe5, 0xff, 0x40,
    0x1e, 0xff, 0xf9, 0x0, 0x5f, 0xe0, 0xff, 0x40,
    0x0, 0xbf, 0x70, 0x0, 0x5f, 0xe0, 0xff, 0x40,
    0x0, 0xbf, 0x77, 0xee, 0xef, 0xfe, 0xff, 0xe4,
    0x0, 0xbf, 0x78, 0xff, 0xff, 0xff, 0xff, 0xf4,
    0x0, 0xbf, 0x85, 0x55, 0xef, 0xfa, 0x55, 0x51,
    0x0, 0xcf, 0xf9, 0x4, 0xff, 0xfe, 0x20, 0x0,
    0x3f, 0xff, 0xfb, 0x4e, 0xfc, 0xdf, 0xe3, 0x0,
    0xf, 0xfb, 0x79, 0xff, 0xe2, 0x3f, 0xff, 0xa1,
    0x6, 0x10, 0x3f, 0xfe, 0x30, 0x3, 0xef, 0xf1,
    0x0, 0x0, 0x7, 0xc2, 0x0, 0x0, 0x1a, 0x80,
    0x0, 0x0, 0x0, 0x0, 0x0, 0x0, 0x0, 0x0,

    /* U+578B "型" */
    0x8, 0xdd, 0xdd, 0xdd, 0xc0, 0x0, 0x5f, 0xd0,
    0xa, 0xff, 0xff, 0xff, 0xf7, 0xfc, 0x5f, 0xd0,
    0x2, 0xaf, 0xb6, 0xff, 0x37, 0xfc, 0x5f, 0xd0,
    0x1, 0x9f, 0xa4, 0xfe, 0x17, 0xfc, 0x5f, 0xd0,
    0xf, 0xff, 0xff, 0xff, 0xf7, 0xfc, 0x5f, 0xd0,
    0xf, 0xff, 0xff, 0xff, 0xf7, 0xfc, 0x5f, 0xd0,
    0x3, 0xff, 0x75, 0xfe, 0x23, 0x78, 0x8f, 0xd0,
    0xa, 0xff, 0x13, 0xfe, 0x0, 0x4f, 0xff, 0xc0,
    0xc, 0xf6, 0x0, 0x3, 0x31, 0x1f, 0xff, 0x50,
    0x0, 0x61, 0x11, 0x3f, 0xf6, 0x12, 0x21, 0x0,
    0x0, 0xef, 0xff, 0xff, 0xff, 0xff, 0xff, 0x20,
    0x0, 0xdf, 0xff, 0xff, 0xff, 0xff, 0xff, 0x20,
    0x1, 0x11, 0x11, 0x4f, 0xf6, 0x11, 0x11, 0x10,
    0xf, 0xff, 0xff, 0xff, 0xff, 0xff, 0xff, 0xf2,
    0xf, 0xff, 0xff, 0xff, 0xff, 0xff, 0xff, 0xf2,

    /* U+57FA "基" */
    0x0, 0x1d, 0xf7, 0x11, 0x11, 0x7f, 0xd1, 0x0,
    0x8, 0xff, 0xff, 0xff, 0xff, 0xff, 0xff, 0x70,
    0x7, 0xff, 0xff, 0xff, 0xff, 0xff, 0xff, 0x70,
    0x0, 0xd, 0xf9, 0x44, 0x44, 0x9f, 0xd0, 0x0,
    0x0, 0xd, 0xff, 0xff, 0xff, 0xff, 0xd0, 0x0,
    0x0, 0xd, 0xfb, 0x77, 0x77, 0xbf, 0xd0, 0x0,
    0x0, 0xd, 0xfe, 0xcc, 0xcc, 0xef, 0xd0, 0x0,
    0xa, 0xaf, 0xfc, 0xaa, 0xaa, 0xcf, 0xfa, 0xa0,
    0xf, 0xff, 0xff, 0xff, 0xff, 0xff, 0xff, 0xf0,
    0x1, 0x1b, 0xff, 0x43, 0x34, 0xff, 0xb1, 0x10,
    0x2, 0xcf, 0xf8, 0x2f, 0xf2, 0x8f, 0xfc, 0x20,
    0x3f, 0xff, 0xff, 0xff, 0xff, 0xfe, 0xff, 0xf3,
    0xd, 0xc3, 0x7a, 0xaf, 0xfa, 0xa6, 0x2b, 0xc0,
    0x2, 0xdd, 0xdd, 0xdf, 0xfd, 0xdd, 0xdd, 0x0,
    0x0, 0xff, 0xff, 0xff, 0xff, 0xff, 0xff, 0x0,

    /* U+5806 "堆" */
    0x0, 0x0, 0x0, 0x2, 0x10, 0x0, 0x0, 0x0,
    0xe, 0xf5, 0x1, 0xff, 0x66, 0xc8, 0x0, 0x0,
    0xef, 0x50, 0x5f, 0xf1, 0x7f, 0xc0, 0x0, 0xe,
    0xf5, 0x9, 0xfc, 0x16, 0xfe, 0x10, 0x0, 0xef,
    0x50, 0xef, 0xff, 0xff, 0xff, 0xe1, 0xff, 0xff,
    0xcf, 0xff, 0xff, 0xff, 0xfd, 0x1f, 0xff, 0xff,
    0xff, 0x50, 0x6f, 0xe0, 0x0, 0x3f, 0xf9, 0xff,
    0xff, 0xff, 0xff, 0xf8, 0x0, 0xef, 0x5d, 0xff,
    0xff, 0xff, 0xff, 0x70, 0xe, 0xf5, 0x2e, 0xf5,
    0x16, 0xfe, 0x10, 0x0, 0xef, 0x50, 0xef, 0xff,
    0xff, 0xff, 0x80, 0xe, 0xfc, 0x6e, 0xff, 0xff,
    0xff, 0xf7, 0x3c, 0xff, 0xf9, 0xef, 0x40, 0x6f,
    0xe0, 0x4, 0xff, 0xc7, 0x2e, 0xff, 0xff, 0xff,
    0xfe, 0x6, 0x10, 0x0, 0xef, 0xff, 0xff, 0xff,
    0xf0, 0x0, 0x0, 0xe, 0xf6, 0x22, 0x22, 0x22,

    /* U+5907 "备" */
    0x0, 0x0, 0x0, 0x0, 0x0, 0x0, 0x0, 0x0,
    0x0, 0x0, 0xbf, 0xd1, 0x0, 0x0, 0x0, 0x0,
    0x0, 0x9, 0xff, 0xfd, 0xdd, 0xdd, 0xd7, 0x0,
    0x0, 0xaf, 0xff, 0xff, 0xff, 0xff, 0xf9, 0x0,
    0x1d, 0xff, 0xff, 0x71, 0x18, 0xff, 0xf6, 0x0,
    0xc, 0xf8, 0xdf, 0xfc, 0xdf, 0xfe, 0x30, 0x0,
    0x1, 0x41, 0x6f, 0xff, 0xff, 0xf8, 0x42, 0x0,
    0x4b, 0xdf, 0xff, 0xff, 0xff, 0xff, 0xff, 0xf0,
    0x4f, 0xff, 0xfc, 0x71, 0x38, 0xcf, 0xff, 0xc0,
    0xa, 0xff, 0xff, 0xff, 0xff, 0xff, 0xfc, 0x40,
    0x0, 0xef, 0xcb, 0xcf, 0xfb, 0xbe, 0xf9, 0x0,
    0x0, 0xef, 0xa7, 0x9f, 0xf7, 0x7d, 0xf9, 0x0,
    0x0, 0xef, 0xff, 0xff, 0xff, 0xff, 0xf9, 0x0,
    0x0, 0xef, 0x73, 0x7f, 0xf3, 0x3b, 0xf9, 0x0,
    0x0, 0xef, 0xff, 0xff, 0xff, 0xff, 0xf9, 0x0,
    0x0, 0xef, 0xdc, 0xcc, 0xcc, 0xce, 0xf9, 0x0,

    /* U+590D "复" */
    0x0, 0x0, 0x0, 0x0, 0x0, 0x0, 0x0, 0x0,
    0x0, 0x7, 0xfc, 0x10, 0x0, 0x0, 0x0, 0x0,
    0x0, 0x2f, 0xff, 0xff, 0xff, 0xff, 0xff, 0xd0,
    0x0, 0xcf, 0xfe, 0xee, 0xee, 0xee, 0xee, 0xc0,
    0xa, 0xff, 0xc9, 0x99, 0x99, 0x99, 0x99, 0x0,
    0x3f, 0xff, 0xff, 0xff, 0xff, 0xff, 0xff, 0x10,
    0x8, 0xef, 0xf6, 0x66, 0x66, 0x68, 0xff, 0x10,
    0x0, 0x6f, 0xff, 0xff, 0xff, 0xff, 0xff, 0x10,
    0x0, 0x6f, 0xf8, 0x88, 0x88, 0x8a, 0xff, 0x10,
    0x0, 0x4d, 0xff, 0xfd, 0xdd, 0xdd, 0xdd, 0x10,
    0x0, 0x7, 0xff, 0xda, 0xaa, 0xaa, 0xaa, 0x0,
    0x2, 0xbf, 0xff, 0xff, 0xff, 0xff, 0xff, 0x0,
    0xa, 0xfe, 0xbf, 0xfa, 0x47, 0xdf, 0xe5, 0x0,
    0x1, 0x81, 0x2b, 0xff, 0xff, 0xfe, 0x52, 0x10,
    0x9, 0xdf, 0xff, 0xff, 0xce, 0xff, 0xff, 0xf1,
    0x8, 0xff, 0xc8, 0x51, 0x0, 0x37, 0xad, 0xd0,
    0x1, 0x20, 0x0, 0x0, 0x0, 0x0, 0x0, 0x0,

    /* U+591A "多" */
    0x0, 0x0, 0x0, 0x87, 0x40, 0x0, 0x0, 0x0,
    0x0, 0x3, 0xdf, 0xf7, 0x33, 0x33, 0x30, 0x0,
    0x1a, 0xff, 0xff, 0xff, 0xff, 0xff, 0x0, 0x7f,
    0xff, 0xff, 0xcc, 0xce, 0xff, 0xe0, 0x4, 0xfb,
    0xdf, 0xf5, 0x4b, 0xff, 0xa1, 0x0, 0x1, 0x0,
    0xaf, 0xef, 0xfc, 0x40, 0x0, 0x6, 0x9c, 0xff,
    0xff, 0xfe, 0x20, 0x0, 0x0, 0xdf, 0xff, 0xcf,
    0xff, 0xfd, 0xdd, 0xda, 0x5, 0x85, 0x9f, 0xff,
    0xff, 0xff, 0xff, 0xc0, 0x3a, 0xff, 0xff, 0x73,
    0x34, 0xdf, 0xf6, 0x4, 0xff, 0xcf, 0xff, 0x36,
    0xef, 0xe4, 0x0, 0x8, 0x30, 0x2d, 0xef, 0xff,
    0xb1, 0x0, 0x2, 0x58, 0xbf, 0xff, 0xfc, 0x40,
    0x0, 0x1, 0xff, 0xff, 0xfe, 0x82, 0x0, 0x0,
    0x0, 0x9, 0xda, 0x62, 0x0, 0x0, 0x0, 0x0,
    0x0, 0x0, 0x0, 0x0, 0x0, 0x0, 0x0, 0x0,

    /* U+5927 "大" */
    0x0, 0x0, 0x0, 0x1f, 0xf7, 0x0, 0x0, 0x0,
    0x0, 0x0, 0x0, 0x1f, 0xf7, 0x0, 0x0, 0x0,
    0x0, 0x0, 0x0, 0x1f, 0xf7, 0x0, 0x0, 0x0,
    0x7, 0xff, 0xff, 0xff, 0xff, 0xff, 0xff, 0xe0,
    0x7, 0xff, 0xff, 0xff, 0xff, 0xff, 0xff, 0xe0,
    0x3, 0x66, 0x66, 0x9f, 0xfb, 0x66, 0x66, 0x50,
    0x0, 0x0, 0x0, 0x8f, 0xfd, 0x0, 0x0, 0x0,
    0x0, 0x0, 0x0, 0xef, 0xff, 0x40, 0x0, 0x0,
    0x0, 0x0, 0x9, 0xff, 0xff, 0xe1, 0x0, 0x0,
    0x0, 0x0, 0x7f, 0xfd, 0x5f, 0xfb, 0x0, 0x0,
    0x0, 0x9, 0xff, 0xf2, 0xa, 0xff, 0xc2, 0x0,
    0x4, 0xdf, 0xff, 0x30, 0x0, 0xcf, 0xff, 0x80,
    0xc, 0xff, 0xe3, 0x0, 0x0, 0xa, 0xff, 0xf2,
    0x3, 0xfa, 0x10, 0x0, 0x0, 0x0, 0x5e, 0x60,
    0x0, 0x20, 0x0, 0x0, 0x0, 0x0, 0x0, 0x0,

    /* U+5931 "失" */
    0x0, 0x5, 0x10, 0x1f, 0xf5, 0x0, 0x0, 0x0,
    0x0, 0x4f, 0xf3, 0x1f, 0xf4, 0x0, 0x0, 0x0,
    0x0, 0x9f, 0xf4, 0x5f, 0xf7, 0x33, 0x33, 0x0,
    0x0, 0xef, 0xff, 0xff, 0xff, 0xff, 0xfe, 0x0,
    0x5, 0xff, 0xff, 0xff, 0xff, 0xff, 0xfe, 0x0,
    0xa, 0xfd, 0x11, 0x3f, 0xf5, 0x11, 0x11, 0x0,
    0x1, 0x86, 0x11, 0x4f, 0xf5, 0x11, 0x11, 0x0,
    0xe, 0xff, 0xff, 0xff, 0xff, 0xff, 0xff, 0x70,
    0xe, 0xff, 0xff, 0xff, 0xff, 0xff, 0xff, 0x70,
    0x3, 0x33, 0x34, 0xef, 0xfd, 0x33, 0x33, 0x10,
    0x0, 0x0, 0xa, 0xff, 0xff, 0x80, 0x0, 0x0,
    0x0, 0x2, 0xcf, 0xfb, 0xaf, 0xfb, 0x20, 0x0,
    0x2, 0x9f, 0xff, 0xc0, 0xc, 0xff, 0xfa, 0x40,
    0xe, 0xff, 0xf9, 0x0, 0x0, 0x9f, 0xff, 0xc0,
    0x6, 0xfc, 0x40, 0x0, 0x0, 0x3, 0xbf, 0x30,
    0x0, 0x30, 0x0, 0x0, 0x0, 0x0, 0x1, 0x0,

    /* U+5934 "头" */
    0x0, 0x1, 0xa1, 0x0, 0x7f, 0xf0, 0x0, 0x0,
    0x0, 0x9, 0xff, 0x60, 0x7f, 0xf0, 0x0, 0x0,
    0x0, 0x7, 0xff, 0xfb, 0x8f, 0xe0, 0x0, 0x0,
    0x0, 0x64, 0x2c, 0xf9, 0x8f, 0xe0, 0x0, 0x0,
    0x1, 0xff, 0x91, 0x60, 0x8f, 0xe0, 0x0, 0x0,
    0x3, 0xef, 0xfe, 0x40, 0x9f, 0xd0, 0x0, 0x0,
    0x0, 0x19, 0xff, 0x60, 0xaf, 0xc0, 0x0, 0x0,
    0x0, 0x0, 0x5b, 0x0, 0xbf, 0xb0, 0x0, 0x0,
    0x1f, 0xff, 0xff, 0xff, 0xff, 0xff, 0xff, 0xf2,
    0x1f, 0xff, 0xff, 0xff, 0xff, 0xff, 0xff, 0xf2,
    0x2, 0x22, 0x22, 0x4f, 0xff, 0x62, 0x22, 0x20,
    0x0, 0x0, 0x6, 0xef, 0xff, 0xfb, 0x30, 0x0,
    0x2, 0x6a, 0xff, 0xff, 0x9c, 0xff, 0xfb, 0x30,
    0xd, 0xff, 0xff, 0xd4, 0x0, 0x5d, 0xff, 0xd0,
    0x7, 0xff, 0xa4, 0x0, 0x0, 0x0, 0x7f, 0x50,
    0x0, 0x40, 0x0, 0x0, 0x0, 0x0, 0x1, 0x0,

    /* U+5B58 "存" */
    0x0, 0x0, 0x6, 0x74, 0x0, 0x0, 0x0, 0x0,
    0x2, 0x33, 0x3f, 0xfb, 0x33, 0x33, 0x33, 0x20,
    0xd, 0xff, 0xff, 0xff, 0xff, 0xff, 0xff, 0xf0,
    0xc, 0xff, 0xff, 0xff, 0xff, 0xff, 0xff, 0xe0,
    0x0, 0x7, 0xff, 0x52, 0x22, 0x22, 0x22, 0x10,
    0x0, 0x2f, 0xfa, 0x8f, 0xff, 0xff, 0xff, 0xb0,
    0x0, 0xcf, 0xf1, 0x7f, 0xff, 0xff, 0xff, 0xb0,
    0xb, 0xff, 0xd0, 0x0, 0x1, 0xaf, 0xfc, 0x20,
    0x4f, 0xff, 0xd1, 0x22, 0x2b, 0xff, 0x92, 0x20,
    0xf, 0xef, 0xd9, 0xff, 0xff, 0xff, 0xff, 0xf4,
    0x5, 0x5f, 0xd8, 0xff, 0xff, 0xff, 0xff, 0xf4,
    0x0, 0x5f, 0xd0, 0x0, 0xb, 0xfb, 0x0, 0x0,
    0x0, 0x5f, 0xd0, 0x3, 0x3d, 0xfb, 0x0, 0x0,
    0x0, 0x5f, 0xd0, 0xf, 0xff, 0xfa, 0x0, 0x0,
    0x0, 0x5f, 0xd0, 0xb, 0xee, 0xc2, 0x0, 0x0,

    /* U+5B8C "完" */
    0x0, 0x0, 0x0, 0x68, 0x90, 0x0, 0x0, 0x0,
    0x23, 0x33, 0x3c, 0xff, 0x43, 0x33, 0x31, 0xe,
    0xff, 0xff, 0xff, 0xff, 0xff, 0xff, 0x70, 0xef,
    0xff, 0xff, 0xff, 0xff, 0xff, 0xf7, 0xe, 0xf5,
    0x0, 0x0, 0x0, 0x0, 0xef, 0x70, 0x16, 0xaa,
    0xaa, 0xaa, 0xaa, 0xa9, 0x10, 0x0, 0x7f, 0xff,
    0xff, 0xff, 0xff, 0xe0, 0x0, 0x1, 0x33, 0x33,
    0x33, 0x33, 0x32, 0x0, 0xd, 0xff, 0xff, 0xff,
    0xff, 0xff, 0xff, 0x50, 0xef, 0xff, 0xff, 0xff,
    0xff, 0xff, 0xf5, 0x2, 0x33, 0xcf, 0xc3, 0xff,
    0x83, 0x58, 0x20, 0x0, 0x2f, 0xf8, 0xe, 0xf7,
    0x6, 0xfc, 0x1, 0x7f, 0xff, 0x20, 0xef, 0x91,
    0x8f, 0xb0, 0xdf, 0xff, 0x60, 0xc, 0xff, 0xff,
    0xf9, 0x6, 0xfb, 0x30, 0x0, 0x4d, 0xff, 0xfc,
    0x20, 0x2, 0x0, 0x0, 0x0, 0x0, 0x0, 0x0,

    /* U+5B9A "定" */
    0x0, 0x0, 0x0, 0x0, 0x0, 0x0, 0x0, 0x0,
    0x0, 0x0, 0x0, 0x9f, 0xf4, 0x0, 0x0, 0x0,
    0x2, 0x22, 0x22, 0x9f, 0xf8, 0x22, 0x22, 0x20,
    0xe, 0xff, 0xff, 0xff, 0xff, 0xff, 0xff, 0xe0,
    0xe, 0xff, 0xff, 0xff, 0xff, 0xff, 0xff, 0xe0,
    0xe, 0xf5, 0x0, 0x0, 0x0, 0x0, 0x5f, 0xe0,
    0x5, 0xff, 0xff, 0xff, 0xff, 0xff, 0xff, 0x40,
    0x6, 0xff, 0xff, 0xff, 0xff, 0xff, 0xff, 0x40,
    0x0, 0x23, 0x22, 0x3f, 0xf6, 0x22, 0x22, 0x0,
    0x0, 0x4f, 0xe0, 0x1f, 0xf5, 0x11, 0x11, 0x0,
    0x0, 0x6f, 0xe0, 0x1f, 0xff, 0xff, 0xfd, 0x0,
    0x0, 0xaf, 0xd0, 0x1f, 0xff, 0xff, 0xfd, 0x0,
    0x1, 0xff, 0xf8, 0x1f, 0xf5, 0x0, 0x0, 0x0,
    0x9, 0xff, 0xff, 0xcf, 0xf7, 0x33, 0x33, 0x30,
    0x4f, 0xfa, 0x8f, 0xff, 0xff, 0xff, 0xff, 0xf2,
    0x1d, 0xe1, 0x3, 0xae, 0xff, 0xff, 0xff, 0xe0,
    0x1, 0x20, 0x0, 0x0, 0x0, 0x0, 0x0, 0x0,

    /* U+5B9E "实" */
    0x0, 0x0, 0x0, 0x0, 0x0, 0x0, 0x0, 0x0,
    0x0, 0x0, 0x5f, 0xf6, 0x0, 0x0, 0x0, 0x45,
    0x55, 0x57, 0xff, 0xc5, 0x55, 0x54, 0xd, 0xff,
    0xff, 0xff, 0xff, 0xff, 0xff, 0xe0, 0xdf, 0xed,
    0xcc, 0xcc, 0xcc, 0xce, 0xfe, 0xd, 0xf7, 0x9d,
    0x40, 0x4c, 0xc0, 0x7f, 0xe0, 0x67, 0x3d, 0xff,
    0xc7, 0xff, 0x3, 0x87, 0x0, 0x9, 0x68, 0xfd,
    0x6f, 0xf0, 0x0, 0x0, 0x4, 0xff, 0xd7, 0x37,
    0xff, 0x0, 0x0, 0x2, 0x27, 0xff, 0xf3, 0x9f,
    0xe2, 0x22, 0x20, 0xff, 0xff, 0xff, 0xff, 0xff,
    0xff, 0xff, 0xe, 0xff, 0xff, 0xff, 0xff, 0xff,
    0xff, 0xf0, 0x0, 0x0, 0x18, 0xff, 0xf9, 0x20,
    0x0, 0x0, 0x36, 0xbf, 0xff, 0xff, 0xff, 0xb5,
    0x0, 0x9f, 0xff, 0xff, 0xa1, 0x5c, 0xff, 0xfc,
    0x3, 0xff, 0xc7, 0x20, 0x0, 0x4, 0xbf, 0x60,
    0x4, 0x10, 0x0, 0x0, 0x0, 0x0, 0x30, 0x0,

    /* U+5BF8 "寸" */
    0x0, 0x0, 0x0, 0x0, 0x1f, 0xf8, 0x0, 0x0,
    0x0, 0x0, 0x0, 0x1f, 0xf8, 0x0, 0x0, 0x0,
    0x0, 0x0, 0x1f, 0xf8, 0x0, 0xef, 0xff, 0xff,
    0xff, 0xff, 0xff, 0xfe, 0xef, 0xff, 0xff, 0xff,
    0xff, 0xff, 0xff, 0x66, 0x68, 0x66, 0x66, 0x7f,
    0xfb, 0x66, 0x0, 0x3f, 0x50, 0x0, 0x1f, 0xf8,
    0x0, 0x0, 0xdf, 0xf5, 0x0, 0x1f, 0xf8, 0x0,
    0x0, 0x3f, 0xff, 0x50, 0x1f, 0xf8, 0x0, 0x0,
    0x4, 0xff, 0xc0, 0x1f, 0xf8, 0x0, 0x0, 0x0,
    0x6d, 0x10, 0x1f, 0xf8, 0x0, 0x0, 0x0, 0x0,
    0x0, 0x1f, 0xf8, 0x0, 0x0, 0x0, 0x7, 0x77,
    0x9f, 0xf7, 0x0, 0x0, 0x0, 0xf, 0xff, 0xff,
    0xf5, 0x0, 0x0, 0x0, 0xb, 0xff, 0xfe, 0x90,
    0x0,

    /* U+5BF9 "对" */
    0x0, 0x0, 0x0, 0x0, 0x0, 0x5, 0xff, 0x0,
    0xa, 0xbb, 0xbb, 0xb4, 0x0, 0x5, 0xff, 0x0,
    0xe, 0xff, 0xff, 0xf6, 0x11, 0x16, 0xff, 0x10,
    0xb, 0xcc, 0xcf, 0xfb, 0xff, 0xff, 0xff, 0xf3,
    0x0, 0x60, 0x2f, 0xf8, 0xff, 0xff, 0xff, 0xf3,
    0xd, 0xf7, 0x6f, 0xe1, 0x43, 0x37, 0xff, 0x30,
    0x8, 0xff, 0xdf, 0xa4, 0xe3, 0x5, 0xff, 0x0,
    0x0, 0xcf, 0xff, 0x4b, 0xfd, 0x5, 0xff, 0x0,
    0x0, 0x2f, 0xff, 0x1, 0xff, 0x95, 0xff, 0x0,
    0x0, 0x2f, 0xff, 0x60, 0x6f, 0xe6, 0xff, 0x0,
    0x0, 0xbf, 0xff, 0xf2, 0x7, 0x5, 0xff, 0x0,
    0x8, 0xff, 0x7e, 0xfd, 0x0, 0x5, 0xff, 0x0,
    0x4f, 0xfb, 0x5, 0xf8, 0x5, 0x5a, 0xff, 0x0,
    0x1d, 0xe1, 0x0, 0x30, 0xd, 0xff, 0xfe, 0x0,
    0x2, 0x20, 0x0, 0x0, 0xa, 0xff, 0xd5, 0x0,

    /* U+5C0F "小" */
    0x0, 0x0, 0x0, 0x1f, 0xf8, 0x0, 0x0, 0x0,
    0x0, 0x0, 0x0, 0x1f, 0xf8, 0x0, 0x0, 0x0,
    0x0, 0x2, 0x0, 0x1f, 0xf8, 0x1, 0x40, 0x0,
    0x0, 0x2f, 0xf5, 0x1f, 0xf8, 0x7f, 0xf1, 0x0,
    0x0, 0x6f, 0xf2, 0x1f, 0xf8, 0x4f, 0xf6, 0x0,
    0x0, 0xaf, 0xe0, 0x1f, 0xf8, 0xe, 0xfc, 0x0,
    0x0, 0xef, 0x90, 0x1f, 0xf8, 0x8, 0xff, 0x20,
    0x4, 0xff, 0x40, 0x1f, 0xf8, 0x3, 0xff, 0x80,
    0x9, 0xfe, 0x0, 0x1f, 0xf8, 0x0, 0xdf, 0xe0,
    0x1f, 0xf9, 0x0, 0x1f, 0xf8, 0x0, 0x8f, 0xf4,
    0x3d, 0xf2, 0x0, 0x1f, 0xf8, 0x0, 0x3f, 0xc4,
    0x0, 0x30, 0x67, 0x9f, 0xf8, 0x0, 0x1, 0x0,
    0x0, 0x0, 0xaf, 0xff, 0xf6, 0x0, 0x0, 0x0,
    0x0, 0x0, 0x6f, 0xff, 0xa0, 0x0, 0x0, 0x0,

    /* U+5C31 "就" */
    0x0, 0x0, 0x11, 0x0, 0x0, 0x0, 0x0, 0x0,
    0x0, 0x8, 0xfc, 0x0, 0xd, 0xf4, 0x63, 0x0,
    0x8, 0xac, 0xff, 0xaa, 0xd, 0xf8, 0xfe, 0x10,
    0xd, 0xff, 0xff, 0xff, 0x1d, 0xf4, 0xbf, 0xb0,
    0x8, 0xaa, 0xaa, 0xaa, 0x2e, 0xf5, 0x3d, 0x40,
    0x5, 0x99, 0x99, 0x98, 0xcf, 0xff, 0xff, 0xf0,
    0x9, 0xff, 0xff, 0xfe, 0xbf, 0xff, 0xff, 0xe0,
    0x9, 0xf9, 0x45, 0xfe, 0xf, 0xf2, 0x0, 0x0,
    0x9, 0xfd, 0xbc, 0xfe, 0x1f, 0xff, 0xc0, 0x0,
    0x9, 0xff, 0xff, 0xfe, 0x3f, 0xff, 0xc0, 0x0,
    0x3, 0x54, 0xfe, 0x48, 0x6f, 0xff, 0xc0, 0x0,
    0x8, 0xf9, 0xfe, 0xef, 0xcf, 0xbf, 0xc7, 0xb1,
    0xe, 0xf5, 0xfe, 0xae, 0xff, 0x7f, 0xc8, 0xf2,
    0x4f, 0xe4, 0xfe, 0x18, 0xfe, 0x3f, 0xd9, 0xf1,
    0x3c, 0xff, 0xfd, 0x1f, 0xf7, 0x2f, 0xff, 0xf0,
    0x0, 0x7f, 0xf6, 0x7, 0xe0, 0xb, 0xff, 0x80,
    0x0, 0x0, 0x0, 0x0, 0x0, 0x0, 0x0, 0x0,

    /* U+5C3A "尺" */
    0x0, 0x8f, 0xff, 0xff, 0xff, 0xff, 0xff, 0x10,
    0x0, 0x8f, 0xff, 0xff, 0xff, 0xff, 0xff, 0x10,
    0x0, 0x8f, 0xf6, 0x66, 0x66, 0x6a, 0xff, 0x10,
    0x0, 0x8f, 0xf0, 0x0, 0x0, 0x6, 0xff, 0x10,
    0x0, 0x8f, 0xf7, 0x77, 0x77, 0x7a, 0xff, 0x10,
    0x0, 0x8f, 0xff, 0xff, 0xff, 0xff, 0xff, 0x10,
    0x0, 0x8f, 0xff, 0xff, 0xff, 0xff, 0xff, 0x10,
    0x0, 0x9f, 0xe0, 0xe, 0xfb, 0x0, 0x0, 0x0,
    0x0, 0xaf, 0xd0, 0x8, 0xff, 0x50, 0x0, 0x0,
    0x0, 0xef, 0xa0, 0x1, 0xef, 0xf5, 0x0, 0x0,
    0x2, 0xff, 0x60, 0x0, 0x3f, 0xff, 0xb2, 0x0,
    0x9, 0xff, 0x10, 0x0, 0x4, 0xff, 0xff, 0xb0,
    0x2f, 0xfb, 0x0, 0x0, 0x0, 0x2d, 0xff, 0x90,
    0x9, 0xf2, 0x0, 0x0, 0x0, 0x0, 0x6d, 0x10,
    0x0, 0x20, 0x0, 0x0, 0x0, 0x0, 0x0, 0x0,

    /* U+5C4F "屏" */
    0x0, 0xff, 0xff, 0xff, 0xff, 0xff, 0xff, 0xc0,
    0x0, 0xff, 0xff, 0xff, 0xff, 0xff, 0xff, 0xc0,
    0x0, 0xff, 0xdd, 0xdd, 0xdd, 0xdd, 0xef, 0xc0,
    0x0, 0xff, 0xff, 0xff, 0xff, 0xff, 0xff, 0xc0,
    0x0, 0xff, 0x51, 0x9f, 0x31, 0x3f, 0x92, 0x10,
    0x0, 0xff, 0x41, 0xdf, 0x91, 0x8f, 0xf2, 0x0,
    0x1, 0xff, 0x8f, 0xff, 0xff, 0xff, 0xff, 0xd0,
    0x1, 0xff, 0x7f, 0xff, 0xff, 0xff, 0xff, 0xc0,
    0x2, 0xff, 0x21, 0xef, 0x61, 0x6f, 0xe1, 0x10,
    0x4, 0xff, 0xaf, 0xff, 0xff, 0xff, 0xff, 0xf5,
    0x7, 0xfd, 0x9f, 0xff, 0xff, 0xff, 0xff, 0xf4,
    0xd, 0xf9, 0x4, 0xff, 0x10, 0x5f, 0xe0, 0x0,
    0x3f, 0xf4, 0x3e, 0xfa, 0x0, 0x5f, 0xe0, 0x0,
    0x5, 0xc0, 0x1e, 0xd1, 0x0, 0x5f, 0xe0, 0x0,
    0x0, 0x0, 0x1, 0x0, 0x0, 0x0, 0x0, 0x0,

    /* U+5DE5 "工" */
    0x0, 0x88, 0x88, 0x88, 0x88, 0x88, 0x88, 0x10,
    0x1, 0xff, 0xff, 0xff, 0xff, 0xff, 0xff, 0x20,
    0x1, 0xff, 0xff, 0xff, 0xff, 0xff, 0xff, 0x20,
    0x0, 0x0, 0x0, 0x6f, 0xf6, 0x0, 0x0, 0x0,
    0x0, 0x0, 0x0, 0x6f, 0xf6, 0x0, 0x0, 0x0,
    0x0, 0x0, 0x0, 0x6f, 0xf6, 0x0, 0x0, 0x0,
    0x0, 0x0, 0x0, 0x6f, 0xf6, 0x0, 0x0, 0x0,
    0x0, 0x0, 0x0, 0x6f, 0xf6, 0x0, 0x0, 0x0,
    0x0, 0x0, 0x0, 0x6f, 0xf6, 0x0, 0x0, 0x0,
    0x0, 0x0, 0x0, 0x6f, 0xf6, 0x0, 0x0, 0x0,
    0x0, 0x0, 0x0, 0x6f, 0xf6, 0x0, 0x0, 0x0,
    0x1f, 0xff, 0xff, 0xff, 0xff, 0xff, 0xff, 0xf1,
    0x1f, 0xff, 0xff, 0xff, 0xff, 0xff, 0xff, 0xf1,
    0x5, 0x55, 0x55, 0x55, 0x55, 0x55, 0x55, 0x50,

    /* U+5E27 "帧" */
    0x1, 0xff, 0x10, 0x0, 0x5f, 0xe1, 0x11, 0x0,
    0x2f, 0xf2, 0x0, 0x5, 0xff, 0xff, 0xf4, 0xff,
    0xff, 0xfe, 0x0, 0x5f, 0xff, 0xff, 0x4f, 0xff,
    0xff, 0xe0, 0x5, 0xff, 0x44, 0x41, 0xfa, 0xfe,
    0xbe, 0x8f, 0xff, 0xff, 0xff, 0xf, 0x8f, 0xe9,
    0xe8, 0xff, 0xff, 0xff, 0xf0, 0xf8, 0xfe, 0x9e,
    0x8f, 0x95, 0x63, 0xff, 0xf, 0x8f, 0xe9, 0xe8,
    0xf8, 0xcf, 0x4f, 0xf0, 0xf8, 0xfe, 0x9e, 0x8f,
    0x8c, 0xf4, 0xff, 0xf, 0x8f, 0xe9, 0xe8, 0xf8,
    0xdf, 0x4f, 0xf0, 0xf8, 0xff, 0xfe, 0x8f, 0x9f,
    0xf3, 0xee, 0xf, 0x8f, 0xef, 0xc1, 0x2c, 0xff,
    0xd3, 0x0, 0x53, 0xfe, 0x31, 0x7e, 0xff, 0xef,
    0xf7, 0x0, 0xf, 0xe0, 0x7f, 0xff, 0x51, 0xbf,
    0xf5, 0x0, 0xfe, 0x0, 0xc8, 0x10, 0x0, 0x8b,
    0x0, 0x0, 0x0, 0x0, 0x0, 0x0, 0x0, 0x0,

    /* U+5E55 "幕" */
    0x0, 0x0, 0x8f, 0xb0, 0xb, 0xf9, 0x0, 0x0,
    0xf, 0xff, 0xff, 0xff, 0xff, 0xff, 0xff, 0xf0,
    0x9, 0x99, 0xcf, 0xe9, 0x9e, 0xfd, 0x99, 0x90,
    0x0, 0xce, 0xff, 0xfe, 0xef, 0xff, 0xec, 0x0,
    0x0, 0xef, 0xc8, 0x88, 0x88, 0x8c, 0xfe, 0x0,
    0x0, 0xef, 0xfe, 0xee, 0xee, 0xef, 0xfe, 0x0,
    0x0, 0xef, 0xc8, 0x88, 0x88, 0x8b, 0xfe, 0x0,
    0x0, 0xcd, 0xdf, 0xff, 0xdd, 0xdd, 0xdc, 0x0,
    0x2b, 0xbb, 0xbe, 0xff, 0xbb, 0xbb, 0xbb, 0xb2,
    0x3f, 0xff, 0xff, 0xff, 0xff, 0xff, 0xff, 0xf3,
    0x3, 0xaf, 0xfb, 0x2f, 0xf5, 0xbf, 0xfb, 0x61,
    0x2f, 0xff, 0xff, 0xff, 0xff, 0xff, 0xff, 0xf1,
    0xb, 0xbf, 0xfa, 0x9f, 0xfb, 0x9f, 0xfa, 0xb0,
    0x0, 0xf, 0xf2, 0xf, 0xf8, 0xaf, 0xf2, 0x0,
    0x0, 0xe, 0xe2, 0xf, 0xf9, 0xff, 0xb0, 0x0,

    /* U+5E76 "并" */
    0x0, 0x0, 0x5a, 0x0, 0x0, 0x96, 0x10, 0x0,
    0x0, 0x5, 0xff, 0x90, 0x4, 0xff, 0x90, 0x0,
    0x0, 0x11, 0xcf, 0xf3, 0x1d, 0xff, 0x21, 0x0,
    0x8, 0xff, 0xff, 0xff, 0xff, 0xff, 0xff, 0xa0,
    0x8, 0xff, 0xff, 0xff, 0xff, 0xff, 0xff, 0xa0,
    0x1, 0x22, 0xff, 0x92, 0x25, 0xff, 0x62, 0x10,
    0x0, 0x0, 0xff, 0x80, 0x3, 0xff, 0x40, 0x0,
    0x16, 0x66, 0xff, 0xb6, 0x68, 0xff, 0x86, 0x61,
    0x3f, 0xff, 0xff, 0xff, 0xff, 0xff, 0xff, 0xf3,
    0x3f, 0xff, 0xff, 0xff, 0xff, 0xff, 0xff, 0xf3,
    0x0, 0x4, 0xff, 0x40, 0x3, 0xff, 0x40, 0x0,
    0x0, 0xa, 0xff, 0x10, 0x3, 0xff, 0x40, 0x0,
    0x0, 0x8f, 0xfb, 0x0, 0x3, 0xff, 0x40, 0x0,
    0xa, 0xff, 0xf2, 0x0, 0x3, 0xff, 0x40, 0x0,
    0x2, 0xde, 0x30, 0x0, 0x3, 0xff, 0x40, 0x0,
    0x0, 0x1, 0x0, 0x0, 0x0, 0x0, 0x0, 0x0,

    /* U+5E94 "应" */
    0x0, 0x0, 0x0, 0x6, 0xac, 0x0, 0x0, 0x0,
    0x0, 0x22, 0x22, 0x2c, 0xff, 0x52, 0x22, 0x20,
    0x2, 0xff, 0xff, 0xff, 0xff, 0xff, 0xff, 0xf2,
    0x2, 0xff, 0xff, 0xff, 0xff, 0xff, 0xff, 0xf2,
    0x2, 0xff, 0x31, 0x11, 0x37, 0x11, 0x11, 0x10,
    0x2, 0xff, 0x58, 0x21, 0xff, 0x30, 0x5e, 0x80,
    0x2, 0xff, 0xff, 0x70, 0xdf, 0x70, 0xaf, 0xd0,
    0x2, 0xff, 0xbf, 0xc0, 0xaf, 0xb0, 0xef, 0x80,
    0x2, 0xff, 0x6f, 0xf2, 0x6f, 0xf3, 0xff, 0x30,
    0x3, 0xff, 0x1f, 0xf7, 0x2f, 0xfb, 0xfd, 0x0,
    0x5, 0xff, 0xa, 0xfc, 0xf, 0xcf, 0xf8, 0x0,
    0x8, 0xfd, 0x6, 0xc7, 0x0, 0x2f, 0xf2, 0x0,
    0xd, 0xfb, 0x66, 0x66, 0x66, 0xaf, 0xe6, 0x60,
    0x2f, 0xf7, 0xff, 0xff, 0xff, 0xff, 0xff, 0xf2,
    0x6, 0xf2, 0xee, 0xee, 0xee, 0xee, 0xee, 0xe1,
    0x0, 0x30, 0x0, 0x0, 0x0, 0x0, 0x0, 0x0,

    /* U+5EA6 "度" */
    0x0, 0x0, 0x0, 0x7, 0xbc, 0x0, 0x0, 0x0,
    0x2, 0xbb, 0xbb, 0xbe, 0xff, 0xcb, 0xbb, 0xb2,
    0x3, 0xff, 0xff, 0xff, 0xff, 0xff, 0xff, 0xf3,
    0x3, 0xff, 0x58, 0xff, 0x55, 0x6f, 0xf6, 0x50,
    0x3, 0xff, 0xee, 0xff, 0xee, 0xef, 0xfe, 0xe1,
    0x3, 0xff, 0xff, 0xff, 0xff, 0xff, 0xff, 0xf1,
    0x3, 0xff, 0x5, 0xff, 0x44, 0x5f, 0xf1, 0x0,
    0x3, 0xff, 0x5, 0xff, 0xff, 0xff, 0xf1, 0x0,
    0x3, 0xff, 0x2, 0x66, 0x66, 0x66, 0x61, 0x0,
    0x4, 0xff, 0x4f, 0xff, 0xff, 0xff, 0xff, 0x10,
    0x5, 0xfe, 0x3f, 0xff, 0xbb, 0xcf, 0xff, 0x10,
    0x7, 0xfc, 0x6, 0xff, 0xc6, 0xdf, 0xf5, 0x0,
    0xb, 0xf9, 0x1, 0x7f, 0xff, 0xff, 0x61, 0x0,
    0x1f, 0xfb, 0xdf, 0xff, 0xff, 0xff, 0xff, 0xf1,
    0x2c, 0xf3, 0xff, 0xe9, 0x30, 0x5b, 0xff, 0xc0,
    0x0, 0x30, 0x52, 0x0, 0x0, 0x0, 0x3, 0x30,

    /* U+5F00 "开" */
    0x6, 0xff, 0xff, 0xff, 0xff, 0xff, 0xff, 0xa0,
    0x6, 0xff, 0xff, 0xff, 0xff, 0xff, 0xff, 0xa0,
    0x2, 0x55, 0xff, 0xa5, 0x55, 0xff, 0xa5, 0x30,
    0x0, 0x1, 0xff, 0x80, 0x0, 0xff, 0x80, 0x0,
    0x0, 0x1, 0xff, 0x80, 0x0, 0xff, 0x80, 0x0,
    0x7, 0x77, 0xff, 0xb7, 0x77, 0xff, 0xb7, 0x71,
    0x2f, 0xff, 0xff, 0xff, 0xff, 0xff, 0xff, 0xf3,
    0x2f, 0xff, 0xff, 0xff, 0xff, 0xff, 0xff, 0xf3,
    0x0, 0x3, 0xff, 0x60, 0x0, 0xff, 0x80, 0x0,
    0x0, 0x6, 0xff, 0x30, 0x0, 0xff, 0x80, 0x0,
    0x0, 0xd, 0xff, 0x0, 0x0, 0xff, 0x80, 0x0,
    0x1, 0xcf, 0xf8, 0x0, 0x0, 0xff, 0x80, 0x0,
    0xb, 0xff, 0xc0, 0x0, 0x0, 0xff, 0x80, 0x0,
    0x1, 0xdd, 0x10, 0x0, 0x0, 0xff, 0x80, 0x0,
    0x0, 0x11, 0x0, 0x0, 0x0, 0x0, 0x0, 0x0,

    /* U+5F52 "归" */
    0x0, 0xe, 0xf7, 0x0, 0x0, 0x0, 0x0, 0x34,
    0x1e, 0xf7, 0xbf, 0xff, 0xff, 0xf8, 0xef, 0x4e,
    0xf7, 0xbf, 0xff, 0xff, 0xf8, 0xef, 0x4e, 0xf7,
    0x69, 0x99, 0x9f, 0xf8, 0xef, 0x4e, 0xf7, 0x0,
    0x0, 0xe, 0xf8, 0xef, 0x4e, 0xf7, 0x0, 0x0,
    0xe, 0xf8, 0xef, 0x4e, 0xf7, 0x58, 0x88, 0x8f,
    0xf8, 0xef, 0x4f, 0xf6, 0xaf, 0xff, 0xff, 0xf8,
    0xef, 0x4f, 0xf6, 0x8d, 0xdd, 0xdf, 0xf8, 0xef,
    0x5f, 0xf5, 0x0, 0x0, 0xe, 0xf8, 0xef, 0x8f,
    0xf3, 0x0, 0x0, 0xe, 0xf8, 0x0, 0xbf, 0xf1,
    0x22, 0x22, 0x2e, 0xf8, 0x8, 0xff, 0x97, 0xff,
    0xff, 0xff, 0xf8, 0x8f, 0xfe, 0x17, 0xff, 0xff,
    0xff, 0xf8, 0x1c, 0xf3, 0x1, 0x22, 0x22, 0x2e,
    0xf8, 0x0, 0x20, 0x0, 0x0, 0x0, 0x0, 0x0,

    /* U+5F53 "当" */
    0x0, 0x90, 0x1, 0xff, 0x80, 0x7, 0x50, 0xc,
    0xfb, 0x1, 0xff, 0x80, 0x4f, 0xf6, 0xa, 0xff,
    0x91, 0xff, 0x82, 0xef, 0xe1, 0x0, 0xdf, 0xe2,
    0xff, 0x8a, 0xff, 0x40, 0x0, 0x2e, 0x21, 0xff,
    0x81, 0xd8, 0x21, 0x5f, 0xff, 0xff, 0xff, 0xff,
    0xff, 0xfa, 0x5f, 0xff, 0xff, 0xff, 0xff, 0xff,
    0xfa, 0x15, 0x55, 0x55, 0x55, 0x55, 0x5f, 0xfa,
    0x4, 0x55, 0x55, 0x55, 0x55, 0x5f, 0xfa, 0xd,
    0xff, 0xff, 0xff, 0xff, 0xff, 0xfa, 0xc, 0xff,
    0xff, 0xff, 0xff, 0xff, 0xfa, 0x0, 0x0, 0x0,
    0x0, 0x0, 0xf, 0xfa, 0x9f, 0xff, 0xff, 0xff,
    0xff, 0xff, 0xfa, 0x9f, 0xff, 0xff, 0xff, 0xff,
    0xff, 0xfa, 0x35, 0x55, 0x55, 0x55, 0x55, 0x5f,
    0xfa,

    /* U+5F55 "录" */
    0x0, 0xff, 0xff, 0xff, 0xff, 0xff, 0xf6, 0x0,
    0x0, 0xff, 0xff, 0xff, 0xff, 0xff, 0xf6, 0x0,
    0x0, 0x35, 0x55, 0x55, 0x55, 0x5f, 0xf6, 0x0,
    0x0, 0x9f, 0xff, 0xff, 0xff, 0xff, 0xf6, 0x0,
    0x0, 0x35, 0x55, 0x55, 0x55, 0x5f, 0xf6, 0x0,
    0x3f, 0xff, 0xff, 0xff, 0xff, 0xff, 0xff, 0xf3,
    0x3f, 0xff, 0xff, 0xff, 0xff, 0xff, 0xff, 0xf4,
    0x2, 0xef, 0x61, 0x2f, 0xf8, 0x13, 0xdd, 0x10,
    0x1, 0xcf, 0xf6, 0xbf, 0xff, 0x8f, 0xff, 0x40,
    0x0, 0xa, 0xff, 0xff, 0xff, 0xff, 0xc2, 0x0,
    0x3, 0xbf, 0xff, 0xdf, 0xfe, 0xff, 0xc6, 0x10,
    0x1f, 0xff, 0xe8, 0x5f, 0xf5, 0xaf, 0xff, 0xf1,
    0x9, 0xf7, 0x1f, 0xff, 0xf3, 0x5, 0xdf, 0xb0,
    0x1, 0x10, 0xe, 0xff, 0xa0, 0x0, 0x6, 0x30,

    /* U+5F85 "待" */
    0x0, 0x2, 0x0, 0x0, 0x0, 0x0, 0x0, 0x0,
    0x0, 0x1e, 0xa0, 0x0, 0x2f, 0xf4, 0x0, 0x0,
    0x0, 0xbf, 0xf4, 0x22, 0x4f, 0xf5, 0x22, 0x0,
    0x8, 0xff, 0x80, 0xff, 0xff, 0xff, 0xff, 0x50,
    0x5f, 0xfb, 0x0, 0xff, 0xff, 0xff, 0xff, 0x50,
    0x2f, 0xc4, 0x0, 0x11, 0x3f, 0xf5, 0x11, 0x10,
    0x9, 0x2f, 0xde, 0xff, 0xff, 0xff, 0xff, 0xf1,
    0x0, 0xbf, 0xfe, 0xff, 0xff, 0xff, 0xff, 0xf1,
    0x9, 0xff, 0x71, 0x11, 0x11, 0x2f, 0xf6, 0x10,
    0x7f, 0xff, 0x59, 0xff, 0xff, 0xff, 0xff, 0xe0,
    0x6f, 0xff, 0x59, 0xff, 0xff, 0xff, 0xff, 0xe0,
    0x2b, 0xff, 0x52, 0xbf, 0x73, 0x4f, 0xf7, 0x30,
    0x0, 0xef, 0x50, 0xdf, 0xe2, 0x1f, 0xf5, 0x0,
    0x0, 0xef, 0x50, 0x1e, 0xe5, 0x7f, 0xf4, 0x0,
    0x0, 0xef, 0x50, 0x1, 0xaf, 0xff, 0xf3, 0x0,
    0x0, 0xef, 0x50, 0x0, 0x7f, 0xfe, 0xa0, 0x0,
    0x0, 0x0, 0x0, 0x0, 0x0, 0x0, 0x0, 0x0,

    /* U+5FAE "微" */
    0x0, 0x0, 0x0, 0x0, 0x0, 0x0, 0x0, 0x0,
    0x0, 0x2c, 0x0, 0x8f, 0x40, 0xb, 0xb2, 0x0,
    0x0, 0xbf, 0xb5, 0x8f, 0x55, 0xf, 0xf1, 0x0,
    0x4, 0xff, 0xaf, 0x9f, 0x9f, 0x4f, 0xf3, 0x30,
    0x1e, 0xfa, 0x5f, 0x9f, 0x9f, 0x8f, 0xff, 0xf5,
    0xf, 0xd2, 0x5f, 0xff, 0xff, 0xef, 0xdf, 0xf4,
    0x9, 0x3f, 0xde, 0xee, 0xee, 0xff, 0x1f, 0xc0,
    0x0, 0x9f, 0xd7, 0x77, 0x79, 0xff, 0x6f, 0xa0,
    0x4, 0xff, 0x8f, 0xff, 0xff, 0xcf, 0xbf, 0x80,
    0x2e, 0xff, 0x38, 0x88, 0x87, 0x3f, 0xff, 0x40,
    0x4f, 0xff, 0x1f, 0xff, 0xf9, 0xf, 0xff, 0x0,
    0x1d, 0xff, 0x1f, 0xff, 0xfa, 0x1a, 0xfb, 0x0,
    0x1, 0xef, 0x1f, 0xe4, 0xff, 0x7e, 0xfe, 0x10,
    0x0, 0xef, 0x4f, 0xc6, 0xff, 0xff, 0xff, 0xd1,
    0x0, 0xef, 0xcf, 0x80, 0xbd, 0xff, 0x4e, 0xf3,
    0x0, 0xef, 0xce, 0x10, 0x4, 0xf6, 0x3, 0xc0,
    0x0, 0x0, 0x1, 0x0, 0x0, 0x20, 0x0, 0x0,

    /* U+5FD7 "志" */
    0x0, 0x0, 0x0, 0x4f, 0xf4, 0x0, 0x0, 0x0,
    0x0, 0x0, 0x0, 0x4f, 0xf4, 0x0, 0x0, 0x0,
    0x2f, 0xff, 0xff, 0xff, 0xff, 0xff, 0xff, 0xf2,
    0x2f, 0xff, 0xff, 0xff, 0xff, 0xff, 0xff, 0xf3,
    0x5, 0x55, 0x55, 0x8f, 0xf8, 0x55, 0x55, 0x51,
    0x0, 0x33, 0x33, 0x6f, 0xf7, 0x33, 0x33, 0x0,
    0x1, 0xff, 0xff, 0xff, 0xff, 0xff, 0xff, 0x20,
    0x1, 0xff, 0xff, 0xff, 0xff, 0xff, 0xff, 0x20,
    0x0, 0x10, 0x56, 0x37, 0xf4, 0x0, 0x12, 0x0,
    0x2, 0xfa, 0xef, 0x9d, 0xfd, 0x5, 0xec, 0x0,
    0x7, 0xfe, 0xef, 0x83, 0xfb, 0x66, 0xff, 0x50,
    0xd, 0xf8, 0xef, 0x80, 0x30, 0xef, 0xef, 0xe0,
    0x3f, 0xf2, 0xdf, 0xb4, 0x45, 0xff, 0x5f, 0xe3,
    0x3, 0x90, 0xcf, 0xff, 0xff, 0xff, 0x16, 0x10,
    0x0, 0x0, 0x4e, 0xff, 0xff, 0xe8, 0x0, 0x0,

    /* U+5FEB "快" */
    0x0, 0x7f, 0xc0, 0x0, 0x9f, 0xc0, 0x0, 0x0,
    0x0, 0x7f, 0xc0, 0x0, 0x9f, 0xc0, 0x0, 0x0,
    0x0, 0x7f, 0xc0, 0xcd, 0xff, 0xfd, 0xdd, 0x30,
    0xf, 0xff, 0xfc, 0xff, 0xff, 0xff, 0xff, 0x40,
    0xf, 0xef, 0xff, 0xc6, 0xcf, 0xd6, 0xff, 0x40,
    0x1f, 0xdf, 0xef, 0x30, 0x9f, 0xb1, 0xff, 0x40,
    0x3f, 0xcf, 0xc2, 0x0, 0x9f, 0xb1, 0xff, 0x40,
    0x5f, 0xaf, 0xc4, 0x66, 0xcf, 0xd6, 0xff, 0x80,
    0x17, 0x8f, 0xca, 0xff, 0xff, 0xff, 0xff, 0xf1,
    0x0, 0x7f, 0xca, 0xff, 0xff, 0xff, 0xff, 0xf1,
    0x0, 0x7f, 0xc0, 0x4, 0xff, 0xfb, 0x0, 0x0,
    0x0, 0x7f, 0xc0, 0x2e, 0xff, 0xff, 0x90, 0x0,
    0x0, 0x7f, 0xc5, 0xff, 0xf3, 0xbf, 0xfc, 0x30,
    0x0, 0x7f, 0xef, 0xff, 0x50, 0xb, 0xff, 0x90,
    0x0, 0x7f, 0xc6, 0xd3, 0x0, 0x0, 0x7d, 0x0,
    0x0, 0x0, 0x0, 0x0, 0x0, 0x0, 0x0, 0x0,

    /* U+6001 "态" */
    0x0, 0x0, 0x0, 0x0, 0x0, 0x0, 0x0, 0x0,
    0x0, 0x0, 0x0, 0x2f, 0xf6, 0x0, 0x0, 0x0,
    0x2, 0x33, 0x33, 0x6f, 0xf8, 0x33, 0x33, 0x30,
    0xa, 0xff, 0xff, 0xff, 0xff, 0xff, 0xff, 0xe0,
    0xa, 0xff, 0xff, 0xff, 0xff, 0xff, 0xff, 0xe0,
    0x0, 0x0, 0x6, 0xff, 0xff, 0x90, 0x0, 0x0,
    0x0, 0x0, 0x7f, 0xff, 0x9f, 0xfb, 0x20, 0x0,
    0x2, 0x7e, 0xff, 0xff, 0x9a, 0xff, 0xfb, 0x50,
    0xe, 0xff, 0xfc, 0x8f, 0xd1, 0x6f, 0xff, 0xf2,
    0x6, 0xfd, 0x50, 0x5, 0x60, 0x1, 0x9f, 0xb0,
    0x0, 0x70, 0x58, 0x5a, 0xf6, 0x0, 0x87, 0x20,
    0x0, 0xfe, 0xef, 0xa7, 0xff, 0x27, 0xff, 0x20,
    0x6, 0xfe, 0xbf, 0xa0, 0xb9, 0xdc, 0xff, 0xb0,
    0xd, 0xf8, 0xbf, 0xc3, 0x33, 0xff, 0xaf, 0xf4,
    0x1b, 0xf1, 0xaf, 0xff, 0xff, 0xff, 0x2c, 0x70,
    0x0, 0x20, 0x3d, 0xff, 0xff, 0xfa, 0x0, 0x0,

    /* U+603B "总" */
    0x0, 0x0, 0x16, 0x30, 0x0, 0x72, 0x0, 0x0,
    0x0, 0x1, 0xef, 0xe0, 0x8, 0xff, 0x30, 0x0,
    0x0, 0x35, 0xbf, 0xf9, 0x6f, 0xfd, 0x55, 0x0,
    0x0, 0x9f, 0xff, 0xff, 0xff, 0xff, 0xfe, 0x0,
    0x0, 0x9f, 0xfd, 0xdd, 0xdd, 0xdf, 0xfe, 0x0,
    0x0, 0x9f, 0xe0, 0x0, 0x0, 0x9, 0xfe, 0x0,
    0x0, 0x9f, 0xf4, 0x44, 0x44, 0x4b, 0xfe, 0x0,
    0x0, 0x9f, 0xff, 0xff, 0xff, 0xff, 0xfe, 0x0,
    0x0, 0x8f, 0xff, 0xff, 0xff, 0xff, 0xfe, 0x0,
    0x0, 0x84, 0x67, 0x5d, 0xf9, 0x0, 0x67, 0x0,
    0x3, 0xff, 0xef, 0x96, 0xff, 0x55, 0xff, 0x30,
    0x8, 0xfc, 0xcf, 0x90, 0x95, 0xce, 0xff, 0xc0,
    0xe, 0xf6, 0xcf, 0xc4, 0x44, 0xef, 0x7f, 0xf6,
    0x7, 0xe1, 0xbf, 0xff, 0xff, 0xff, 0xb, 0x81,
    0x0, 0x0, 0x4e, 0xff, 0xff, 0xe7, 0x0, 0x0,

    /* U+6062 "恢" */
    0x0, 0x0, 0x0, 0x0, 0x0, 0x0, 0x0, 0x0,
    0x0, 0x7f, 0xb0, 0xe, 0xf4, 0x0, 0x0, 0x0,
    0x0, 0x7f, 0xb0, 0xf, 0xf4, 0x0, 0x0, 0x0,
    0x0, 0x7f, 0xc2, 0xff, 0xff, 0xff, 0xff, 0xf2,
    0xb, 0xdf, 0xfc, 0xff, 0xff, 0xff, 0xff, 0xf2,
    0xf, 0xef, 0xff, 0x5f, 0xf1, 0xaa, 0x10, 0x0,
    0xf, 0xcf, 0xd8, 0x4f, 0xe0, 0xff, 0x24, 0x20,
    0x2f, 0xbf, 0xb0, 0x8f, 0xf6, 0xff, 0x2e, 0xf2,
    0x4f, 0x9f, 0xb0, 0xcf, 0xfd, 0xff, 0x9f, 0xb0,
    0x16, 0x7f, 0xb3, 0xff, 0xef, 0xff, 0xff, 0x30,
    0x0, 0x7f, 0xba, 0xfc, 0x5b, 0xff, 0xca, 0x0,
    0x0, 0x7f, 0xef, 0xf5, 0xc, 0xff, 0xe0, 0x0,
    0x0, 0x7f, 0xff, 0xc0, 0x8f, 0xfd, 0xfa, 0x0,
    0x0, 0x7f, 0xee, 0x39, 0xff, 0x73, 0xff, 0x90,
    0x0, 0x7f, 0xb0, 0xbf, 0xf9, 0x0, 0x9f, 0xf2,
    0x0, 0x7f, 0xb0, 0x1e, 0x70, 0x0, 0x9, 0x50,
    0x0, 0x0, 0x0, 0x0, 0x0, 0x0, 0x0, 0x0,

    /* U+606F "息" */
    0x0, 0x0, 0x0, 0x77, 0x30, 0x0, 0x0, 0x0,
    0x0, 0x67, 0x77, 0xff, 0xc7, 0x77, 0x76, 0x0,
    0x0, 0xef, 0xff, 0xff, 0xff, 0xff, 0xff, 0x0,
    0x0, 0xef, 0xa6, 0x66, 0x66, 0x6a, 0xff, 0x0,
    0x0, 0xef, 0xff, 0xff, 0xff, 0xff, 0xff, 0x0,
    0x0, 0xef, 0xb7, 0x77, 0x77, 0x7b, 0xff, 0x0,
    0x0, 0xef, 0xff, 0xff, 0xff, 0xff, 0xff, 0x0,
    0x0, 0xef, 0xb7, 0x77, 0x77, 0x7b, 0xff, 0x0,
    0x0, 0xef, 0xff, 0xff, 0xff, 0xff, 0xff, 0x0,
    0x0, 0xcd, 0xdd, 0xde, 0xfd, 0xdd, 0xdd, 0x0,
    0x2, 0xd8, 0xcc, 0x6e, 0xf3, 0x3, 0xd8, 0x0,
    0x8, 0xfc, 0xff, 0x5c, 0xfc, 0xdc, 0xff, 0x30,
    0xe, 0xf6, 0xff, 0x62, 0x75, 0xfe, 0xbf, 0xd0,
    0x3e, 0xe0, 0xff, 0xff, 0xff, 0xfb, 0x1f, 0xc1,
    0x0, 0x30, 0x8f, 0xff, 0xff, 0xe3, 0x2, 0x0,

    /* U+60C5 "情" */
    0x0, 0x5f, 0xd0, 0x0, 0xd, 0xf2, 0x0, 0x0,
    0x0, 0x5f, 0xd4, 0xff, 0xff, 0xff, 0xff, 0xf3,
    0x0, 0x5f, 0xd4, 0xee, 0xef, 0xfe, 0xee, 0xe3,
    0xa, 0xef, 0xf8, 0x66, 0x6e, 0xf8, 0x66, 0x60,
    0xc, 0xff, 0xff, 0xff, 0xff, 0xff, 0xff, 0xd0,
    0xd, 0xef, 0xfe, 0x88, 0x8f, 0xfa, 0x88, 0x84,
    0xf, 0xcf, 0xd8, 0xee, 0xee, 0xee, 0xee, 0xe6,
    0x1f, 0xaf, 0xd0, 0xaa, 0xaa, 0xaa, 0xaa, 0x80,
    0x6, 0x7f, 0xd0, 0xff, 0xff, 0xff, 0xff, 0xd0,
    0x0, 0x5f, 0xd0, 0xff, 0xb9, 0x99, 0xcf, 0xd0,
    0x0, 0x5f, 0xd0, 0xff, 0xee, 0xee, 0xff, 0xd0,
    0x0, 0x5f, 0xd0, 0xff, 0xba, 0xaa, 0xcf, 0xd0,
    0x0, 0x5f, 0xd0, 0xff, 0xee, 0xee, 0xff, 0xd0,
    0x0, 0x5f, 0xd0, 0xff, 0x40, 0xab, 0xdf, 0xc0,
    0x0, 0x5f, 0xd0, 0xff, 0x40, 0xbf, 0xfe, 0x50,
    0x0, 0x0, 0x0, 0x1, 0x0, 0x0, 0x0, 0x0,

    /* U+6210 "成" */
    0x0, 0x0, 0x0, 0x0, 0x0, 0x0, 0x30, 0x0,
    0x0, 0x0, 0x0, 0x0, 0xcf, 0x7c, 0xf6, 0x0,
    0x0, 0x44, 0x44, 0x44, 0xcf, 0xab, 0xfe, 0x40,
    0x2, 0xff, 0xff, 0xff, 0xff, 0xff, 0xff, 0xf3,
    0x2, 0xff, 0xff, 0xff, 0xff, 0xff, 0xff, 0xf3,
    0x2, 0xff, 0x20, 0x0, 0x7f, 0xb0, 0x86, 0x10,
    0x2, 0xff, 0xff, 0xff, 0x5f, 0xd1, 0xff, 0x50,
    0x2, 0xff, 0xff, 0xff, 0x4f, 0xf8, 0xfe, 0x0,
    0x2, 0xff, 0x47, 0xfe, 0x1f, 0xff, 0xf7, 0x0,
    0x3, 0xff, 0x16, 0xfd, 0xf, 0xff, 0xe0, 0x0,
    0x5, 0xff, 0x6, 0xfc, 0xc, 0xff, 0x54, 0x51,
    0x7, 0xff, 0x5b, 0xfb, 0x6f, 0xff, 0x9, 0xf5,
    0xb, 0xff, 0xff, 0xfe, 0xff, 0xff, 0x7d, 0xf2,
    0x1f, 0xf8, 0xdd, 0xaf, 0xfb, 0x9f, 0xff, 0xd0,
    0x17, 0xc0, 0x0, 0x3, 0x60, 0x8, 0xfd, 0x30,

    /* U+627E "找" */
    0x0, 0x0, 0x0, 0x0, 0x1, 0x0, 0x0, 0x0,
    0x0, 0x6f, 0xe0, 0x6, 0xff, 0x1d, 0xb1, 0x0,
    0x3, 0x8f, 0xe3, 0x15, 0xff, 0x3e, 0xfb, 0x0,
    0x1f, 0xff, 0xff, 0x74, 0xff, 0x12, 0xd6, 0x60,
    0x1f, 0xff, 0xff, 0xb9, 0xff, 0xef, 0xff, 0xf0,
    0x1, 0x7f, 0xe1, 0xcf, 0xff, 0xff, 0xff, 0xd1,
    0x0, 0x6f, 0xe3, 0xab, 0xff, 0x93, 0xbb, 0x10,
    0x1, 0x9f, 0xff, 0x50, 0xdf, 0x97, 0xff, 0x60,
    0x4f, 0xff, 0xff, 0x70, 0xaf, 0xff, 0xf9, 0x0,
    0x1f, 0xff, 0xe2, 0x0, 0x7f, 0xff, 0xa0, 0x0,
    0x5, 0x7f, 0xe0, 0x7, 0xff, 0xfb, 0x9, 0xa2,
    0x0, 0x6f, 0xe6, 0xff, 0xff, 0xfc, 0xc, 0xf4,
    0x7, 0xbf, 0xe3, 0xff, 0xa8, 0xff, 0xaf, 0xf1,
    0xc, 0xff, 0xd0, 0x83, 0x0, 0xcf, 0xff, 0xb0,
    0x7, 0xcb, 0x50, 0x0, 0x0, 0x1a, 0xfd, 0x20,

    /* U+62A5 "报" */
    0x0, 0xbf, 0x81, 0xee, 0xee, 0xee, 0xee, 0x60,
    0x4, 0xcf, 0xa5, 0xff, 0xff, 0xff, 0xff, 0x60,
    0xf, 0xff, 0xfc, 0xff, 0x44, 0x44, 0xff, 0x50,
    0xf, 0xff, 0xfb, 0xff, 0x1f, 0xff, 0xff, 0x40,
    0x0, 0xbf, 0x82, 0xff, 0x16, 0x88, 0x85, 0x0,
    0x0, 0xbf, 0xb7, 0xff, 0xee, 0xee, 0xee, 0x70,
    0x2, 0xdf, 0xfa, 0xff, 0xff, 0xff, 0xff, 0x80,
    0x2f, 0xff, 0xf9, 0xff, 0xff, 0x84, 0xef, 0x60,
    0xf, 0xff, 0x82, 0xff, 0xaf, 0xb5, 0xfe, 0x0,
    0x3, 0xbf, 0x82, 0xff, 0x3f, 0xff, 0xf7, 0x0,
    0x0, 0xbf, 0x82, 0xff, 0x18, 0xff, 0xe0, 0x0,
    0x5, 0xdf, 0x82, 0xff, 0x8f, 0xff, 0xfc, 0x40,
    0xf, 0xff, 0x72, 0xff, 0xff, 0xc9, 0xff, 0xd0,
    0xd, 0xfd, 0x22, 0xff, 0x89, 0x0, 0x4c, 0x30,
    0x0, 0x0, 0x0, 0x11, 0x0, 0x0, 0x0, 0x0,

    /* U+62E3 "拣" */
    0x0, 0x0, 0x0, 0x0, 0x23, 0x10, 0x0, 0x0,
    0x0, 0xbf, 0x70, 0x44, 0xdf, 0xc4, 0x44, 0x30,
    0x0, 0xbf, 0x73, 0xff, 0xff, 0xff, 0xff, 0xd0,
    0xf, 0xff, 0xf8, 0xce, 0xff, 0xcc, 0xcc, 0xa0,
    0xf, 0xff, 0xf6, 0x1c, 0xfb, 0x11, 0x0, 0x0,
    0x3, 0xcf, 0x95, 0xff, 0xff, 0xfe, 0x0, 0x0,
    0x0, 0xbf, 0x85, 0xff, 0xff, 0xfe, 0x0, 0x0,
    0x0, 0xcf, 0xf6, 0xef, 0x93, 0xfe, 0x22, 0x20,
    0x3d, 0xff, 0xf9, 0xff, 0xff, 0xff, 0xff, 0xd0,
    0x2f, 0xff, 0xc3, 0xff, 0xff, 0xff, 0xff, 0xc0,
    0xb, 0xef, 0x70, 0x4b, 0x35, 0xff, 0x7c, 0x0,
    0x0, 0xbf, 0x70, 0xdf, 0x85, 0xff, 0xdf, 0x60,
    0x2, 0xdf, 0x7a, 0xff, 0x6a, 0xfe, 0x5f, 0xe1,
    0x1f, 0xff, 0x7a, 0xfa, 0xff, 0xfe, 0xd, 0xd3,
    0xd, 0xfd, 0x20, 0x52, 0xff, 0xf7, 0x2, 0x0,

    /* U+6301 "持" */
    0x0, 0xbf, 0x70, 0x0, 0xc, 0xf9, 0x0, 0x0,
    0x0, 0xbf, 0x70, 0x36, 0x6d, 0xfb, 0x66, 0x30,
    0x4, 0xdf, 0xa3, 0x9f, 0xff, 0xff, 0xff, 0x80,
    0xf, 0xff, 0xfa, 0x9f, 0xff, 0xff, 0xff, 0x80,
    0xf, 0xff, 0xfa, 0x12, 0x2c, 0xf9, 0x22, 0x10,
    0x0, 0xbf, 0x74, 0xff, 0xff, 0xff, 0xff, 0xf4,
    0x0, 0xbf, 0xb8, 0xff, 0xff, 0xff, 0xff, 0xf4,
    0x5, 0xef, 0xf6, 0x11, 0x11, 0x1b, 0xfb, 0x10,
    0x3f, 0xff, 0xfa, 0xff, 0xff, 0xff, 0xff, 0xf1,
    0x1f, 0xff, 0x83, 0xff, 0xff, 0xff, 0xff, 0xf1,
    0x3, 0xbf, 0x70, 0x6f, 0xc3, 0x2c, 0xfb, 0x20,
    0x0, 0xbf, 0x70, 0x7f, 0xf8, 0xb, 0xfa, 0x0,
    0x4, 0xdf, 0x70, 0x7, 0xf6, 0x5d, 0xfa, 0x0,
    0xf, 0xff, 0x70, 0x0, 0x6f, 0xff, 0xf9, 0x0,
    0xd, 0xfe, 0x20, 0x0, 0x2f, 0xff, 0xd3, 0x0,
    0x0, 0x0, 0x0, 0x0, 0x0, 0x0, 0x0, 0x0,

    /* U+6307 "指" */
    0x0, 0xbf, 0x80, 0xef, 0x40, 0x14, 0x97, 0x0,
    0x3, 0xcf, 0xa2, 0xff, 0xbd, 0xff, 0xfe, 0x0,
    0xf, 0xff, 0xfb, 0xff, 0xff, 0xfb, 0x9b, 0x50,
    0xf, 0xff, 0xfa, 0xef, 0xa3, 0x0, 0x4f, 0xf0,
    0x0, 0xbf, 0x80, 0xdf, 0xff, 0xff, 0xff, 0xd0,
    0x0, 0xbf, 0xc7, 0x3b, 0xcc, 0xcc, 0xcb, 0x40,
    0x6, 0xef, 0xfb, 0xce, 0xee, 0xee, 0xee, 0x50,
    0x3f, 0xff, 0xf9, 0xdf, 0xff, 0xff, 0xff, 0x60,
    0xf, 0xff, 0x80, 0xdf, 0x61, 0x11, 0xef, 0x60,
    0x5, 0xbf, 0x80, 0xdf, 0xff, 0xff, 0xff, 0x60,
    0x0, 0xbf, 0x80, 0xdf, 0xff, 0xff, 0xff, 0x60,
    0x15, 0xdf, 0x80, 0xdf, 0x61, 0x11, 0xef, 0x60,
    0x1f, 0xff, 0x70, 0xdf, 0xff, 0xff, 0xff, 0x60,
    0xe, 0xfd, 0x20, 0xdf, 0xff, 0xff, 0xff, 0x60,
    0x0, 0x0, 0x0, 0x0, 0x0, 0x0, 0x0, 0x0,

    /* U+6355 "捕" */
    0x0, 0x0, 0x0, 0x0, 0x0, 0x0, 0x0, 0x0,
    0x0, 0xde, 0x30, 0x0, 0xf, 0xf3, 0xba, 0x0,
    0x0, 0xef, 0x31, 0x22, 0x2f, 0xf6, 0xef, 0x61,
    0x6, 0xff, 0x8b, 0xff, 0xff, 0xff, 0xff, 0xf6,
    0xf, 0xff, 0xfb, 0xff, 0xff, 0xff, 0xff, 0xf6,
    0xf, 0xff, 0xf3, 0x44, 0x4f, 0xf7, 0x44, 0x40,
    0x1, 0xef, 0x47, 0xff, 0xff, 0xff, 0xff, 0xe0,
    0x0, 0xef, 0xa7, 0xff, 0xff, 0xff, 0xff, 0xe0,
    0x4, 0xff, 0xf9, 0xfc, 0x4f, 0xf7, 0x7f, 0xe0,
    0x3f, 0xff, 0xf9, 0xff, 0xff, 0xff, 0xff, 0xe0,
    0x1f, 0xff, 0x47, 0xfc, 0x6f, 0xf8, 0x9f, 0xe0,
    0x2, 0xef, 0x37, 0xfe, 0xcf, 0xfd, 0xdf, 0xe0,
    0x0, 0xef, 0x37, 0xff, 0xff, 0xff, 0xff, 0xe0,
    0x14, 0xff, 0x37, 0xfa, 0xf, 0xf3, 0x5f, 0xe0,
    0x3f, 0xff, 0x37, 0xfa, 0xf, 0xfb, 0xff, 0xe0,
    0xf, 0xfc, 0x7, 0xfa, 0x2, 0x25, 0xff, 0x70,
    0x1, 0x0, 0x0, 0x21, 0x0, 0x0, 0x0, 0x0,

    /* U+63A5 "接" */
    0x0, 0x0, 0x0, 0x0, 0x3, 0x54, 0x0, 0x0,
    0x0, 0xcf, 0x60, 0x33, 0x4f, 0xfd, 0x33, 0x20,
    0x1, 0xcf, 0x71, 0xff, 0xff, 0xff, 0xff, 0xc0,
    0xf, 0xff, 0xf6, 0xbf, 0xfd, 0xbe, 0xfe, 0x80,
    0xe, 0xff, 0xf5, 0xa, 0xf7, 0xc, 0xf7, 0x0,
    0x0, 0xcf, 0x68, 0xff, 0xff, 0xff, 0xff, 0xf3,
    0x0, 0xcf, 0x99, 0xff, 0xff, 0xff, 0xff, 0xf2,
    0x1, 0xdf, 0xf4, 0x1, 0xfc, 0x30, 0x0, 0x0,
    0x3f, 0xff, 0xfb, 0xff, 0xff, 0xff, 0xff, 0xf2,
    0x1f, 0xff, 0x88, 0xff, 0xff, 0xff, 0xff, 0xf2,
    0x6, 0xcf, 0x60, 0x7f, 0xf5, 0x2e, 0xf7, 0x0,
    0x0, 0xcf, 0x60, 0x8f, 0xff, 0xff, 0xd0, 0x0,
    0x3, 0xdf, 0x61, 0x59, 0xff, 0xff, 0xe8, 0x10,
    0x1f, 0xff, 0x6e, 0xff, 0xff, 0x9d, 0xff, 0xe0,
    0xe, 0xfd, 0x18, 0xea, 0x61, 0x0, 0x5d, 0x80,
    0x0, 0x0, 0x0, 0x0, 0x0, 0x0, 0x0, 0x0,

    /* U+63A7 "控" */
    0x0, 0x0, 0x0, 0x0, 0x0, 0x10, 0x0, 0x0,
    0x0, 0xcf, 0x70, 0x0, 0x1d, 0xf6, 0x0, 0x0,
    0x0, 0xcf, 0x74, 0x99, 0x9f, 0xfc, 0x99, 0x90,
    0x4, 0xdf, 0x98, 0xff, 0xff, 0xff, 0xff, 0xf1,
    0xf, 0xff, 0xfb, 0xff, 0xee, 0xee, 0xef, 0xf1,
    0xe, 0xff, 0xfb, 0xfb, 0x20, 0x3, 0x3f, 0xf1,
    0x0, 0xcf, 0x71, 0x47, 0xf8, 0x1f, 0xe7, 0x40,
    0x0, 0xcf, 0xb1, 0x8f, 0xfb, 0x4f, 0xff, 0x60,
    0x0, 0xdf, 0xf4, 0xdf, 0xb0, 0x2, 0xdf, 0xb0,
    0x3f, 0xff, 0xf7, 0x9d, 0x55, 0x55, 0x6e, 0x50,
    0x2f, 0xff, 0x90, 0xef, 0xff, 0xff, 0xff, 0x90,
    0xa, 0xdf, 0x70, 0xce, 0xef, 0xff, 0xee, 0x80,
    0x0, 0xcf, 0x70, 0x0, 0xe, 0xf7, 0x0, 0x0,
    0x15, 0xef, 0x73, 0x44, 0x4e, 0xf9, 0x44, 0x40,
    0x1f, 0xff, 0x6d, 0xff, 0xff, 0xff, 0xff, 0xf2,
    0xe, 0xfd, 0x1d, 0xff, 0xff, 0xff, 0xff, 0xf2,

    /* U+63A8 "推" */
    0x0, 0x0, 0x0, 0x0, 0x0, 0x0, 0x10, 0x0,
    0x0, 0xdf, 0x60, 0xf, 0xd6, 0x8f, 0xa0, 0x0,
    0x0, 0xdf, 0x60, 0x3f, 0xf6, 0x7f, 0xc0, 0x0,
    0x0, 0xdf, 0x60, 0x9f, 0xf3, 0x6f, 0xf1, 0x10,
    0xf, 0xff, 0xf7, 0xef, 0xff, 0xff, 0xff, 0xf1,
    0x1f, 0xff, 0xfd, 0xff, 0xfe, 0xff, 0xfe, 0xe1,
    0x3, 0xdf, 0x8f, 0xff, 0x90, 0x7f, 0xe0, 0x0,
    0x0, 0xdf, 0x9e, 0xff, 0xff, 0xff, 0xff, 0xe0,
    0x2, 0xdf, 0xfd, 0xff, 0xff, 0xff, 0xff, 0xe0,
    0x4f, 0xff, 0xf6, 0xef, 0x80, 0x7f, 0xe0, 0x0,
    0x2f, 0xff, 0x80, 0xef, 0xff, 0xff, 0xff, 0xe0,
    0x6, 0xdf, 0x60, 0xef, 0xff, 0xff, 0xff, 0xe0,
    0x0, 0xdf, 0x60, 0xef, 0x91, 0x7f, 0xe1, 0x0,
    0x16, 0xef, 0x60, 0xef, 0xec, 0xef, 0xfc, 0xc3,
    0x1f, 0xff, 0x50, 0xef, 0xff, 0xff, 0xff, 0xf4,
    0xc, 0xeb, 0x10, 0xef, 0xa3, 0x33, 0x33, 0x30,

    /* U+6444 "摄" */
    0x0, 0xee, 0x3e, 0xff, 0xff, 0xff, 0xff, 0xf0,
    0x0, 0xff, 0x3a, 0xff, 0xcc, 0xcc, 0xff, 0xc0,
    0xb, 0xff, 0xc2, 0xff, 0xcc, 0xcc, 0xff, 0x20,
    0xf, 0xff, 0xf3, 0xff, 0x99, 0x99, 0xff, 0x20,
    0x4, 0xff, 0x60, 0xff, 0xff, 0xff, 0xff, 0x20,
    0x0, 0xff, 0xb0, 0xff, 0x65, 0x67, 0xff, 0x81,
    0x2, 0xff, 0xfc, 0xff, 0xff, 0xff, 0xff, 0xf2,
    0x3f, 0xff, 0xfb, 0xcb, 0xba, 0x99, 0xff, 0x80,
    0x3f, 0xff, 0x3f, 0xff, 0xfc, 0xff, 0xff, 0xf0,
    0x3, 0xff, 0x3e, 0xec, 0xfc, 0xff, 0xbf, 0xf0,
    0x0, 0xff, 0x4e, 0xfe, 0xf5, 0x9f, 0xcf, 0x80,
    0x16, 0xff, 0x36, 0xff, 0xf4, 0x3f, 0xfe, 0x10,
    0x1f, 0xff, 0xcf, 0xfc, 0xec, 0xff, 0xff, 0xf3,
    0xf, 0xfb, 0x4e, 0x60, 0x18, 0xd5, 0x8, 0xc0,
    0x0, 0x0, 0x0, 0x0, 0x0, 0x0, 0x0, 0x0,

    /* U+6545 "故" */
    0x0, 0x0, 0x0, 0x0, 0x1, 0x0, 0x0, 0x0,
    0x0, 0x9, 0xfa, 0x0, 0x9, 0xfa, 0x0, 0x0,
    0x1, 0x1a, 0xfa, 0x11, 0xf, 0xfb, 0x66, 0x62,
    0x1f, 0xff, 0xff, 0xfe, 0x7f, 0xff, 0xff, 0xf5,
    0x1f, 0xff, 0xff, 0xff, 0xef, 0xdb, 0xff, 0xd4,
    0x0, 0x9, 0xfa, 0x9, 0xff, 0x40, 0xef, 0x50,
    0x0, 0x9, 0xfa, 0xe, 0xff, 0x71, 0xff, 0x30,
    0xa, 0xff, 0xff, 0xfe, 0xff, 0xc5, 0xff, 0x0,
    0xa, 0xff, 0xff, 0xfa, 0x4f, 0xfd, 0xfa, 0x0,
    0xa, 0xfc, 0x9c, 0xfa, 0xc, 0xff, 0xf4, 0x0,
    0xa, 0xf8, 0x8, 0xfa, 0x4, 0xff, 0xe0, 0x0,
    0xa, 0xf9, 0x29, 0xfa, 0xa, 0xff, 0xf8, 0x0,
    0xa, 0xff, 0xff, 0xfc, 0xcf, 0xfe, 0xff, 0xc2,
    0xa, 0xfe, 0xcc, 0xcf, 0xff, 0x61, 0xdf, 0xe1,
    0x7, 0xa5, 0x0, 0x4, 0xe5, 0x0, 0xa, 0x50,
    0x0, 0x0, 0x0, 0x0, 0x0, 0x0, 0x0, 0x0,

    /* U+6548 "效" */
    0x0, 0x1, 0x34, 0x0, 0x3, 0x42, 0x0, 0x0,
    0x0, 0x8, 0xfe, 0x0, 0xb, 0xf9, 0x0, 0x0,
    0xe, 0xef, 0xff, 0xee, 0x3f, 0xf8, 0x44, 0x41,
    0xf, 0xff, 0xff, 0xff, 0x9f, 0xff, 0xff, 0xf4,
    0x4, 0x98, 0x49, 0x64, 0xdf, 0xff, 0xff, 0xf4,
    0x0, 0xef, 0xaf, 0xc4, 0xff, 0x90, 0xdf, 0x40,
    0x9, 0xfd, 0xd, 0xfb, 0xff, 0xc0, 0xff, 0x10,
    0x2f, 0xf3, 0x6, 0xff, 0xbf, 0xf6, 0xfd, 0x0,
    0x6, 0x8c, 0x5f, 0xfa, 0xc, 0xff, 0xf8, 0x0,
    0x0, 0xbf, 0xff, 0xa0, 0x6, 0xff, 0xf2, 0x0,
    0x0, 0x2e, 0xff, 0x40, 0x0, 0xff, 0xe0, 0x0,
    0x0, 0x3e, 0xff, 0xb0, 0xb, 0xff, 0xfa, 0x0,
    0x6, 0xff, 0xef, 0xf8, 0xcf, 0xfc, 0xff, 0xc1,
    0x2f, 0xfe, 0x29, 0xbe, 0xff, 0x80, 0xbf, 0xf1,
    0x8, 0xc2, 0x0, 0x5, 0xf7, 0x0, 0xb, 0x70,
    0x0, 0x0, 0x0, 0x0, 0x10, 0x0, 0x0, 0x0,

    /* U+6570 "数" */
    0x0, 0x0, 0x0, 0x0, 0x0, 0x0, 0x0, 0x0,
    0x2, 0x90, 0xff, 0x1a, 0x31, 0xfd, 0x10, 0x0,
    0x9, 0xf8, 0xff, 0x8f, 0xb5, 0xfe, 0x22, 0x20,
    0x2, 0xd6, 0xff, 0x6e, 0x2a, 0xff, 0xff, 0xf5,
    0xf, 0xff, 0xff, 0xff, 0xbf, 0xff, 0xff, 0xf5,
    0xb, 0xdf, 0xff, 0xdc, 0xef, 0xf3, 0xaf, 0x91,
    0x5, 0xef, 0xff, 0xf9, 0xff, 0xf2, 0xbf, 0x50,
    0xe, 0xf9, 0xff, 0xef, 0xaf, 0xf5, 0xef, 0x30,
    0x6, 0x7f, 0xd4, 0x26, 0x19, 0xfd, 0xff, 0x0,
    0x1f, 0xff, 0xff, 0xff, 0x62, 0xff, 0xfb, 0x0,
    0xd, 0xff, 0xcc, 0xff, 0x60, 0xcf, 0xf4, 0x0,
    0x9, 0xff, 0xc9, 0xfe, 0x1, 0xdf, 0xf8, 0x0,
    0x0, 0x7f, 0xff, 0xf8, 0x1c, 0xff, 0xff, 0xa0,
    0x1a, 0xef, 0xff, 0xfe, 0xef, 0xf5, 0xdf, 0xf3,
    0xd, 0xfe, 0x71, 0x83, 0xde, 0x40, 0x1d, 0xa0,
    0x3, 0x40, 0x0, 0x0, 0x22, 0x0, 0x1, 0x20,

    /* U+6574 "整" */
    0x0, 0x0, 0x0, 0x0, 0x0, 0x20, 0x0, 0x0,
    0x2f, 0xff, 0xff, 0xff, 0x98, 0xfe, 0x99, 0x91,
    0x1a, 0xab, 0xfe, 0xaa, 0x8f, 0xff, 0xff, 0xf3,
    0xb, 0xff, 0xff, 0xff, 0xff, 0xe3, 0xbf, 0x70,
    0xc, 0xf7, 0xfd, 0x9f, 0xef, 0xfb, 0xff, 0x0,
    0xc, 0xfe, 0xff, 0xef, 0x73, 0xff, 0xf7, 0x0,
    0x6, 0xef, 0xff, 0xf9, 0x5a, 0xff, 0xff, 0xb2,
    0x2d, 0xfe, 0xff, 0xff, 0xdf, 0xf9, 0xdf, 0xf1,
    0xc, 0xc5, 0xfc, 0x6d, 0x3c, 0x41, 0x28, 0x90,
    0x8, 0xff, 0xff, 0xff, 0xff, 0xff, 0xff, 0x80,
    0x4, 0x99, 0x99, 0x9f, 0xfb, 0x99, 0x99, 0x50,
    0x0, 0x2f, 0xf1, 0xe, 0xfe, 0xee, 0xec, 0x0,
    0x0, 0x2f, 0xf2, 0xe, 0xfa, 0x77, 0x76, 0x0,
    0x3f, 0xff, 0xff, 0xff, 0xff, 0xff, 0xff, 0xf3,
    0x2b, 0xbb, 0xbb, 0xbb, 0xbb, 0xbb, 0xbb, 0xb2,

    /* U+65AD "断" */
    0x0, 0x0, 0x0, 0x0, 0x0, 0x0, 0x1, 0x8,
    0x93, 0x1c, 0xf1, 0x24, 0x69, 0xcf, 0xb0, 0xef,
    0xfb, 0xcf, 0x7f, 0xff, 0xff, 0xfe, 0xe, 0xfa,
    0xfe, 0xfe, 0xae, 0xfb, 0x74, 0x0, 0xef, 0x4c,
    0xef, 0xc2, 0xef, 0x40, 0x0, 0xe, 0xf9, 0xcf,
    0xfc, 0x8e, 0xff, 0xff, 0xf2, 0xef, 0xbf, 0xff,
    0xfa, 0xef, 0xff, 0xff, 0x3e, 0xf6, 0xbf, 0xf5,
    0x3e, 0xf8, 0xff, 0x81, 0xef, 0x6f, 0xff, 0xa1,
    0xff, 0x3f, 0xf3, 0xe, 0xff, 0xff, 0xff, 0xef,
    0xf2, 0xff, 0x30, 0xef, 0xfc, 0xcf, 0xca, 0xff,
    0xf, 0xf3, 0xe, 0xf8, 0x2c, 0xf0, 0x5f, 0xe0,
    0xff, 0x30, 0xef, 0x86, 0xab, 0x59, 0xfa, 0xf,
    0xf3, 0xe, 0xff, 0xff, 0xfe, 0xff, 0x50, 0xff,
    0x30, 0xbc, 0xcc, 0xcc, 0xbc, 0xd0, 0xf, 0xf3,
    0x0, 0x0, 0x0, 0x0, 0x1, 0x0, 0x0, 0x0,

    /* U+65B0 "新" */
    0x0, 0x1, 0x56, 0x0, 0x0, 0x0, 0x0, 0x10,
    0x2, 0x38, 0xff, 0x43, 0x12, 0x57, 0xae, 0xa0,
    0xb, 0xff, 0xff, 0xff, 0x7f, 0xff, 0xff, 0xe0,
    0x9, 0xff, 0xcd, 0xff, 0x6f, 0xfe, 0xb7, 0x20,
    0x0, 0xbf, 0x58, 0xf9, 0x1f, 0xf3, 0x0, 0x0,
    0xb, 0xdf, 0xee, 0xfd, 0x8f, 0xf9, 0x77, 0x72,
    0x1f, 0xff, 0xff, 0xff, 0xbf, 0xff, 0xff, 0xf4,
    0x3, 0x34, 0xff, 0x33, 0x3f, 0xfb, 0xff, 0xb2,
    0xc, 0xff, 0xff, 0xff, 0x8f, 0xf3, 0xff, 0x30,
    0xc, 0xff, 0xff, 0xff, 0x9f, 0xf2, 0xff, 0x30,
    0x2, 0xc6, 0xff, 0x7c, 0x5f, 0xf0, 0xff, 0x30,
    0x9, 0xf8, 0xff, 0xaf, 0xef, 0xd0, 0xff, 0x30,
    0x1f, 0xf4, 0xff, 0x18, 0xef, 0xa0, 0xff, 0x30,
    0x7, 0xef, 0xff, 0x4, 0xff, 0x50, 0xff, 0x30,
    0x0, 0x4f, 0xf9, 0x3, 0xbd, 0x0, 0xff, 0x30,
    0x0, 0x0, 0x0, 0x0, 0x0, 0x0, 0x0, 0x0,

    /* U+65E0 "无" */
    0x2, 0xff, 0xff, 0xff, 0xff, 0xff, 0xff, 0x30,
    0x2, 0xff, 0xff, 0xff, 0xff, 0xff, 0xff, 0x30,
    0x0, 0x55, 0x55, 0xaf, 0xf7, 0x55, 0x55, 0x10,
    0x0, 0x0, 0x0, 0x7f, 0xf1, 0x0, 0x0, 0x0,
    0x7, 0x77, 0x77, 0xbf, 0xf7, 0x77, 0x77, 0x70,
    0x1f, 0xff, 0xff, 0xff, 0xff, 0xff, 0xff, 0xf1,
    0xf, 0xff, 0xff, 0xff, 0xff, 0xff, 0xff, 0xf1,
    0x0, 0x0, 0x4, 0xff, 0x92, 0x0, 0x0, 0x0,
    0x0, 0x0, 0xc, 0xff, 0xff, 0x40, 0x0, 0x0,
    0x0, 0x0, 0x8f, 0xfd, 0xff, 0x40, 0x4d, 0xa1,
    0x0, 0x8, 0xff, 0xe5, 0xff, 0x40, 0x5f, 0xf1,
    0x2, 0xbf, 0xff, 0x33, 0xff, 0xa5, 0xaf, 0xf0,
    0xe, 0xff, 0xe3, 0x2, 0xff, 0xff, 0xff, 0xe0,
    0x4, 0xfa, 0x10, 0x0, 0x8e, 0xff, 0xfe, 0x60,
    0x0, 0x20, 0x0, 0x0, 0x0, 0x0, 0x0, 0x0,

    /* U+65E5 "日" */
    0xef, 0xff, 0xff, 0xff, 0xff, 0xff, 0xef, 0xff,
    0xff, 0xff, 0xff, 0xff, 0xef, 0xd7, 0x77, 0x77,
    0x7c, 0xff, 0xef, 0xa0, 0x0, 0x0, 0xa, 0xff,
    0xef, 0xa0, 0x0, 0x0, 0xa, 0xff, 0xef, 0xc7,
    0x77, 0x77, 0x7c, 0xff, 0xef, 0xff, 0xff, 0xff,
    0xff, 0xff, 0xef, 0xff, 0xff, 0xff, 0xff, 0xff,
    0xef, 0xa0, 0x0, 0x0, 0xa, 0xff, 0xef, 0xa0,
    0x0, 0x0, 0xa, 0xff, 0xef, 0xb2, 0x22, 0x22,
    0x2a, 0xff, 0xef, 0xff, 0xff, 0xff, 0xff, 0xff,
    0xef, 0xff, 0xff, 0xff, 0xff, 0xff, 0xef, 0xc4,
    0x44, 0x44, 0x4b, 0xff, 0x0, 0x0, 0x0, 0x0,
    0x0, 0x0,

    /* U+65F6 "时" */
    0x0, 0x0, 0x0, 0x0, 0x0, 0x9f, 0xd0, 0xe,
    0xff, 0xff, 0xf0, 0x0, 0x9, 0xfd, 0x0, 0xef,
    0xff, 0xff, 0x0, 0x0, 0x9f, 0xd0, 0xe, 0xf8,
    0x7f, 0xf7, 0xcc, 0xce, 0xff, 0xc1, 0xef, 0x54,
    0xff, 0x9f, 0xff, 0xff, 0xff, 0x2e, 0xf5, 0x4f,
    0xf4, 0x88, 0x8c, 0xfe, 0x81, 0xef, 0xff, 0xff,
    0x6e, 0x70, 0x9f, 0xd0, 0xe, 0xff, 0xff, 0xf7,
    0xff, 0x19, 0xfd, 0x0, 0xef, 0x76, 0xff, 0xe,
    0xfa, 0x9f, 0xd0, 0xe, 0xf5, 0x4f, 0xf0, 0x6f,
    0xda, 0xfd, 0x0, 0xef, 0x54, 0xff, 0x0, 0x50,
    0x9f, 0xd0, 0xe, 0xfe, 0xef, 0xf0, 0x0, 0x9,
    0xfd, 0x0, 0xef, 0xff, 0xff, 0x3, 0x77, 0xdf,
    0xd0, 0xe, 0xf8, 0x55, 0x50, 0x6f, 0xff, 0xfb,
    0x0, 0x9a, 0x30, 0x0, 0x3, 0xff, 0xfd, 0x30,
    0x0,

    /* U+662F "是" */
    0x0, 0xbf, 0xff, 0xff, 0xff, 0xff, 0xfb, 0x0,
    0x0, 0xbf, 0xff, 0xff, 0xff, 0xff, 0xfb, 0x0,
    0x0, 0xbf, 0xd8, 0x88, 0x88, 0x8e, 0xfb, 0x0,
    0x0, 0xbf, 0xeb, 0xbb, 0xbb, 0xbe, 0xfb, 0x0,
    0x0, 0xbf, 0xec, 0xcc, 0xcc, 0xce, 0xfb, 0x0,
    0x0, 0xbf, 0xff, 0xff, 0xff, 0xff, 0xfb, 0x0,
    0x16, 0x77, 0x77, 0x77, 0x77, 0x77, 0x77, 0x61,
    0x3f, 0xff, 0xff, 0xff, 0xff, 0xff, 0xff, 0xf4,
    0x18, 0x8c, 0xa8, 0x8f, 0xfa, 0x88, 0x88, 0x82,
    0x0, 0x2f, 0xf2, 0xf, 0xfe, 0xdd, 0xdd, 0x10,
    0x0, 0x8f, 0xf5, 0xf, 0xff, 0xff, 0xff, 0x20,
    0x3, 0xff, 0xff, 0x9f, 0xf6, 0x11, 0x11, 0x0,
    0x1e, 0xfd, 0xcf, 0xff, 0xff, 0xff, 0xff, 0xf3,
    0x8, 0xf3, 0x6, 0xbe, 0xff, 0xff, 0xff, 0xf0,
    0x0, 0x10, 0x0, 0x0, 0x0, 0x0, 0x0, 0x0,

    /* U+667A "智" */
    0x0, 0x89, 0x30, 0x0, 0x0, 0x0, 0x0, 0x0,
    0x3f, 0xfd, 0xcc, 0xc4, 0xcc, 0xcc, 0xc9, 0xd,
    0xff, 0xff, 0xff, 0x5f, 0xff, 0xff, 0xc0, 0x9e,
    0x1d, 0xf5, 0x0, 0xff, 0x36, 0xfc, 0x1f, 0xff,
    0xff, 0xff, 0xaf, 0xf1, 0x5f, 0xc0, 0xbb, 0xef,
    0xff, 0xb7, 0xff, 0x8a, 0xfc, 0x0, 0x7f, 0xff,
    0xfe, 0x5f, 0xff, 0xff, 0xc0, 0xdf, 0xfc, 0x4b,
    0xf3, 0x66, 0x66, 0x64, 0x5, 0xff, 0xff, 0xff,
    0xff, 0xff, 0xff, 0x0, 0xd, 0xfe, 0xdd, 0xdd,
    0xdd, 0xdf, 0xf0, 0x0, 0xdf, 0xb6, 0x66, 0x66,
    0x69, 0xff, 0x0, 0xd, 0xff, 0xff, 0xff, 0xff,
    0xff, 0xf0, 0x0, 0xdf, 0xa3, 0x33, 0x33, 0x37,
    0xff, 0x0, 0xd, 0xff, 0xff, 0xff, 0xff, 0xff,
    0xf0, 0x0, 0xdf, 0xed, 0xdd, 0xdd, 0xde, 0xff,
    0x0,

    /* U+66F4 "更" */
    0x1f, 0xff, 0xff, 0xff, 0xff, 0xff, 0xff, 0xf1,
    0x1f, 0xff, 0xff, 0xff, 0xff, 0xff, 0xff, 0xf1,
    0x0, 0x66, 0x66, 0x8f, 0xf8, 0x66, 0x66, 0x0,
    0x2, 0xff, 0xff, 0xff, 0xff, 0xff, 0xff, 0x10,
    0x2, 0xff, 0x86, 0x8f, 0xf8, 0x68, 0xff, 0x10,
    0x2, 0xff, 0xff, 0xff, 0xff, 0xff, 0xff, 0x10,
    0x2, 0xff, 0xcc, 0xcf, 0xfc, 0xcc, 0xff, 0x10,
    0x2, 0xff, 0x52, 0x5f, 0xf5, 0x25, 0xff, 0x10,
    0x2, 0xff, 0xff, 0xff, 0xff, 0xff, 0xff, 0x10,
    0x1, 0xdf, 0xfd, 0xef, 0xfd, 0xdd, 0xdd, 0x10,
    0x0, 0x4f, 0xfc, 0xdf, 0xc0, 0x0, 0x0, 0x0,
    0x0, 0x19, 0xff, 0xff, 0xd8, 0x75, 0x44, 0x30,
    0xc, 0xff, 0xff, 0xff, 0xff, 0xff, 0xff, 0xf0,
    0x8, 0xfe, 0xa4, 0x3, 0x69, 0xcd, 0xef, 0xd0,
    0x1, 0x20, 0x0, 0x0, 0x0, 0x0, 0x0, 0x0,

    /* U+6700 "最" */
    0x0, 0xbf, 0xff, 0xff, 0xff, 0xff, 0xfb, 0x0,
    0x0, 0xbf, 0xfe, 0xee, 0xee, 0xef, 0xfb, 0x0,
    0x0, 0xbf, 0xff, 0xff, 0xff, 0xff, 0xfb, 0x0,
    0x0, 0xbf, 0xeb, 0xbb, 0xbb, 0xbe, 0xfb, 0x0,
    0x0, 0x8b, 0xbb, 0xbb, 0xbb, 0xbb, 0xb8, 0x0,
    0x2d, 0xdd, 0xdd, 0xdd, 0xdd, 0xdd, 0xdd, 0xd2,
    0x3f, 0xff, 0xff, 0xff, 0xff, 0xff, 0xff, 0xf3,
    0x2, 0xff, 0x66, 0xff, 0x48, 0x88, 0x88, 0x40,
    0x2, 0xff, 0xee, 0xff, 0x8f, 0xff, 0xff, 0x90,
    0x2, 0xff, 0x66, 0xff, 0x5f, 0xe4, 0xef, 0x60,
    0x2, 0xff, 0xff, 0xff, 0x1b, 0xfe, 0xfb, 0x0,
    0x2, 0xff, 0x68, 0xff, 0xa4, 0xff, 0xf7, 0x0,
    0x1f, 0xff, 0xff, 0xff, 0xef, 0xfd, 0xff, 0xf2,
    0xa, 0x86, 0x42, 0xff, 0x3d, 0x50, 0x4c, 0xc0,
    0x0, 0x0, 0x0, 0x0, 0x0, 0x0, 0x0, 0x0,

    /* U+6709 "有" */
    0x0, 0x0, 0x0, 0x0, 0x0, 0x0, 0x0, 0x0,
    0x0, 0x0, 0xb, 0xff, 0x20, 0x0, 0x0, 0x0,
    0xf, 0xff, 0xff, 0xff, 0xff, 0xff, 0xff, 0xf3,
    0xf, 0xff, 0xff, 0xff, 0xff, 0xff, 0xff, 0xf3,
    0x1, 0x14, 0xff, 0xb3, 0x33, 0x33, 0x33, 0x10,
    0x0, 0xd, 0xff, 0xff, 0xff, 0xff, 0xff, 0x0,
    0x0, 0xbf, 0xff, 0xff, 0xff, 0xff, 0xff, 0x0,
    0xa, 0xff, 0xfb, 0x55, 0x55, 0x5a, 0xff, 0x0,
    0x3f, 0xff, 0xff, 0xff, 0xff, 0xff, 0xff, 0x0,
    0xe, 0xae, 0xfc, 0x66, 0x66, 0x6a, 0xff, 0x0,
    0x4, 0xd, 0xfe, 0xdd, 0xdd, 0xde, 0xff, 0x0,
    0x0, 0xd, 0xff, 0xff, 0xff, 0xff, 0xff, 0x0,
    0x0, 0xd, 0xfa, 0x22, 0x23, 0x3a, 0xff, 0x0,
    0x0, 0xd, 0xf9, 0x0, 0x4f, 0xff, 0xfe, 0x0,
    0x0, 0xd, 0xf9, 0x0, 0xf, 0xff, 0xe6, 0x0,

    /* U+672A "未" */
    0x0, 0x0, 0x0, 0x3f, 0xf4, 0x0, 0x0, 0x0,
    0x1, 0x77, 0x77, 0x9f, 0xf9, 0x77, 0x77, 0x20,
    0x4, 0xff, 0xff, 0xff, 0xff, 0xff, 0xff, 0x50,
    0x3, 0xee, 0xee, 0xef, 0xfe, 0xee, 0xee, 0x40,
    0x0, 0x0, 0x0, 0x3f, 0xf4, 0x0, 0x0, 0x0,
    0x1f, 0xff, 0xff, 0xff, 0xff, 0xff, 0xff, 0xf1,
    0x2f, 0xff, 0xff, 0xff, 0xff, 0xff, 0xff, 0xf1,
    0x5, 0x55, 0x5a, 0xff, 0xff, 0xa5, 0x55, 0x50,
    0x0, 0x0, 0x6f, 0xff, 0xff, 0xf6, 0x0, 0x0,
    0x0, 0x9, 0xff, 0xff, 0xfe, 0xff, 0xb2, 0x0,
    0x5, 0xef, 0xfd, 0x5f, 0xf4, 0xcf, 0xff, 0x91,
    0x1f, 0xff, 0xc1, 0x3f, 0xf4, 0xa, 0xff, 0xd0,
    0x7, 0xf8, 0x0, 0x3f, 0xf4, 0x0, 0x4e, 0x50,
    0x0, 0x20, 0x0, 0x3f, 0xf4, 0x0, 0x0, 0x0,

    /* U+672C "本" */
    0x0, 0x0, 0x0, 0x6f, 0xf0, 0x0, 0x0, 0x0,
    0x5, 0x66, 0x66, 0xaf, 0xf6, 0x66, 0x66, 0x30,
    0xe, 0xff, 0xff, 0xff, 0xff, 0xff, 0xff, 0x80,
    0xe, 0xff, 0xff, 0xff, 0xff, 0xff, 0xff, 0x70,
    0x0, 0x0, 0xc, 0xff, 0xff, 0x40, 0x0, 0x0,
    0x0, 0x0, 0x7f, 0xff, 0xff, 0xe1, 0x0, 0x0,
    0x0, 0x5, 0xff, 0xcf, 0xfd, 0xfc, 0x0, 0x0,
    0x0, 0x5f, 0xfb, 0x6f, 0xf3, 0xff, 0xb0, 0x0,
    0x7, 0xff, 0xd1, 0x6f, 0xf0, 0x5f, 0xfd, 0x30,
    0x6f, 0xfe, 0x64, 0x9f, 0xf4, 0x4a, 0xff, 0xe0,
    0x1f, 0xe3, 0xff, 0xff, 0xff, 0xfa, 0x7f, 0x70,
    0x8, 0x21, 0xff, 0xff, 0xff, 0xf9, 0x5, 0x10,
    0x0, 0x0, 0x0, 0x6f, 0xf0, 0x0, 0x0, 0x0,
    0x0, 0x0, 0x0, 0x6f, 0xf0, 0x0, 0x0, 0x0,

    /* U+673A "机" */
    0x0, 0x9f, 0xa0, 0x4f, 0xff, 0xff, 0xe0, 0x0,
    0x1, 0x9f, 0xa1, 0x4f, 0xff, 0xff, 0xe0, 0x0,
    0x1f, 0xff, 0xff, 0x6f, 0xf6, 0x9f, 0xe0, 0x0,
    0x1f, 0xff, 0xff, 0x6f, 0xf0, 0x5f, 0xe0, 0x0,
    0x1, 0xcf, 0xb1, 0x4f, 0xf0, 0x5f, 0xe0, 0x0,
    0x2, 0xff, 0xd2, 0x4f, 0xf0, 0x5f, 0xe0, 0x0,
    0x9, 0xff, 0xff, 0xbf, 0xf0, 0x5f, 0xe0, 0x0,
    0x2f, 0xff, 0xff, 0xff, 0xf0, 0x5f, 0xe0, 0x0,
    0x3f, 0xff, 0xb8, 0x8f, 0xf0, 0x5f, 0xe3, 0x20,
    0x1f, 0xbf, 0xa0, 0x6f, 0xe0, 0x5f, 0xe9, 0xf3,
    0x8, 0x9f, 0xa0, 0xaf, 0xb0, 0x5f, 0xe9, 0xf3,
    0x0, 0x9f, 0xa2, 0xff, 0x60, 0x5f, 0xfb, 0xf3,
    0x0, 0x9f, 0xac, 0xfd, 0x0, 0x4f, 0xff, 0xf2,
    0x0, 0x9f, 0xa5, 0xd3, 0x0, 0xc, 0xff, 0xb0,

    /* U+6781 "极" */
    0x0, 0xbf, 0x90, 0xff, 0xff, 0xff, 0xff, 0x0,
    0x1, 0xbf, 0x91, 0xff, 0xff, 0xff, 0xff, 0x0,
    0xf, 0xff, 0xfc, 0x3f, 0xf6, 0x3a, 0xfd, 0x0,
    0xf, 0xff, 0xfc, 0xf, 0xf2, 0x2f, 0xf3, 0x0,
    0x1, 0xdf, 0x91, 0xf, 0xf6, 0x8f, 0xff, 0xe0,
    0x3, 0xff, 0xd3, 0x1f, 0xfc, 0x8f, 0xff, 0xe0,
    0xa, 0xff, 0xff, 0x7f, 0xff, 0x32, 0xaf, 0xb0,
    0x2f, 0xff, 0xfd, 0x6f, 0xff, 0xb2, 0xff, 0x40,
    0xbf, 0xff, 0x92, 0x9f, 0xbf, 0xfd, 0xfb, 0x0,
    0x6e, 0xbf, 0x90, 0xff, 0x58, 0xff, 0xf2, 0x0,
    0x4, 0xbf, 0x98, 0xfe, 0x2c, 0xff, 0xf6, 0x0,
    0x0, 0xbf, 0xcf, 0xfd, 0xff, 0xfd, 0xff, 0xb1,
    0x0, 0xbf, 0xae, 0xff, 0xfe, 0x31, 0xbf, 0xe0,
    0x0, 0xbf, 0x95, 0x3b, 0x91, 0x0, 0x8, 0x50,
    0x0, 0x0, 0x0, 0x0, 0x0, 0x0, 0x0, 0x0,

    /* U+6784 "构" */
    0x0, 0x0, 0x0, 0x1, 0x0, 0x0, 0x0, 0x0,
    0xd, 0xf6, 0x0, 0xef, 0x50, 0x0, 0x0, 0x0,
    0xdf, 0x60, 0x5f, 0xff, 0xee, 0xee, 0x84, 0xff,
    0xff, 0xae, 0xff, 0xff, 0xff, 0xf9, 0x4f, 0xff,
    0xff, 0xfe, 0x22, 0x22, 0xcf, 0x81, 0x7f, 0xf9,
    0x9f, 0x9e, 0x70, 0xc, 0xf8, 0x8, 0xff, 0xc1,
    0x2a, 0xf9, 0x30, 0xcf, 0x71, 0xef, 0xff, 0xf4,
    0xff, 0xdf, 0x2d, 0xf7, 0x7f, 0xff, 0xfb, 0xbf,
    0xa7, 0xfa, 0xdf, 0x77, 0xff, 0xf8, 0x5f, 0xfb,
    0xbf, 0xfe, 0xf6, 0x5a, 0xdf, 0x61, 0xff, 0xff,
    0xff, 0xff, 0x63, 0x2d, 0xf6, 0x8, 0x97, 0x65,
    0xaf, 0xf5, 0x0, 0xdf, 0x60, 0x0, 0x37, 0x79,
    0xff, 0x50, 0xd, 0xf6, 0x0, 0x4, 0xff, 0xff,
    0xf2, 0x0, 0xdf, 0x60, 0x0, 0x1f, 0xff, 0xe7,
    0x0,

    /* U+679C "果" */
    0x0, 0xef, 0xff, 0xff, 0xff, 0xff, 0xff, 0x0,
    0x0, 0xef, 0xff, 0xff, 0xff, 0xff, 0xff, 0x0,
    0x0, 0xef, 0xdb, 0xcf, 0xfc, 0xbd, 0xff, 0x0,
    0x0, 0xef, 0xff, 0xff, 0xff, 0xff, 0xff, 0x0,
    0x0, 0xef, 0x83, 0x5f, 0xf5, 0x37, 0xff, 0x0,
    0x0, 0xef, 0xff, 0xff, 0xff, 0xff, 0xff, 0x0,
    0x0, 0xef, 0xff, 0xff, 0xff, 0xff, 0xfe, 0x0,
    0x2, 0x22, 0x22, 0x4f, 0xf4, 0x22, 0x22, 0x20,
    0x2f, 0xff, 0xff, 0xff, 0xff, 0xff, 0xff, 0xf3,
    0x2f, 0xff, 0xff, 0xff, 0xff, 0xff, 0xff, 0xf3,
    0x0, 0x4, 0xcf, 0xff, 0xff, 0xfc, 0x40, 0x0,
    0x18, 0xef, 0xfe, 0x7f, 0xf6, 0xef, 0xfd, 0x81,
    0xf, 0xff, 0x91, 0x2f, 0xf3, 0x9, 0xff, 0xf1,
    0x7, 0x81, 0x0, 0x2f, 0xf3, 0x0, 0x2a, 0x90,
    0x0, 0x0, 0x0, 0x0, 0x0, 0x0, 0x0, 0x0,

    /* U+6807 "标" */
    0x0, 0xbf, 0x70, 0xaf, 0xff, 0xff, 0xff, 0xa0,
    0x0, 0xbf, 0x70, 0xaf, 0xff, 0xff, 0xff, 0xa0,
    0xf, 0xff, 0xfa, 0x24, 0x44, 0x44, 0x44, 0x20,
    0xf, 0xff, 0xfb, 0x0, 0x0, 0x0, 0x0, 0x0,
    0x2, 0xef, 0x84, 0xff, 0xff, 0xff, 0xff, 0xf3,
    0x4, 0xff, 0x93, 0xff, 0xff, 0xff, 0xff, 0xf3,
    0xb, 0xff, 0xfd, 0x64, 0x3c, 0xfa, 0x35, 0x30,
    0x3f, 0xff, 0xff, 0x9f, 0xbb, 0xfd, 0xed, 0x0,
    0x3f, 0xff, 0x88, 0x9f, 0xbb, 0xfa, 0xff, 0x30,
    0x1e, 0xcf, 0x70, 0xff, 0x5b, 0xf9, 0xbf, 0xa0,
    0x5, 0xbf, 0x77, 0xfe, 0xb, 0xf9, 0x5f, 0xf1,
    0x0, 0xbf, 0x7c, 0xfc, 0x5d, 0xf9, 0xf, 0xd3,
    0x0, 0xbf, 0x70, 0x6a, 0xff, 0xf8, 0x1, 0x0,
    0x0, 0xbf, 0x70, 0x5, 0xff, 0xd3, 0x0, 0x0,

    /* U+6821 "校" */
    0x0, 0x0, 0x0, 0x0, 0x1, 0x42, 0x0, 0x0,
    0x0, 0x9f, 0x90, 0x0, 0xd, 0xfa, 0x0, 0x0,
    0x2, 0xaf, 0xa1, 0xbd, 0xde, 0xff, 0xdd, 0xd2,
    0x1f, 0xff, 0xfc, 0xef, 0xff, 0xff, 0xff, 0xf3,
    0x1f, 0xff, 0xfc, 0x48, 0xf8, 0x58, 0xf8, 0x51,
    0x2, 0xdf, 0xa1, 0x1e, 0xfe, 0xc, 0xfe, 0x20,
    0x2, 0xff, 0xa2, 0xdf, 0xf3, 0x1, 0xdf, 0xe2,
    0xa, 0xff, 0xfa, 0xef, 0x92, 0x5, 0x8f, 0xd1,
    0x2f, 0xff, 0xff, 0x6d, 0xfa, 0xe, 0xfa, 0x10,
    0x2f, 0xff, 0xda, 0x4, 0xff, 0xbf, 0xf1, 0x0,
    0xe, 0xaf, 0x90, 0x0, 0xaf, 0xff, 0x60, 0x0,
    0x4, 0x9f, 0x90, 0x2, 0xcf, 0xff, 0x80, 0x0,
    0x0, 0x9f, 0x92, 0xaf, 0xff, 0xef, 0xfe, 0x81,
    0x0, 0x9f, 0x98, 0xff, 0xd4, 0x8, 0xff, 0xe1,
    0x0, 0x9f, 0x90, 0xd7, 0x0, 0x0, 0x2a, 0x60,
    0x0, 0x0, 0x0, 0x0, 0x0, 0x0, 0x0, 0x0,

    /* U+6838 "核" */
    0x0, 0x0, 0x0, 0x0, 0x0, 0x25, 0x20, 0x0,
    0x0, 0x0, 0xcf, 0x80, 0x22, 0x3f, 0xf9, 0x22,
    0x20, 0x0, 0x1c, 0xf8, 0x1f, 0xff, 0xff, 0xff,
    0xff, 0x20, 0x1f, 0xff, 0xfa, 0xff, 0xff, 0xff,
    0xff, 0xf2, 0x1, 0xff, 0xff, 0x90, 0x8f, 0xf3,
    0x59, 0x10, 0x0, 0x2, 0xff, 0x91, 0x5f, 0xf7,
    0x1e, 0xf8, 0x0, 0x0, 0x6f, 0xfc, 0x2f, 0xff,
    0xff, 0xfd, 0x0, 0x0, 0xd, 0xff, 0xff, 0xcf,
    0xff, 0xfe, 0x3a, 0x20, 0x5, 0xff, 0xff, 0xa0,
    0x4d, 0xff, 0x3b, 0xfe, 0x0, 0xdf, 0xff, 0x83,
    0xaf, 0xfd, 0x3a, 0xff, 0x50, 0x8, 0xdc, 0xf8,
    0x8f, 0xf9, 0x2c, 0xff, 0x70, 0x0, 0x3, 0xcf,
    0x80, 0xa3, 0x7f, 0xff, 0xf3, 0x0, 0x0, 0xc,
    0xf8, 0x17, 0xef, 0xff, 0xff, 0xf6, 0x0, 0x0,
    0xcf, 0x88, 0xff, 0xfa, 0x12, 0xdf, 0xe1, 0x0,
    0xc, 0xf8, 0xc, 0xb3, 0x0, 0x0, 0xb4, 0x0,
    0x0, 0x0, 0x0, 0x0, 0x0, 0x0, 0x0, 0x0,

    /* U+6846 "框" */
    0x0, 0xbf, 0x74, 0xff, 0xff, 0xff, 0xff, 0xf0,
    0x0, 0xbf, 0x74, 0xff, 0xff, 0xff, 0xff, 0xf0,
    0xc, 0xff, 0xea, 0xff, 0x53, 0x33, 0x33, 0x30,
    0x1f, 0xff, 0xfb, 0xff, 0x6f, 0xff, 0xff, 0xe0,
    0x5, 0xef, 0xa6, 0xff, 0x6e, 0xff, 0xfe, 0xd0,
    0x3, 0xff, 0x74, 0xff, 0x20, 0x5f, 0xd0, 0x0,
    0xa, 0xff, 0xfa, 0xff, 0x3f, 0xff, 0xff, 0xb0,
    0x2f, 0xff, 0xff, 0xff, 0x3f, 0xff, 0xff, 0xa0,
    0x4f, 0xff, 0xb6, 0xff, 0x31, 0x5f, 0xd1, 0x10,
    0x2f, 0xcf, 0x74, 0xff, 0x9f, 0xff, 0xff, 0xf0,
    0x7, 0xbf, 0x74, 0xff, 0x9f, 0xff, 0xff, 0xf0,
    0x0, 0xbf, 0x74, 0xff, 0x53, 0x33, 0x33, 0x30,
    0x0, 0xbf, 0x74, 0xff, 0xff, 0xff, 0xff, 0xf2,
    0x0, 0xbf, 0x74, 0xff, 0xff, 0xff, 0xff, 0xf2,

    /* U+68C0 "检" */
    0x0, 0x0, 0x0, 0x0, 0x3, 0x20, 0x0, 0x0,
    0x0, 0xef, 0x50, 0x0, 0xaf, 0xf1, 0x0, 0x0,
    0x0, 0xef, 0x50, 0x4, 0xff, 0xfb, 0x0, 0x0,
    0x3c, 0xff, 0xd6, 0x2e, 0xfc, 0xff, 0xb0, 0x0,
    0x4f, 0xff, 0xfb, 0xef, 0xe1, 0x4f, 0xfd, 0x40,
    0x16, 0xff, 0x9e, 0xff, 0x75, 0x58, 0xff, 0xd0,
    0x7, 0xff, 0x55, 0xeb, 0xff, 0xff, 0xed, 0x50,
    0xd, 0xff, 0xf7, 0x7, 0xcc, 0xdc, 0xa0, 0x0,
    0x6f, 0xff, 0xfe, 0xcb, 0x6f, 0x70, 0xcc, 0x10,
    0x8f, 0xff, 0xd3, 0xff, 0x4f, 0xc1, 0xfe, 0x0,
    0x6c, 0xef, 0x50, 0xbf, 0x5e, 0xf8, 0xf9, 0x0,
    0x44, 0xef, 0x50, 0x7f, 0x9a, 0xef, 0xf3, 0x0,
    0x0, 0xef, 0x54, 0x6a, 0x55, 0x5f, 0xe4, 0x10,
    0x0, 0xef, 0x5e, 0xff, 0xff, 0xff, 0xff, 0x60,
    0x0, 0xef, 0x5d, 0xee, 0xee, 0xee, 0xee, 0x60,

    /* U+6A21 "模" */
    0x0, 0xcf, 0x40, 0x0, 0x0, 0x0, 0x0, 0x0,
    0x0, 0xcf, 0x43, 0x5f, 0xf6, 0x5f, 0xf7, 0x50,
    0x0, 0xcf, 0x4a, 0xff, 0xff, 0xff, 0xff, 0xf2,
    0xb, 0xef, 0xc7, 0x8f, 0xf9, 0x8f, 0xf9, 0x81,
    0xf, 0xff, 0xf5, 0xad, 0xda, 0xad, 0xda, 0x50,
    0x4, 0xff, 0x73, 0xfe, 0xaa, 0xaa, 0xdf, 0x90,
    0x5, 0xff, 0xb3, 0xff, 0xff, 0xff, 0xff, 0x90,
    0xb, 0xff, 0xfe, 0xfe, 0x66, 0x66, 0xbf, 0x90,
    0x3f, 0xff, 0xfa, 0xff, 0xff, 0xff, 0xff, 0x90,
    0x3f, 0xff, 0x72, 0x99, 0x9f, 0xfb, 0x99, 0x50,
    0x2d, 0xcf, 0x4b, 0xdd, 0xdf, 0xfd, 0xdd, 0xd2,
    0x5, 0xcf, 0x4d, 0xff, 0xff, 0xff, 0xff, 0xf2,
    0x0, 0xcf, 0x40, 0x39, 0xff, 0xff, 0x83, 0x10,
    0x0, 0xcf, 0x5d, 0xff, 0xf6, 0x7f, 0xff, 0xf1,
    0x0, 0xcf, 0x4a, 0xc7, 0x10, 0x2, 0x8d, 0xb0,
    0x0, 0x0, 0x0, 0x0, 0x0, 0x0, 0x0, 0x0,

    /* U+6B63 "正" */
    0x3f, 0xff, 0xff, 0xff, 0xff, 0xff, 0xf9, 0x3,
    0xff, 0xff, 0xff, 0xff, 0xff, 0xff, 0x90, 0x16,
    0x66, 0x66, 0x9f, 0xf8, 0x66, 0x64, 0x0, 0x0,
    0x0, 0x5, 0xff, 0x30, 0x0, 0x0, 0x1, 0xff,
    0x70, 0x5f, 0xf3, 0x0, 0x0, 0x0, 0x1f, 0xf7,
    0x5, 0xff, 0x97, 0x77, 0x0, 0x1, 0xff, 0x70,
    0x5f, 0xff, 0xff, 0xf1, 0x0, 0x1f, 0xf7, 0x5,
    0xff, 0xff, 0xff, 0x0, 0x1, 0xff, 0x70, 0x5f,
    0xf3, 0x0, 0x0, 0x0, 0x1f, 0xf7, 0x5, 0xff,
    0x30, 0x0, 0x0, 0x1, 0xff, 0x70, 0x5f, 0xf3,
    0x0, 0x0, 0xe, 0xff, 0xff, 0xff, 0xff, 0xff,
    0xff, 0xf0, 0xff, 0xff, 0xff, 0xff, 0xff, 0xff,
    0xff, 0x7, 0x77, 0x77, 0x77, 0x77, 0x77, 0x77,
    0x70,

    /* U+6CD5 "法" */
    0x0, 0x0, 0x0, 0x0, 0x0, 0x0, 0x0, 0x0,
    0x2, 0xe6, 0x0, 0x0, 0x6f, 0xf2, 0x0, 0x0,
    0xa, 0xff, 0xc3, 0x55, 0x9f, 0xf6, 0x55, 0x30,
    0x0, 0x9f, 0x9a, 0xff, 0xff, 0xff, 0xff, 0x90,
    0x0, 0x24, 0x8, 0xdd, 0xef, 0xfd, 0xdd, 0x80,
    0x8, 0xf6, 0x0, 0x0, 0x6f, 0xf2, 0x0, 0x0,
    0xd, 0xff, 0xa4, 0x44, 0x8f, 0xf5, 0x44, 0x40,
    0x0, 0xaf, 0x6f, 0xff, 0xff, 0xff, 0xff, 0xf3,
    0x0, 0x3, 0x2f, 0xff, 0xff, 0xff, 0xff, 0xf3,
    0x0, 0x78, 0x30, 0xd, 0xfd, 0x3, 0x30, 0x0,
    0x0, 0xef, 0xa0, 0x8f, 0xf4, 0x7f, 0xd0, 0x0,
    0x3, 0xff, 0x54, 0xff, 0xa0, 0x2f, 0xf9, 0x0,
    0x9, 0xff, 0x2f, 0xff, 0xaa, 0xbe, 0xff, 0x40,
    0xe, 0xfa, 0xf, 0xff, 0xff, 0xff, 0xff, 0xd0,
    0x1b, 0xf5, 0xa, 0xdc, 0xba, 0x98, 0x8f, 0x80,
    0x0, 0x0, 0x0, 0x0, 0x0, 0x0, 0x0, 0x0,

    /* U+6CE8 "注" */
    0x0, 0x40, 0x0, 0x0, 0x8b, 0x80, 0x0, 0x0,
    0x5, 0xfb, 0x10, 0x0, 0xcf, 0xf0, 0x0, 0x0,
    0xa, 0xff, 0xb0, 0x0, 0x7e, 0xa2, 0x0, 0x0,
    0x0, 0x7f, 0x4f, 0xff, 0xff, 0xff, 0xff, 0xb0,
    0x2, 0x11, 0x1f, 0xff, 0xff, 0xff, 0xff, 0xb0,
    0xc, 0xe4, 0x5, 0x55, 0xaf, 0xf6, 0x55, 0x40,
    0x3f, 0xff, 0x50, 0x0, 0x8f, 0xf0, 0x0, 0x0,
    0x2, 0xde, 0x6, 0x77, 0xbf, 0xf7, 0x77, 0x30,
    0x0, 0x13, 0xd, 0xff, 0xff, 0xff, 0xff, 0x70,
    0x0, 0x6d, 0x6c, 0xff, 0xff, 0xff, 0xff, 0x60,
    0x0, 0xdf, 0xb0, 0x0, 0x8f, 0xf0, 0x0, 0x0,
    0x4, 0xff, 0x40, 0x0, 0x8f, 0xf0, 0x0, 0x0,
    0xb, 0xfc, 0x8f, 0xff, 0xff, 0xff, 0xff, 0xf1,
    0x3f, 0xf5, 0x8f, 0xff, 0xff, 0xff, 0xff, 0xf1,
    0x6, 0xb0, 0x37, 0x77, 0x77, 0x77, 0x77, 0x70,

    /* U+6D41 "流" */
    0x0, 0x40, 0x0, 0x0, 0x69, 0xb0, 0x0, 0x0,
    0x6, 0xf9, 0x0, 0x0, 0xaf, 0xf3, 0x0, 0x0,
    0xb, 0xff, 0xbf, 0xff, 0xff, 0xff, 0xff, 0xe0,
    0x0, 0x9e, 0x3f, 0xff, 0xff, 0xff, 0xff, 0xe0,
    0x1, 0x31, 0x2, 0xcf, 0xe3, 0x2c, 0xb2, 0x20,
    0x9, 0xf6, 0xb, 0xff, 0x64, 0x9f, 0xf8, 0x0,
    0x1e, 0xff, 0xaf, 0xff, 0xff, 0xff, 0xff, 0x70,
    0x1, 0xce, 0x1e, 0xed, 0xdc, 0xba, 0xbf, 0xb0,
    0x0, 0x2, 0x7, 0xa4, 0x9a, 0x29, 0xa9, 0x0,
    0x0, 0x9c, 0x5b, 0xf6, 0xef, 0x4e, 0xf3, 0x0,
    0x0, 0xef, 0x7c, 0xf6, 0xef, 0x4e, 0xf3, 0x0,
    0x4, 0xff, 0x2e, 0xf4, 0xef, 0x4e, 0xf5, 0xe6,
    0x9, 0xfd, 0x5f, 0xf1, 0xef, 0x4e, 0xf6, 0xf7,
    0xe, 0xfa, 0xff, 0x90, 0xef, 0x4e, 0xff, 0xf6,
    0x19, 0xd3, 0x8d, 0x0, 0xdf, 0x48, 0xff, 0xe2,
    0x0, 0x0, 0x0, 0x0, 0x0, 0x0, 0x0, 0x0,

    /* U+6D4B "测" */
    0x3, 0x10, 0x0, 0x0, 0x0, 0x0, 0x2, 0x21,
    0xee, 0x3e, 0xff, 0xff, 0xf1, 0x1, 0xfe, 0xb,
    0xff, 0xff, 0xff, 0xff, 0x8f, 0x7f, 0xe0, 0xc,
    0x7e, 0xc4, 0x5a, 0xf8, 0xf8, 0xfe, 0x1, 0x10,
    0xec, 0xdf, 0x9f, 0x8f, 0x8f, 0xe0, 0xcc, 0x1e,
    0xcd, 0xf9, 0xf8, 0xf8, 0xfe, 0x2f, 0xfd, 0xec,
    0xdf, 0x9f, 0x8f, 0x8f, 0xe0, 0x3e, 0x5e, 0xcd,
    0xf9, 0xf8, 0xf8, 0xfe, 0x0, 0x20, 0xec, 0xde,
    0x9f, 0x8f, 0x8f, 0xe0, 0x1f, 0xbf, 0xce, 0xe9,
    0xf8, 0xf8, 0xfe, 0x4, 0xfe, 0x99, 0xfe, 0x69,
    0x7f, 0x8f, 0xe0, 0x9f, 0xa0, 0xaf, 0xfc, 0x11,
    0x32, 0xfe, 0xd, 0xf5, 0x8f, 0xfc, 0xfc, 0x10,
    0x3f, 0xd2, 0xff, 0x8f, 0xf6, 0x1e, 0xf9, 0xff,
    0xfd, 0x3b, 0xc0, 0xd8, 0x0, 0x35, 0xf, 0xfe,
    0x50, 0x0, 0x1, 0x0, 0x0, 0x0, 0x0, 0x0,

    /* U+6E29 "温" */
    0x0, 0x0, 0x0, 0x0, 0x0, 0x0, 0x0, 0x0,
    0x0, 0xd6, 0xb, 0xff, 0xff, 0xff, 0xff, 0x20,
    0x7, 0xff, 0xab, 0xff, 0xee, 0xee, 0xff, 0x20,
    0x0, 0x7f, 0xdb, 0xfe, 0xcc, 0xcc, 0xff, 0x20,
    0x9, 0x73, 0x2b, 0xff, 0xff, 0xff, 0xff, 0x20,
    0x3f, 0xfb, 0x1b, 0xfb, 0x55, 0x55, 0xff, 0x20,
    0x8, 0xff, 0x8b, 0xff, 0xff, 0xff, 0xff, 0x20,
    0x0, 0x6c, 0x5, 0x88, 0x88, 0x88, 0x88, 0x10,
    0x0, 0x10, 0x3f, 0xff, 0xff, 0xff, 0xff, 0xb0,
    0x0, 0xbf, 0xaf, 0xff, 0xff, 0xff, 0xff, 0xc0,
    0x0, 0xff, 0x8f, 0xe5, 0xf6, 0xed, 0x5f, 0xc0,
    0x4, 0xff, 0x4f, 0xe5, 0xf6, 0xed, 0x5f, 0xc0,
    0x8, 0xfc, 0x4f, 0xe6, 0xf6, 0xed, 0x6f, 0xc0,
    0xd, 0xf9, 0xff, 0xff, 0xff, 0xff, 0xff, 0xf7,
    0xc, 0xf4, 0xee, 0xee, 0xee, 0xee, 0xee, 0xe6,
    0x0, 0x0, 0x0, 0x0, 0x0, 0x0, 0x0, 0x0,

    /* U+6E90 "源" */
    0x0, 0x10, 0x0, 0x0, 0x0, 0x0, 0x0, 0x0,
    0x5, 0xf7, 0x4f, 0xff, 0xff, 0xff, 0xff, 0xf5,
    0xa, 0xff, 0xcf, 0xff, 0xff, 0xff, 0xff, 0xf5,
    0x0, 0x8f, 0x6f, 0xe1, 0x1a, 0xfb, 0x11, 0x10,
    0x3, 0x72, 0x4f, 0xe7, 0xff, 0xff, 0xff, 0xc0,
    0xe, 0xfb, 0x5f, 0xe8, 0xfe, 0xdd, 0xdf, 0xd0,
    0x7, 0xff, 0xdf, 0xe8, 0xfc, 0x88, 0xaf, 0xd0,
    0x0, 0x5d, 0x5f, 0xe8, 0xff, 0xff, 0xff, 0xd0,
    0x0, 0x0, 0x4f, 0xe8, 0xf9, 0x11, 0x5f, 0xd0,
    0x0, 0xb9, 0x8f, 0xd8, 0xff, 0xff, 0xff, 0xd0,
    0x1, 0xff, 0xaf, 0xc6, 0xdc, 0xff, 0xdd, 0xa0,
    0x5, 0xfd, 0xbf, 0x96, 0xf6, 0xef, 0xae, 0x20,
    0x9, 0xfa, 0xff, 0xaf, 0xf3, 0xff, 0xaf, 0xd1,
    0xd, 0xfc, 0xff, 0xaf, 0xcf, 0xff, 0x2b, 0xe4,
    0x7, 0xc5, 0xba, 0x4, 0x4f, 0xfb, 0x1, 0x10,
    0x0, 0x0, 0x0, 0x0, 0x0, 0x0, 0x0, 0x0,

    /* U+7247 "片" */
    0x0, 0x2f, 0xf5, 0x0, 0x8, 0xfe, 0x0, 0x0,
    0x0, 0x2f, 0xf5, 0x0, 0x8, 0xfe, 0x0, 0x0,
    0x0, 0x2f, 0xf5, 0x0, 0x8, 0xfe, 0x0, 0x0,
    0x0, 0x2f, 0xff, 0xff, 0xff, 0xff, 0xff, 0xf0,
    0x0, 0x2f, 0xff, 0xff, 0xff, 0xff, 0xff, 0xf0,
    0x0, 0x2f, 0xfa, 0x66, 0x66, 0x66, 0x66, 0x60,
    0x0, 0x2f, 0xf5, 0x0, 0x0, 0x0, 0x0, 0x0,
    0x0, 0x3f, 0xff, 0xff, 0xff, 0xff, 0xa0, 0x0,
    0x0, 0x4f, 0xff, 0xff, 0xff, 0xff, 0xb0, 0x0,
    0x0, 0x6f, 0xf8, 0x66, 0x66, 0xdf, 0xb0, 0x0,
    0x0, 0xaf, 0xf0, 0x0, 0x0, 0xcf, 0xb0, 0x0,
    0x1, 0xff, 0xc0, 0x0, 0x0, 0xcf, 0xb0, 0x0,
    0xa, 0xff, 0x60, 0x0, 0x0, 0xcf, 0xb0, 0x0,
    0x6, 0xed, 0x0, 0x0, 0x0, 0xcf, 0xb0, 0x0,
    0x0, 0x2, 0x0, 0x0, 0x0, 0x0, 0x0, 0x0,

    /* U+72B6 "状" */
    0x0, 0x0, 0x0, 0x0, 0x0, 0x0, 0x0, 0x0,
    0x0, 0x4, 0xff, 0x10, 0xd, 0xf9, 0x76, 0x0,
    0x0, 0x34, 0xff, 0x10, 0xd, 0xfd, 0xff, 0x50,
    0x1f, 0xe5, 0xff, 0x10, 0xd, 0xf9, 0x9f, 0x40,
    0xc, 0xfa, 0xff, 0x57, 0x7e, 0xfc, 0x79, 0x60,
    0x6, 0xff, 0xff, 0xbf, 0xff, 0xff, 0xff, 0xf0,
    0x1, 0xff, 0xff, 0xbf, 0xff, 0xff, 0xff, 0xe0,
    0x0, 0x57, 0xff, 0x10, 0xf, 0xfb, 0x0, 0x0,
    0x0, 0x3e, 0xff, 0x10, 0x3f, 0xff, 0x0, 0x0,
    0x7, 0xff, 0xff, 0x10, 0x9f, 0xff, 0x70, 0x0,
    0x4f, 0xff, 0xff, 0x12, 0xff, 0xff, 0xe1, 0x0,
    0xf, 0xb5, 0xff, 0x2d, 0xff, 0x4f, 0xfc, 0x0,
    0x4, 0x4, 0xff, 0xdf, 0xf7, 0x8, 0xff, 0xc1,
    0x0, 0x4, 0xff, 0xff, 0xb0, 0x0, 0xcf, 0xf2,
    0x0, 0x4, 0xff, 0x6c, 0x0, 0x0, 0xc, 0x50,
    0x0, 0x0, 0x0, 0x0, 0x0, 0x0, 0x0, 0x0,

    /* U+7387 "率" */
    0x0, 0x0, 0x0, 0x3, 0x61, 0x0, 0x0, 0x0,
    0x4, 0x44, 0x44, 0x8f, 0xf9, 0x44, 0x44, 0x40,
    0xf, 0xff, 0xff, 0xff, 0xff, 0xff, 0xff, 0xf0,
    0xc, 0xed, 0xdd, 0xff, 0xee, 0xdd, 0xdf, 0xc0,
    0x6, 0xfa, 0x4c, 0xfe, 0x8f, 0xe2, 0xaf, 0x80,
    0x1, 0xdf, 0xcf, 0xff, 0xff, 0x3c, 0xfb, 0x10,
    0x0, 0x1f, 0x38, 0xff, 0xea, 0x75, 0xe2, 0x0,
    0x6, 0xef, 0xbd, 0xff, 0x8f, 0xfe, 0xff, 0x70,
    0xe, 0xfe, 0xbf, 0xff, 0xff, 0xff, 0xdf, 0xc0,
    0x6, 0x70, 0x3c, 0xbd, 0xc8, 0xb6, 0x7, 0x20,
    0x18, 0x88, 0x88, 0x9f, 0xfa, 0x88, 0x88, 0x82,
    0x3f, 0xff, 0xff, 0xff, 0xff, 0xff, 0xff, 0xf4,
    0x29, 0x99, 0x99, 0xbf, 0xfb, 0x99, 0x99, 0x92,
    0x0, 0x0, 0x0, 0x3f, 0xf4, 0x0, 0x0, 0x0,
    0x0, 0x0, 0x0, 0x3f, 0xf4, 0x0, 0x0, 0x0,

    /* U+73AF "环" */
    0xf, 0xff, 0xfd, 0xcf, 0xff, 0xff, 0xff, 0xd0,
    0xf, 0xff, 0xfe, 0xdf, 0xff, 0xff, 0xff, 0xe0,
    0x5, 0xcf, 0xb4, 0x56, 0x6e, 0xfc, 0x66, 0x50,
    0x0, 0xbf, 0x90, 0x0, 0x2f, 0xf7, 0x0, 0x0,
    0x0, 0xbf, 0x90, 0x0, 0xaf, 0xf7, 0x0, 0x0,
    0xe, 0xff, 0xfc, 0x3, 0xff, 0xf9, 0x70, 0x0,
    0xe, 0xff, 0xfd, 0xd, 0xff, 0xff, 0xf7, 0x0,
    0x4, 0xcf, 0xb4, 0xaf, 0xff, 0xff, 0xff, 0x60,
    0x0, 0xbf, 0x9a, 0xff, 0x9f, 0xf7, 0xcf, 0xf3,
    0x0, 0xbf, 0xa9, 0xfc, 0xf, 0xf7, 0x1e, 0xa0,
    0x16, 0xdf, 0xfc, 0x71, 0xf, 0xf7, 0x2, 0x0,
    0x2f, 0xff, 0xfe, 0x0, 0xf, 0xf7, 0x0, 0x0,
    0xf, 0xda, 0x74, 0x0, 0xf, 0xf7, 0x0, 0x0,
    0x1, 0x0, 0x0, 0x0, 0xf, 0xf7, 0x0, 0x0,

    /* U+7406 "理" */
    0xf, 0xff, 0xfa, 0xff, 0xff, 0xff, 0xff, 0xe0,
    0xf, 0xff, 0xfa, 0xff, 0xff, 0xff, 0xff, 0xe0,
    0x4, 0xdf, 0x84, 0xff, 0x3c, 0xf9, 0x5f, 0xe0,
    0x0, 0xdf, 0x52, 0xff, 0xff, 0xff, 0xff, 0xe0,
    0x0, 0xdf, 0x52, 0xff, 0xdf, 0xfe, 0xef, 0xe0,
    0xc, 0xff, 0xd7, 0xff, 0x3c, 0xf9, 0x5f, 0xe0,
    0xf, 0xff, 0xf9, 0xff, 0xff, 0xff, 0xff, 0xe0,
    0x6, 0xef, 0x94, 0xff, 0xff, 0xff, 0xff, 0xe0,
    0x0, 0xdf, 0x50, 0x22, 0x2c, 0xf9, 0x22, 0x20,
    0x0, 0xdf, 0x52, 0xff, 0xff, 0xff, 0xff, 0xf0,
    0x0, 0xdf, 0xc9, 0xff, 0xff, 0xff, 0xff, 0xf0,
    0x1b, 0xff, 0xfb, 0x33, 0x3c, 0xfa, 0x33, 0x31,
    0x1f, 0xff, 0xff, 0xff, 0xff, 0xff, 0xff, 0xf7,
    0xc, 0x83, 0xc, 0xee, 0xee, 0xee, 0xee, 0xe6,

    /* U+7528 "用" */
    0x1, 0xff, 0xff, 0xff, 0xff, 0xff, 0xff, 0x80,
    0x1f, 0xff, 0xff, 0xff, 0xff, 0xff, 0xf8, 0x1,
    0xff, 0x96, 0x7f, 0xf9, 0x66, 0xff, 0x80, 0x1f,
    0xf7, 0x13, 0xff, 0x61, 0x1e, 0xf8, 0x1, 0xff,
    0xff, 0xff, 0xff, 0xff, 0xff, 0x80, 0x1f, 0xff,
    0xff, 0xff, 0xff, 0xff, 0xf8, 0x1, 0xff, 0x83,
    0x4f, 0xf7, 0x33, 0xff, 0x80, 0x1f, 0xf8, 0x34,
    0xff, 0x73, 0x3e, 0xf8, 0x1, 0xff, 0xff, 0xff,
    0xff, 0xff, 0xff, 0x80, 0x2f, 0xff, 0xff, 0xff,
    0xff, 0xff, 0xf8, 0x5, 0xff, 0x42, 0x3f, 0xf7,
    0x22, 0xef, 0x80, 0x9f, 0xf0, 0x1, 0xff, 0x65,
    0x5f, 0xf7, 0x1f, 0xfb, 0x0, 0x1f, 0xf5, 0xff,
    0xff, 0x60, 0x8f, 0x40, 0x1, 0xbb, 0x4c, 0xff,
    0xc1, 0x0, 0x0, 0x0, 0x0, 0x0, 0x0, 0x0,
    0x0,

    /* U+7535 "电" */
    0x0, 0x0, 0x8, 0xff, 0x0, 0x0, 0x0, 0x8,
    0xff, 0xff, 0xff, 0xff, 0xff, 0xff, 0x0, 0x8f,
    0xff, 0xff, 0xff, 0xff, 0xff, 0xf0, 0x8, 0xff,
    0x33, 0xaf, 0xf3, 0x39, 0xff, 0x0, 0x8f, 0xf5,
    0x5b, 0xff, 0x55, 0xaf, 0xf0, 0x8, 0xff, 0xff,
    0xff, 0xff, 0xff, 0xff, 0x0, 0x8f, 0xff, 0xff,
    0xff, 0xff, 0xff, 0xf0, 0x8, 0xfe, 0x0, 0x8f,
    0xf0, 0x7, 0xff, 0x0, 0x8f, 0xff, 0xff, 0xff,
    0xff, 0xff, 0xf0, 0x8, 0xff, 0xff, 0xff, 0xff,
    0xff, 0xff, 0x93, 0x25, 0x55, 0x5b, 0xff, 0x55,
    0x55, 0xef, 0x60, 0x0, 0x0, 0x8f, 0xf4, 0x33,
    0x5f, 0xf5, 0x0, 0x0, 0x6, 0xff, 0xff, 0xff,
    0xff, 0x30, 0x0, 0x0, 0x1b, 0xff, 0xff, 0xfe,
    0x90,

    /* U+753B "画" */
    0x3f, 0xff, 0xff, 0xff, 0xff, 0xff, 0xff, 0xf3,
    0x3f, 0xff, 0xff, 0xff, 0xff, 0xff, 0xff, 0xf3,
    0x3, 0x43, 0x44, 0x44, 0x44, 0x44, 0x34, 0x30,
    0xc, 0xf6, 0xff, 0xff, 0xff, 0xff, 0x5f, 0xd0,
    0xc, 0xf6, 0xff, 0xbf, 0xfb, 0xff, 0x5f, 0xd0,
    0xc, 0xf6, 0xff, 0x2e, 0xe1, 0xff, 0x5f, 0xd0,
    0xc, 0xf6, 0xff, 0xff, 0xff, 0xff, 0x5f, 0xd0,
    0xc, 0xf6, 0xff, 0xaf, 0xfa, 0xff, 0x5f, 0xd0,
    0xc, 0xf6, 0xff, 0x1e, 0xe1, 0xff, 0x5f, 0xd0,
    0xc, 0xf6, 0xff, 0xef, 0xfe, 0xff, 0x5f, 0xd0,
    0xc, 0xf6, 0xff, 0xff, 0xff, 0xff, 0x5f, 0xd0,
    0xc, 0xf9, 0x44, 0x44, 0x44, 0x44, 0x8f, 0xd0,
    0xc, 0xff, 0xff, 0xff, 0xff, 0xff, 0xff, 0xd0,
    0xa, 0xdd, 0xdd, 0xdd, 0xdd, 0xdd, 0xef, 0xd0,

    /* U+7684 "的" */
    0x0, 0x66, 0x20, 0x0, 0x98, 0x30, 0x0, 0x0,
    0xe, 0xf7, 0x0, 0x2f, 0xf9, 0x0, 0x0, 0x78,
    0xff, 0xa8, 0x38, 0xff, 0x97, 0x77, 0xe, 0xff,
    0xff, 0xf8, 0xff, 0xff, 0xff, 0xf0, 0xef, 0xff,
    0xff, 0xef, 0xff, 0xff, 0xff, 0xe, 0xf7, 0xe,
    0xff, 0xfd, 0x0, 0x5f, 0xf0, 0xef, 0x70, 0xef,
    0x76, 0x80, 0x5, 0xff, 0xe, 0xff, 0xff, 0xf7,
    0x9f, 0xa0, 0x6f, 0xe0, 0xef, 0xff, 0xff, 0x79,
    0xff, 0x76, 0xfe, 0xe, 0xfa, 0x6f, 0xf7, 0xd,
    0xff, 0xaf, 0xd0, 0xef, 0x70, 0xef, 0x70, 0x2c,
    0x47, 0xfd, 0xe, 0xf7, 0xe, 0xf7, 0x0, 0x0,
    0x8f, 0xc0, 0xef, 0xff, 0xff, 0x70, 0x45, 0x6d,
    0xfc, 0xe, 0xff, 0xff, 0xf7, 0x9, 0xff, 0xff,
    0x90, 0xef, 0xa6, 0x66, 0x20, 0x6f, 0xff, 0xc2,
    0x0,

    /* U+76D1 "监" */
    0x0, 0x0, 0x0, 0x0, 0x1, 0x0, 0x0, 0x0,
    0x6, 0xfc, 0x3f, 0xf2, 0x2f, 0xf6, 0x22, 0x20,
    0x6, 0xfd, 0x3f, 0xf2, 0x7f, 0xff, 0xff, 0xf1,
    0x6, 0xfd, 0x3f, 0xf2, 0xef, 0xff, 0xff, 0xf1,
    0x6, 0xfd, 0x3f, 0xf8, 0xff, 0x5b, 0x31, 0x10,
    0x6, 0xfd, 0x3f, 0xff, 0xfc, 0xdf, 0xe2, 0x0,
    0x6, 0xfd, 0x3f, 0xfb, 0xf3, 0x3f, 0xfe, 0x10,
    0x2, 0x75, 0x3f, 0xf2, 0x20, 0x4, 0xf5, 0x0,
    0x0, 0x33, 0x48, 0x84, 0x33, 0x33, 0x43, 0x0,
    0x0, 0xff, 0xff, 0xff, 0xff, 0xff, 0xff, 0x0,
    0x0, 0xff, 0xde, 0xfd, 0xdf, 0xed, 0xff, 0x0,
    0x0, 0xff, 0x69, 0xf7, 0x7f, 0x96, 0xff, 0x0,
    0x2, 0xff, 0x8a, 0xf8, 0x8f, 0xa7, 0xff, 0x20,
    0x4f, 0xff, 0xff, 0xff, 0xff, 0xff, 0xff, 0xf4,
    0x3f, 0xff, 0xff, 0xff, 0xff, 0xff, 0xff, 0xf4,

    /* U+76EE "目" */
    0xef, 0xff, 0xff, 0xff, 0xff, 0xf7, 0xef, 0xff,
    0xff, 0xff, 0xff, 0xf7, 0xef, 0x95, 0x55, 0x55,
    0x5e, 0xf7, 0xef, 0x94, 0x44, 0x44, 0x4e, 0xf7,
    0xef, 0xff, 0xff, 0xff, 0xff, 0xf7, 0xef, 0xff,
    0xff, 0xff, 0xff, 0xf7, 0xef, 0x70, 0x0, 0x0,
    0xe, 0xf7, 0xef, 0xa6, 0x66, 0x66, 0x6e, 0xf7,
    0xef, 0xff, 0xff, 0xff, 0xff, 0xf7, 0xef, 0xed,
    0xdd, 0xdd, 0xdf, 0xf7, 0xef, 0x70, 0x0, 0x0,
    0xe, 0xf7, 0xef, 0xff, 0xff, 0xff, 0xff, 0xf7,
    0xef, 0xff, 0xff, 0xff, 0xff, 0xf7, 0xef, 0xa5,
    0x55, 0x55, 0x5e, 0xf7, 0x1, 0x0, 0x0, 0x0,
    0x0, 0x0,

    /* U+788E "碎" */
    0x0, 0x0, 0x0, 0x0, 0x3, 0x89, 0x0, 0x0,
    0xa, 0xbb, 0xbb, 0x63, 0x38, 0xff, 0x43, 0x30,
    0xe, 0xff, 0xff, 0xbf, 0xff, 0xff, 0xff, 0xf0,
    0x6, 0xdf, 0xb7, 0x6f, 0xff, 0xff, 0xff, 0xe0,
    0x0, 0xff, 0x30, 0x2, 0xff, 0x6, 0xf8, 0x0,
    0x5, 0xff, 0x33, 0x17, 0xfc, 0xb, 0xf7, 0x0,
    0xd, 0xff, 0xff, 0x6e, 0xff, 0x7f, 0xff, 0x20,
    0x5f, 0xfe, 0xef, 0xdf, 0xff, 0xff, 0xdf, 0xd0,
    0x4f, 0xfa, 0x6f, 0xbe, 0x27, 0x8b, 0x6, 0x50,
    0x1e, 0xfa, 0x6f, 0x76, 0x58, 0xff, 0x55, 0x51,
    0x5, 0xfa, 0x6f, 0xcf, 0xff, 0xff, 0xff, 0xf3,
    0x4, 0xfc, 0xaf, 0xbe, 0xef, 0xff, 0xee, 0xe2,
    0x4, 0xff, 0xff, 0x50, 0x4, 0xff, 0x0, 0x0,
    0x4, 0xff, 0xee, 0x50, 0x4, 0xff, 0x0, 0x0,
    0x2, 0x85, 0x0, 0x0, 0x4, 0xff, 0x0, 0x0,

    /* U+79FB "移" */
    0x0, 0x0, 0x36, 0x0, 0x3b, 0x80, 0x0, 0x0,
    0x1a, 0xdf, 0xff, 0x12, 0xef, 0xfd, 0xdd, 0xa0,
    0x1f, 0xff, 0xfb, 0x5e, 0xff, 0xff, 0xff, 0xc0,
    0x7, 0xbf, 0x81, 0xff, 0xf7, 0x15, 0xff, 0x90,
    0x6, 0xbf, 0xb6, 0x8d, 0xfa, 0x8f, 0xfb, 0x0,
    0x2f, 0xff, 0xff, 0x1, 0xcf, 0xff, 0xa0, 0x0,
    0x2f, 0xff, 0xff, 0xaf, 0xff, 0xf6, 0x0, 0x0,
    0x1, 0xef, 0xa1, 0xaf, 0xef, 0xfc, 0x33, 0x30,
    0x5, 0xff, 0xfa, 0x45, 0x9f, 0xff, 0xff, 0xf1,
    0xd, 0xff, 0xfe, 0x19, 0xff, 0xcc, 0xdf, 0xf1,
    0x5f, 0xff, 0xa6, 0xdf, 0xff, 0x53, 0xef, 0x80,
    0x2e, 0xaf, 0x81, 0xdc, 0x7e, 0xaf, 0xf9, 0x0,
    0x3, 0x9f, 0x80, 0x24, 0x9f, 0xff, 0x50, 0x0,
    0x0, 0x9f, 0x88, 0xff, 0xff, 0x91, 0x0, 0x0,
    0x0, 0x9f, 0x84, 0xfb, 0x60, 0x0, 0x0, 0x0,
    0x0, 0x0, 0x0, 0x0, 0x0, 0x0, 0x0, 0x0,

    /* U+7A0B "程" */
    0x0, 0x0, 0x2, 0x0, 0x0, 0x0, 0x0, 0x0,
    0x5, 0x8b, 0xff, 0x5f, 0xff, 0xff, 0xff, 0x90,
    0xe, 0xff, 0xff, 0x7f, 0xff, 0xff, 0xff, 0x90,
    0xb, 0xdf, 0xb0, 0x5f, 0xe0, 0x0, 0xaf, 0x90,
    0x6, 0xbf, 0xc6, 0x6f, 0xfb, 0xbb, 0xef, 0x90,
    0x2f, 0xff, 0xff, 0x7f, 0xff, 0xff, 0xff, 0x90,
    0x1e, 0xff, 0xfe, 0x33, 0x33, 0x33, 0x33, 0x20,
    0x0, 0xdf, 0xa0, 0xaf, 0xff, 0xff, 0xff, 0xf0,
    0x4, 0xff, 0xf9, 0x9e, 0xef, 0xff, 0xee, 0xe0,
    0xd, 0xff, 0xff, 0x50, 0xa, 0xfb, 0x0, 0x0,
    0x4f, 0xff, 0xd9, 0x8f, 0xff, 0xff, 0xff, 0xa0,
    0xf, 0xbf, 0xa0, 0x7e, 0xef, 0xff, 0xee, 0x90,
    0x5, 0x8f, 0xa0, 0x0, 0xa, 0xfb, 0x0, 0x0,
    0x0, 0x8f, 0xa4, 0xff, 0xff, 0xff, 0xff, 0xf4,
    0x0, 0x8f, 0xa3, 0xee, 0xee, 0xee, 0xee, 0xe3,

    /* U+7A7A "空" */
    0x0, 0x0, 0x0, 0x27, 0xa4, 0x0, 0x0, 0x0,
    0x4, 0x44, 0x44, 0x8f, 0xfa, 0x44, 0x44, 0x40,
    0xe, 0xff, 0xff, 0xff, 0xff, 0xff, 0xff, 0xf0,
    0xe, 0xff, 0xff, 0xff, 0xff, 0xff, 0xff, 0xf0,
    0xe, 0xf8, 0x7, 0x40, 0x6, 0x70, 0x7f, 0xf0,
    0x3, 0x35, 0xcf, 0xe0, 0xe, 0xfe, 0x94, 0x30,
    0x3, 0xbf, 0xff, 0x91, 0x18, 0xff, 0xfe, 0x60,
    0xe, 0xff, 0xc3, 0x0, 0x0, 0x18, 0xff, 0xf1,
    0x7, 0xdf, 0xff, 0xff, 0xff, 0xff, 0xfc, 0x70,
    0x0, 0x1f, 0xff, 0xff, 0xff, 0xff, 0xf3, 0x0,
    0x0, 0x5, 0x55, 0x7f, 0xf8, 0x55, 0x51, 0x0,
    0x0, 0x0, 0x0, 0x4f, 0xf4, 0x0, 0x0, 0x0,
    0x4, 0x44, 0x44, 0x7f, 0xf7, 0x44, 0x44, 0x40,
    0xe, 0xff, 0xff, 0xff, 0xff, 0xff, 0xff, 0xe0,
    0xe, 0xff, 0xff, 0xff, 0xff, 0xff, 0xff, 0xe0,

    /* U+7B49 "等" */
    0x0, 0x5b, 0x90, 0x0, 0x9, 0x94, 0x0, 0x0,
    0x0, 0xdf, 0xfc, 0xcc, 0x5f, 0xfd, 0xcc, 0xc0,
    0xa, 0xff, 0xff, 0xff, 0xef, 0xff, 0xff, 0xf1,
    0x2f, 0xf5, 0xdf, 0x93, 0xdf, 0x3d, 0xf9, 0x0,
    0x3, 0x80, 0x59, 0x4d, 0xd6, 0x5, 0x91, 0x0,
    0x0, 0xff, 0xff, 0xff, 0xff, 0xff, 0xfe, 0x0,
    0x0, 0xab, 0xbb, 0xcf, 0xfc, 0xbb, 0xba, 0x0,
    0x9, 0x99, 0x99, 0xbf, 0xfa, 0x99, 0x99, 0x90,
    0x1f, 0xff, 0xff, 0xff, 0xff, 0xff, 0xff, 0xf1,
    0x4, 0x44, 0x44, 0x44, 0x45, 0xff, 0x74, 0x40,
    0x8, 0xee, 0xee, 0xee, 0xee, 0xff, 0xfe, 0xa0,
    0x9, 0xff, 0xff, 0xff, 0xff, 0xff, 0xff, 0xb0,
    0x0, 0xd, 0xfc, 0x20, 0x2, 0xff, 0x40, 0x0,
    0x0, 0x3, 0xee, 0x2e, 0xff, 0xff, 0x30, 0x0,
    0x0, 0x0, 0x12, 0xb, 0xff, 0xea, 0x0, 0x0,

    /* U+7B97 "算" */
    0x0, 0x2a, 0x80, 0x0, 0x7, 0x83, 0x0, 0x0,
    0x0, 0xcf, 0xfb, 0xbb, 0x4f, 0xfd, 0xbb, 0xb1,
    0x9, 0xff, 0xff, 0xff, 0xef, 0xff, 0xff, 0xf1,
    0x3f, 0xf4, 0x5f, 0x73, 0xdd, 0x3f, 0x90, 0x0,
    0x7, 0xef, 0xff, 0xff, 0xff, 0xff, 0xfc, 0x0,
    0x0, 0xbf, 0xd8, 0x88, 0x88, 0x8c, 0xfc, 0x0,
    0x0, 0xbf, 0xff, 0xff, 0xff, 0xff, 0xfc, 0x0,
    0x0, 0xbf, 0xc7, 0x77, 0x77, 0x7b, 0xfc, 0x0,
    0x0, 0xbf, 0xff, 0xff, 0xff, 0xff, 0xfc, 0x0,
    0x0, 0xbf, 0xd9, 0x99, 0x99, 0x9c, 0xfc, 0x0,
    0x0, 0x8b, 0xff, 0xdb, 0xbb, 0xff, 0xc9, 0x0,
    0x2c, 0xcc, 0xff, 0xdc, 0xcc, 0xff, 0xdc, 0xc2,
    0x3f, 0xff, 0xff, 0xff, 0xff, 0xff, 0xff, 0xf3,
    0x0, 0x1c, 0xfe, 0x10, 0x1, 0xff, 0x50, 0x0,
    0x0, 0x8f, 0xf5, 0x0, 0x1, 0xff, 0x40, 0x0,
    0x0, 0x0, 0x10, 0x0, 0x0, 0x0, 0x0, 0x0,

    /* U+7C7B "类" */
    0x0, 0x0, 0x0, 0x0, 0x0, 0x0, 0x0, 0x0,
    0x0, 0x2d, 0x80, 0x2f, 0xf4, 0x8, 0xd2, 0x0,
    0x0, 0x5f, 0xfc, 0x3f, 0xf5, 0xbf, 0xf5, 0x0,
    0x7, 0xbd, 0xff, 0xcf, 0xfc, 0xff, 0xdb, 0x80,
    0xb, 0xff, 0xff, 0xff, 0xff, 0xff, 0xff, 0xc0,
    0x5, 0x88, 0xaf, 0xff, 0xff, 0xe9, 0x88, 0x60,
    0x2, 0x6b, 0xff, 0xff, 0xff, 0xff, 0xa4, 0x0,
    0x9, 0xff, 0xfc, 0x8f, 0xf9, 0xaf, 0xff, 0xc0,
    0x2, 0xc8, 0x30, 0x2b, 0xb2, 0x0, 0x5b, 0x60,
    0xf, 0xff, 0xff, 0xff, 0xff, 0xff, 0xff, 0xf1,
    0xf, 0xff, 0xff, 0xff, 0xff, 0xff, 0xff, 0xf1,
    0x0, 0x0, 0x3b, 0xff, 0xff, 0xb2, 0x0, 0x0,
    0x3, 0x7b, 0xff, 0xfc, 0x9f, 0xff, 0xb6, 0x30,
    0x1f, 0xff, 0xfe, 0x60, 0x4, 0xdf, 0xff, 0xe0,
    0xb, 0xe9, 0x40, 0x0, 0x0, 0x4, 0xae, 0xa0,
    0x0, 0x0, 0x0, 0x0, 0x0, 0x0, 0x0, 0x10,

    /* U+7CCA "糊" */
    0x0, 0x8f, 0x50, 0x2f, 0xb0, 0x0, 0x0, 0x0,
    0x38, 0xf7, 0x22, 0xfb, 0xb, 0xff, 0xfc, 0x6f,
    0xaf, 0xcf, 0x3f, 0xb0, 0xbf, 0xff, 0xc1, 0xff,
    0xff, 0xff, 0xff, 0xeb, 0xf6, 0xfc, 0xd, 0xff,
    0xfa, 0xff, 0xfe, 0xbf, 0x3f, 0xc0, 0x5a, 0xf9,
    0x45, 0xfc, 0x3b, 0xff, 0xfc, 0x1f, 0xff, 0xfa,
    0x2f, 0xb0, 0xbf, 0xff, 0xc0, 0x9e, 0xfb, 0x7f,
    0xff, 0xdb, 0xf1, 0xfc, 0x1, 0xff, 0x91, 0xfd,
    0xed, 0xbf, 0xcf, 0xc0, 0x8f, 0xff, 0xdf, 0xac,
    0xdb, 0xff, 0xfc, 0x1f, 0xff, 0xfd, 0xfa, 0xcd,
    0xcf, 0x5f, 0xc3, 0xfe, 0xf8, 0x6f, 0xbd, 0xdf,
    0xc0, 0xfc, 0xd, 0x9f, 0x51, 0xff, 0xff, 0xf8,
    0xf, 0xc0, 0x28, 0xf5, 0x1e, 0xee, 0xff, 0xaf,
    0xfb, 0x0, 0x8f, 0x50, 0x0, 0xc, 0xa5, 0xff,
    0x60, 0x0, 0x0, 0x0, 0x0, 0x0, 0x0, 0x0,

    /* U+7CFB "系" */
    0x0, 0x0, 0x0, 0x0, 0x1, 0x24, 0x56, 0x30,
    0x6, 0xcd, 0xde, 0xff, 0xff, 0xff, 0xff, 0x90,
    0x7, 0xff, 0xff, 0xff, 0xff, 0xee, 0xdb, 0x70,
    0x1, 0x44, 0xaf, 0xfd, 0x20, 0x3e, 0xb0, 0x0,
    0x0, 0x5d, 0xff, 0xc6, 0x69, 0xff, 0xf5, 0x0,
    0x0, 0xcf, 0xff, 0xff, 0xff, 0xfb, 0x20, 0x0,
    0x0, 0x7b, 0xae, 0xff, 0xfd, 0x6c, 0x50, 0x0,
    0x0, 0x7, 0xdf, 0xfc, 0x50, 0xaf, 0xf5, 0x0,
    0x1, 0xff, 0xff, 0xec, 0xde, 0xff, 0xff, 0x40,
    0x0, 0xff, 0xff, 0xff, 0xff, 0xff, 0xff, 0xe0,
    0x0, 0x68, 0xe6, 0x4f, 0xf9, 0x3a, 0x2b, 0x30,
    0x0, 0x4e, 0xfb, 0xf, 0xf8, 0xbf, 0xe6, 0x0,
    0x1a, 0xff, 0xf8, 0x4f, 0xf8, 0x7f, 0xff, 0xc1,
    0xe, 0xfb, 0x3f, 0xff, 0xf7, 0x1, 0xaf, 0xd0,
    0x4, 0x50, 0xe, 0xff, 0xd2, 0x0, 0x4, 0x30,

    /* U+7D2F "累" */
    0x1, 0xff, 0xff, 0xff, 0xff, 0xff, 0xff, 0x0,
    0x1, 0xff, 0xbb, 0xbf, 0xfb, 0xbb, 0xff, 0x0,
    0x1, 0xff, 0xcc, 0xcf, 0xfc, 0xcc, 0xff, 0x0,
    0x1, 0xff, 0x98, 0x8f, 0xf8, 0x89, 0xff, 0x0,
    0x1, 0xff, 0xff, 0xff, 0xff, 0xff, 0xff, 0x0,
    0x0, 0x99, 0xdf, 0xfd, 0x9a, 0xfe, 0x99, 0x0,
    0x0, 0x2b, 0xff, 0xc6, 0x7d, 0xff, 0x50, 0x0,
    0x0, 0x6f, 0xff, 0xff, 0xfe, 0x88, 0x20, 0x0,
    0x0, 0x29, 0xdf, 0xfb, 0x62, 0xbf, 0xf4, 0x0,
    0x2, 0xff, 0xff, 0xff, 0xff, 0xff, 0xff, 0x50,
    0x1, 0xdd, 0xfe, 0xbf, 0xfc, 0xcb, 0x9e, 0x50,
    0x4, 0x9e, 0xfd, 0xe, 0xf6, 0xef, 0xe9, 0x30,
    0xf, 0xff, 0x8b, 0xff, 0xf5, 0x29, 0xff, 0xe0,
    0x7, 0x81, 0x7, 0xff, 0xd1, 0x0, 0x18, 0x60,

    /* U+7ED3 "结" */
    0x0, 0x0, 0x0, 0x0, 0x0, 0x0, 0x0, 0x0,
    0x0, 0xe, 0xa1, 0x0, 0xa, 0xfc, 0x0, 0x0,
    0x0, 0x6f, 0xf0, 0x0, 0xa, 0xfc, 0x0, 0x0,
    0x0, 0xcf, 0x80, 0xef, 0xff, 0xff, 0xff, 0xf3,
    0x5, 0xff, 0x32, 0xef, 0xff, 0xff, 0xff, 0xf3,
    0xd, 0xfa, 0xaf, 0xa3, 0x3b, 0xfc, 0x33, 0x30,
    0xf, 0xff, 0xff, 0x53, 0x3b, 0xfc, 0x33, 0x30,
    0xd, 0xff, 0xfb, 0x8f, 0xff, 0xff, 0xff, 0xe0,
    0x3, 0x9f, 0xf2, 0x8f, 0xff, 0xff, 0xff, 0xe0,
    0x3, 0xff, 0xb5, 0x13, 0x33, 0x33, 0x33, 0x20,
    0xb, 0xff, 0xff, 0x6f, 0xff, 0xff, 0xff, 0xa0,
    0x7, 0xff, 0xec, 0x6f, 0xfe, 0xee, 0xff, 0xa0,
    0x1, 0x32, 0x46, 0x6f, 0xe0, 0x0, 0xaf, 0xa0,
    0x1d, 0xff, 0xff, 0x7f, 0xfd, 0xdd, 0xff, 0xa0,
    0xf, 0xff, 0xeb, 0x7f, 0xff, 0xff, 0xff, 0xa0,
    0x5, 0x30, 0x0, 0x6f, 0xf4, 0x44, 0xcf, 0xa0,

    /* U+7EDF "统" */
    0x0, 0x5, 0x10, 0x0, 0x28, 0xa5, 0x0, 0x0,
    0x0, 0x4f, 0xf1, 0x11, 0x2f, 0xfb, 0x11, 0x10,
    0x0, 0xbf, 0x92, 0xff, 0xff, 0xff, 0xff, 0xf1,
    0x4, 0xff, 0x65, 0xff, 0xff, 0xff, 0xff, 0xf1,
    0xe, 0xf9, 0xdf, 0x66, 0xff, 0x32, 0x80, 0x0,
    0x2f, 0xff, 0xfe, 0x4f, 0xf7, 0x1f, 0xf6, 0x0,
    0xe, 0xff, 0xf8, 0xef, 0xd4, 0x4b, 0xff, 0x20,
    0x2, 0xbf, 0xc3, 0xff, 0xff, 0xff, 0xff, 0xc0,
    0x5, 0xff, 0x53, 0xdf, 0xfe, 0xef, 0xcf, 0x80,
    0xd, 0xff, 0xfb, 0xa, 0xf8, 0xbf, 0x81, 0x0,
    0xa, 0xff, 0xc7, 0xc, 0xf7, 0xbf, 0x82, 0x20,
    0x1, 0x45, 0x8b, 0x1f, 0xf4, 0xbf, 0x88, 0xf6,
    0x3f, 0xff, 0xff, 0xcf, 0xe0, 0xbf, 0x89, 0xf5,
    0x2f, 0xff, 0xcd, 0xff, 0x50, 0xaf, 0xff, 0xf4,
    0x6, 0x30, 0x2, 0xe6, 0x0, 0x3e, 0xff, 0xc0,
    0x0, 0x0, 0x0, 0x0, 0x0, 0x0, 0x0, 0x0,

    /* U+7EEA "绪" */
    0x0, 0x2a, 0x20, 0x0, 0xaf, 0xa0, 0x0, 0x0,
    0x0, 0x8f, 0xb0, 0x2, 0xbf, 0xa2, 0x6, 0x0,
    0x0, 0xef, 0x40, 0x5f, 0xff, 0xff, 0x9f, 0xd0,
    0x7, 0xfc, 0x48, 0x6e, 0xff, 0xfe, 0xff, 0x90,
    0x1f, 0xf5, 0xdf, 0x92, 0xbf, 0xab, 0xff, 0x30,
    0x3f, 0xff, 0xfe, 0xff, 0xff, 0xff, 0xff, 0xf4,
    0xf, 0xff, 0xf6, 0xee, 0xef, 0xff, 0xee, 0xe3,
    0x3, 0xcf, 0xc0, 0x6, 0xef, 0xfb, 0x66, 0x10,
    0x6, 0xff, 0x98, 0xcf, 0xff, 0xff, 0xff, 0x40,
    0xd, 0xff, 0xfd, 0xff, 0xf7, 0x77, 0xff, 0x40,
    0x9, 0xfe, 0xa4, 0xcf, 0xfc, 0xcc, 0xff, 0x40,
    0x2, 0x23, 0x78, 0x3f, 0xff, 0xff, 0xff, 0x40,
    0x2c, 0xff, 0xfd, 0x3f, 0xe1, 0x11, 0xef, 0x40,
    0x1f, 0xff, 0xfa, 0x3f, 0xff, 0xff, 0xff, 0x40,
    0x9, 0x62, 0x0, 0x3f, 0xfc, 0xcc, 0xff, 0x40,

    /* U+7EED "续" */
    0x0, 0x1, 0x0, 0x0, 0x0, 0x0, 0x0, 0x0,
    0x0, 0x2f, 0x90, 0x0, 0xb, 0xfb, 0x0, 0x0,
    0x0, 0x9f, 0x90, 0xbf, 0xff, 0xff, 0xff, 0x80,
    0x0, 0xff, 0x20, 0xcf, 0xff, 0xff, 0xff, 0x90,
    0x7, 0xfc, 0x66, 0x12, 0x2b, 0xfb, 0x22, 0x10,
    0x1e, 0xf7, 0xef, 0xef, 0xff, 0xff, 0xff, 0xf1,
    0x3f, 0xff, 0xfb, 0xcf, 0xff, 0xff, 0xff, 0xf1,
    0xf, 0xff, 0xf3, 0x6f, 0x93, 0x66, 0x2f, 0xe0,
    0x3, 0xcf, 0xa0, 0x5a, 0xfa, 0xff, 0x5f, 0xb0,
    0x5, 0xff, 0x64, 0xfd, 0x75, 0xff, 0x0, 0x10,
    0xf, 0xff, 0xf6, 0x5c, 0xd5, 0xff, 0x0, 0x0,
    0xd, 0xff, 0xd8, 0xff, 0xff, 0xff, 0xff, 0xf0,
    0x4, 0x32, 0x46, 0xdd, 0xef, 0xff, 0xdd, 0xd0,
    0x1b, 0xef, 0xf7, 0x3, 0xcf, 0xff, 0xb4, 0x0,
    0x1f, 0xff, 0xfb, 0xdf, 0xff, 0xaf, 0xff, 0xc0,
    0x9, 0x52, 0x3, 0xff, 0xa2, 0x1, 0x9f, 0xa0,
    0x0, 0x0, 0x0, 0x51, 0x0, 0x0, 0x2, 0x10,

    /* U+7F6E "置" */
    0x9, 0xff, 0xff, 0xff, 0xff, 0xff, 0xff, 0x90,
    0x9, 0xfe, 0x7f, 0xf9, 0xaf, 0xf7, 0xdf, 0x90,
    0x9, 0xff, 0xef, 0xfe, 0xff, 0xfe, 0xff, 0x90,
    0x5, 0x88, 0x88, 0x9f, 0xfa, 0x88, 0x88, 0x50,
    0xe, 0xff, 0xff, 0xff, 0xff, 0xff, 0xff, 0xe0,
    0x3, 0x67, 0x77, 0x9f, 0xf9, 0x77, 0x76, 0x30,
    0x0, 0xbf, 0xff, 0xff, 0xff, 0xff, 0xfc, 0x0,
    0x0, 0xbf, 0xd7, 0x77, 0x77, 0x7c, 0xfc, 0x0,
    0x0, 0xbf, 0xfd, 0xdd, 0xdd, 0xdf, 0xfc, 0x0,
    0x0, 0xbf, 0xeb, 0xbb, 0xbb, 0xbe, 0xfc, 0x0,
    0x0, 0xbf, 0xd8, 0x88, 0x88, 0x8d, 0xfc, 0x0,
    0x0, 0xbf, 0xff, 0xff, 0xff, 0xff, 0xfc, 0x0,
    0x18, 0xdf, 0xd8, 0x88, 0x88, 0x8d, 0xfe, 0x82,
    0x3f, 0xff, 0xff, 0xff, 0xff, 0xff, 0xff, 0xf4,

    /* U+7F72 "署" */
    0x7, 0xff, 0xff, 0xff, 0xff, 0xff, 0xff, 0x70,
    0x7, 0xff, 0xcf, 0xfd, 0xdf, 0xfc, 0xff, 0x70,
    0x7, 0xff, 0xbe, 0xfc, 0xcf, 0xfb, 0xef, 0x70,
    0x5, 0xbb, 0xbb, 0xff, 0xdb, 0xbb, 0xdd, 0x50,
    0x0, 0x4f, 0xff, 0xff, 0xff, 0xfb, 0xfe, 0x10,
    0x0, 0x29, 0x99, 0xff, 0xca, 0xff, 0xf8, 0x0,
    0xd, 0xff, 0xff, 0xff, 0xff, 0xff, 0xff, 0xf0,
    0xd, 0xff, 0xff, 0xff, 0xff, 0xff, 0xff, 0xf0,
    0x0, 0x37, 0xcf, 0xff, 0xff, 0xaa, 0xa5, 0x0,
    0x1e, 0xff, 0xff, 0xff, 0xff, 0xff, 0xf9, 0x0,
    0xe, 0xef, 0xfc, 0x99, 0x99, 0x9e, 0xf9, 0x0,
    0x1, 0xe, 0xfc, 0x99, 0x99, 0x9e, 0xf9, 0x0,
    0x0, 0xe, 0xff, 0xff, 0xff, 0xff, 0xf9, 0x0,
    0x0, 0xe, 0xfd, 0xaa, 0xaa, 0xae, 0xf9, 0x0,

    /* U+8017 "耗" */
    0x0, 0x0, 0x0, 0x0, 0x0, 0x0, 0x1, 0x0,
    0x0, 0x3f, 0xf0, 0x2, 0x46, 0x8b, 0xef, 0x30,
    0xf, 0xff, 0xff, 0xaf, 0xff, 0xff, 0xfe, 0x40,
    0xd, 0xdf, 0xfd, 0x7e, 0xcf, 0xf6, 0x20, 0x0,
    0x4, 0x6f, 0xf5, 0x20, 0x2f, 0xf6, 0x67, 0x30,
    0xc, 0xff, 0xff, 0x6f, 0xff, 0xff, 0xff, 0x80,
    0x4, 0x7f, 0xf5, 0x2f, 0xff, 0xfb, 0xa8, 0x40,
    0x1d, 0xef, 0xfd, 0x70, 0x1f, 0xf2, 0x0, 0x20,
    0x1f, 0xff, 0xff, 0x96, 0x8f, 0xfd, 0xef, 0xf2,
    0x0, 0xcf, 0xf2, 0x2f, 0xff, 0xff, 0xff, 0xf3,
    0x6, 0xff, 0xff, 0x8d, 0xcf, 0xf7, 0x47, 0x20,
    0x4f, 0xff, 0xff, 0xf1, 0x1f, 0xf2, 0xe, 0xf3,
    0x6f, 0xdf, 0xf5, 0x60, 0x1f, 0xf6, 0x3f, 0xf3,
    0x9, 0x3f, 0xf0, 0x0, 0xf, 0xff, 0xff, 0xf1,
    0x0, 0x2f, 0xf0, 0x0, 0x6, 0xef, 0xfe, 0x80,

    /* U+80FD "能" */
    0x0, 0x2, 0x0, 0x0, 0x0, 0x0, 0x0, 0x0,
    0x3, 0xfe, 0x40, 0x7, 0xfc, 0x4, 0xb0, 0x0,
    0xcf, 0xd3, 0x90, 0x7f, 0xdb, 0xff, 0x60, 0x8f,
    0xf3, 0xef, 0x67, 0xff, 0xff, 0xd4, 0x3f, 0xfc,
    0x9d, 0xff, 0x9f, 0xfc, 0x57, 0x22, 0xff, 0xff,
    0xff, 0xff, 0xfc, 0x1, 0xfe, 0x8, 0x87, 0x64,
    0x4a, 0x8f, 0xfa, 0xbf, 0xd0, 0xdf, 0xff, 0xff,
    0xe4, 0xff, 0xff, 0xf9, 0xd, 0xfd, 0xdd, 0xfe,
    0x29, 0xa6, 0x66, 0x0, 0xdf, 0xba, 0xbf, 0xe7,
    0xfc, 0x19, 0xe1, 0xd, 0xff, 0xff, 0xfe, 0x7f,
    0xff, 0xff, 0x70, 0xdf, 0x63, 0x5f, 0xe7, 0xff,
    0xfb, 0x40, 0xd, 0xff, 0xff, 0xfe, 0x7f, 0xe3,
    0xf, 0xb0, 0xdf, 0xba, 0xcf, 0xe6, 0xfd, 0x35,
    0xfe, 0xd, 0xf4, 0x8f, 0xfe, 0x5f, 0xff, 0xff,
    0xc0, 0xdf, 0x35, 0xff, 0x80, 0xac, 0xdc, 0xb3,

    /* U+81EA "自" */
    0x0, 0x0, 0x8, 0x75, 0x0, 0x0, 0x0, 0x0,
    0x0, 0x3f, 0xfc, 0x0, 0x0, 0x0, 0x1f, 0xff,
    0xff, 0xff, 0xff, 0xff, 0xf1, 0x1f, 0xff, 0xff,
    0xff, 0xff, 0xff, 0xf1, 0x1f, 0xf8, 0x22, 0x22,
    0x22, 0x8f, 0xf1, 0x1f, 0xfe, 0xcc, 0xcc, 0xcc,
    0xef, 0xf1, 0x1f, 0xff, 0xff, 0xff, 0xff, 0xff,
    0xf1, 0x1f, 0xf9, 0x44, 0x44, 0x44, 0x9f, 0xf1,
    0x1f, 0xf8, 0x22, 0x22, 0x22, 0x8f, 0xf1, 0x1f,
    0xff, 0xff, 0xff, 0xff, 0xff, 0xf1, 0x1f, 0xff,
    0xff, 0xff, 0xff, 0xff, 0xf1, 0x1f, 0xf7, 0x0,
    0x0, 0x0, 0x7f, 0xf1, 0x1f, 0xff, 0xff, 0xff,
    0xff, 0xff, 0xf1, 0x1f, 0xff, 0xff, 0xff, 0xff,
    0xff, 0xf1, 0x1f, 0xf9, 0x33, 0x33, 0x33, 0x9f,
    0xf1, 0x0, 0x0, 0x0, 0x0, 0x0, 0x0, 0x0,

    /* U+82AF "芯" */
    0x0, 0x2, 0xff, 0x40, 0x3, 0xff, 0x30, 0x0,
    0x2b, 0xbc, 0xff, 0xcb, 0xbc, 0xff, 0xcb, 0xb2,
    0x3f, 0xff, 0xff, 0xff, 0xff, 0xff, 0xff, 0xf3,
    0x2a, 0xab, 0xff, 0xba, 0xab, 0xff, 0xba, 0xa2,
    0x0, 0x2, 0xff, 0x44, 0x63, 0xff, 0x30, 0x0,
    0x0, 0x0, 0x34, 0x9f, 0xf2, 0x0, 0x10, 0x0,
    0x1, 0x95, 0xef, 0xbe, 0xfb, 0x6, 0xe6, 0x0,
    0x6, 0xff, 0xef, 0xb6, 0xff, 0x4a, 0xfe, 0x10,
    0xa, 0xfc, 0xdf, 0xb0, 0xda, 0x21, 0xff, 0xa0,
    0xe, 0xf7, 0xdf, 0xb0, 0x0, 0xec, 0xbf, 0xf3,
    0x3f, 0xf3, 0xdf, 0xb0, 0x0, 0xff, 0x6e, 0x80,
    0x29, 0xd0, 0xdf, 0xe7, 0x78, 0xff, 0x41, 0x0,
    0x0, 0x0, 0xbf, 0xff, 0xff, 0xff, 0x20, 0x0,
    0x0, 0x0, 0x3d, 0xff, 0xff, 0xe9, 0x0, 0x0,

    /* U+83B7 "获" */
    0x2, 0x22, 0x9f, 0xe2, 0x29, 0xfe, 0x22, 0x20,
    0x3f, 0xff, 0xff, 0xff, 0xff, 0xff, 0xff, 0xf3,
    0x3f, 0xff, 0xff, 0xff, 0xff, 0xff, 0xff, 0xf3,
    0x0, 0x51, 0x4b, 0x70, 0x7, 0xa8, 0x21, 0x0,
    0x7, 0xfd, 0xaf, 0x70, 0x1f, 0xf6, 0xed, 0x20,
    0x0, 0xdf, 0xfd, 0x41, 0x3f, 0xf5, 0xae, 0x40,
    0xc, 0xff, 0xf5, 0xbf, 0xff, 0xff, 0xff, 0xf0,
    0xa, 0xec, 0xfa, 0xaf, 0xff, 0xff, 0xff, 0xf0,
    0x1, 0x3e, 0xfe, 0x0, 0x6f, 0xf9, 0x0, 0x0,
    0x7, 0xff, 0xff, 0x0, 0xdf, 0xff, 0x30, 0x0,
    0x1f, 0xf6, 0xff, 0x8, 0xff, 0xdf, 0xe2, 0x0,
    0x7, 0x33, 0xff, 0xaf, 0xfb, 0x1e, 0xff, 0x60,
    0x7, 0xff, 0xff, 0xff, 0xc0, 0x3, 0xef, 0xe0,
    0x4, 0xff, 0xe5, 0x9a, 0x0, 0x0, 0x1c, 0x40,
    0x0, 0x0, 0x0, 0x0, 0x0, 0x0, 0x0, 0x0,

    /* U+884C "行" */
    0x0, 0x0, 0xa1, 0x0, 0x0, 0x0, 0x0, 0x0,
    0x0, 0xb, 0xfd, 0x1f, 0xff, 0xff, 0xff, 0x90,
    0x0, 0xbf, 0xf7, 0x1f, 0xff, 0xff, 0xff, 0x90,
    0xd, 0xff, 0x90, 0x6, 0x66, 0x66, 0x66, 0x30,
    0xb, 0xf8, 0x61, 0x0, 0x0, 0x0, 0x0, 0x0,
    0x4, 0x74, 0xfe, 0x56, 0x66, 0x66, 0x66, 0x60,
    0x0, 0x2f, 0xfc, 0x9f, 0xff, 0xff, 0xff, 0xf1,
    0x2, 0xef, 0xf1, 0x8f, 0xff, 0xff, 0xff, 0xf1,
    0x1e, 0xff, 0xe0, 0x0, 0x0, 0x7f, 0xf1, 0x0,
    0xf, 0xff, 0xe0, 0x0, 0x0, 0x7f, 0xf1, 0x0,
    0x7, 0x9f, 0xe0, 0x0, 0x0, 0x7f, 0xf1, 0x0,
    0x0, 0x6f, 0xe0, 0x0, 0x0, 0x7f, 0xf1, 0x0,
    0x0, 0x6f, 0xe0, 0x3, 0x55, 0xbf, 0xf1, 0x0,
    0x0, 0x6f, 0xe0, 0x7, 0xff, 0xff, 0xf0, 0x0,
    0x0, 0x6f, 0xe0, 0x3, 0xff, 0xfd, 0x50, 0x0,

    /* U+88F9 "裹" */
    0x0, 0x0, 0x0, 0x0, 0x0, 0x0, 0x0, 0x0,
    0x0, 0x0, 0x0, 0x4f, 0xf6, 0x0, 0x0, 0x0,
    0x1f, 0xff, 0xff, 0xff, 0xff, 0xff, 0xff, 0xf2,
    0x7, 0x77, 0x77, 0x77, 0x77, 0x77, 0x77, 0x70,
    0x0, 0xaf, 0xff, 0xff, 0xff, 0xff, 0xfb, 0x0,
    0x0, 0xaf, 0xc9, 0x9f, 0xf9, 0x9c, 0xfb, 0x0,
    0x0, 0xaf, 0xfe, 0xef, 0xfe, 0xef, 0xfb, 0x0,
    0x0, 0xaf, 0xed, 0xdf, 0xfd, 0xde, 0xfb, 0x0,
    0x8, 0x9a, 0xaa, 0xaf, 0xfa, 0xaa, 0xa9, 0x80,
    0x1f, 0xff, 0xff, 0xff, 0xff, 0xff, 0xff, 0xf1,
    0x2, 0x6b, 0xff, 0xff, 0xfa, 0xff, 0xc6, 0x10,
    0xf, 0xff, 0xc7, 0x7d, 0xc6, 0x4e, 0xff, 0xe0,
    0x7, 0x77, 0xaf, 0xff, 0xfc, 0xcf, 0x85, 0x70,
    0x2c, 0xff, 0xff, 0x95, 0xff, 0xff, 0x72, 0x0,
    0xf, 0xea, 0xff, 0xff, 0xf7, 0xef, 0xff, 0xf1,
    0x1, 0x0, 0xdf, 0xd9, 0x60, 0x5, 0xae, 0xc0,
    0x0, 0x0, 0x21, 0x0, 0x0, 0x0, 0x0, 0x0,

    /* U+89C6 "视" */
    0x0, 0x14, 0x30, 0x0, 0x0, 0x0, 0x0, 0x0,
    0x0, 0x8f, 0xb0, 0xaf, 0xff, 0xff, 0xff, 0x60,
    0x0, 0x5f, 0xe0, 0xaf, 0xff, 0xff, 0xff, 0x60,
    0xe, 0xff, 0xfd, 0xaf, 0x8d, 0xf7, 0xef, 0x60,
    0xf, 0xff, 0xfe, 0xaf, 0x6e, 0xf5, 0xef, 0x60,
    0x4, 0x4d, 0xfb, 0xaf, 0x6e, 0xf5, 0xef, 0x60,
    0x0, 0x5f, 0xf2, 0xaf, 0x6e, 0xf4, 0xef, 0x60,
    0x4, 0xff, 0xf4, 0xaf, 0x6f, 0xf3, 0xef, 0x60,
    0x2f, 0xff, 0xff, 0xef, 0x8f, 0xf3, 0xef, 0x60,
    0x1f, 0xff, 0xff, 0xef, 0xcf, 0xfd, 0xef, 0x60,
    0xd, 0xdf, 0xbb, 0x35, 0xff, 0xfd, 0x48, 0x30,
    0x1, 0x8f, 0x90, 0xa, 0xff, 0xfd, 0xd, 0xf2,
    0x0, 0x8f, 0x92, 0xcf, 0xfb, 0xfe, 0x6f, 0xf1,
    0x0, 0x8f, 0x9a, 0xff, 0x82, 0xff, 0xff, 0xf0,
    0x0, 0x8f, 0x91, 0xd5, 0x0, 0x8d, 0xdc, 0x60,
    0x0, 0x0, 0x0, 0x0, 0x0, 0x0, 0x0, 0x0,

    /* U+89C8 "览" */
    0x0, 0x0, 0x0, 0x0, 0x0, 0x0, 0x0, 0x0,
    0x0, 0x0, 0x6f, 0xe0, 0x6d, 0x40, 0x0, 0x0,
    0xe, 0xf5, 0x6f, 0xe0, 0xcf, 0xf9, 0x99, 0x80,
    0xe, 0xf5, 0x6f, 0xe2, 0xff, 0xff, 0xff, 0xe0,
    0xe, 0xf5, 0x6f, 0xeb, 0xfe, 0xcf, 0x98, 0x80,
    0xe, 0xf5, 0x6f, 0xff, 0xf5, 0xdf, 0xe4, 0x0,
    0xc, 0xd4, 0x26, 0x52, 0x50, 0x1a, 0xf9, 0x0,
    0x0, 0xde, 0xee, 0xee, 0xee, 0xee, 0xf3, 0x0,
    0x0, 0xff, 0xff, 0xff, 0xff, 0xff, 0xf4, 0x0,
    0x0, 0xff, 0xc5, 0x69, 0x95, 0x6f, 0xf4, 0x0,
    0x0, 0xff, 0xb0, 0x6f, 0xf0, 0x2f, 0xf4, 0x0,
    0x0, 0xff, 0xb0, 0xbf, 0xfa, 0x2f, 0xf8, 0x30,
    0x0, 0x78, 0x69, 0xff, 0xfc, 0x2, 0x7f, 0xf0,
    0x15, 0x7b, 0xff, 0xff, 0xfe, 0x33, 0x9f, 0xf0,
    0x2f, 0xff, 0xff, 0xa8, 0xff, 0xff, 0xff, 0xd0,
    0xe, 0xfb, 0x71, 0x1, 0xcf, 0xff, 0xfe, 0x50,
    0x1, 0x0, 0x0, 0x0, 0x0, 0x0, 0x0, 0x0,

    /* U+8B66 "警" */
    0x0, 0x0, 0x0, 0x0, 0x0, 0x0, 0x0, 0x0,
    0x0, 0x6f, 0x85, 0xf9, 0x1, 0xea, 0x0, 0x0,
    0xd, 0xef, 0xfe, 0xff, 0xea, 0xff, 0xcc, 0xc2,
    0x3, 0xfb, 0x34, 0x54, 0x4f, 0xfd, 0xef, 0xd2,
    0xc, 0xff, 0xff, 0xff, 0xef, 0xfa, 0xcf, 0x20,
    0x2f, 0xfa, 0xaa, 0x4f, 0x85, 0xbf, 0xfa, 0x0,
    0x7, 0xfa, 0xcf, 0x8f, 0x88, 0xef, 0xff, 0xb2,
    0x3, 0xaa, 0xab, 0xff, 0xad, 0xfa, 0x8f, 0xe0,
    0x2b, 0xbb, 0xbb, 0xcf, 0xfe, 0xdb, 0xbc, 0xe2,
    0x2a, 0xaa, 0xaa, 0xaa, 0xaa, 0xaa, 0xaa, 0xa2,
    0x0, 0xbf, 0xff, 0xff, 0xff, 0xff, 0xfb, 0x0,
    0x0, 0x69, 0x99, 0x99, 0x99, 0x99, 0x97, 0x0,
    0x0, 0x79, 0x99, 0x99, 0x99, 0x99, 0x97, 0x0,
    0x0, 0xff, 0xff, 0xff, 0xff, 0xff, 0xff, 0x0,
    0x0, 0xff, 0x74, 0x44, 0x44, 0x47, 0xff, 0x0,
    0x0, 0xff, 0xff, 0xff, 0xff, 0xff, 0xff, 0x0,

    /* U+8BA1 "计" */
    0x0, 0x1, 0x0, 0x0, 0x0, 0x0, 0x0, 0x0,
    0x0, 0x8f, 0x30, 0x0, 0xe, 0xf9, 0x0, 0x0,
    0x1, 0xef, 0xe1, 0x0, 0xe, 0xf9, 0x0, 0x0,
    0x0, 0x3f, 0xf7, 0x0, 0xe, 0xf9, 0x0, 0x0,
    0x0, 0x6, 0x50, 0x0, 0xe, 0xf9, 0x0, 0x0,
    0x2c, 0xcc, 0x62, 0x66, 0x6f, 0xfc, 0x66, 0x60,
    0x3f, 0xff, 0x87, 0xff, 0xff, 0xff, 0xff, 0xf1,
    0x19, 0xff, 0x86, 0xff, 0xff, 0xff, 0xff, 0xf1,
    0x0, 0xef, 0x80, 0x0, 0xe, 0xf9, 0x0, 0x0,
    0x0, 0xef, 0x80, 0x10, 0xe, 0xf9, 0x0, 0x0,
    0x0, 0xef, 0x9a, 0x90, 0xe, 0xf9, 0x0, 0x0,
    0x0, 0xef, 0xff, 0xf0, 0xe, 0xf9, 0x0, 0x0,
    0x0, 0xff, 0xfe, 0x50, 0xe, 0xf9, 0x0, 0x0,
    0x0, 0xcf, 0xc1, 0x0, 0xe, 0xf9, 0x0, 0x0,
    0x0, 0x17, 0x0, 0x0, 0xe, 0xf9, 0x0, 0x0,

    /* U+8BB0 "记" */
    0x0, 0x3, 0x0, 0x0, 0x0, 0x0, 0x0, 0x0,
    0x2, 0xdf, 0x20, 0xcf, 0xff, 0xff, 0xff, 0x60,
    0x1, 0xef, 0xd0, 0xcf, 0xff, 0xff, 0xff, 0x60,
    0x0, 0x4f, 0xf4, 0x46, 0x66, 0x66, 0xff, 0x60,
    0x0, 0x8, 0x50, 0x0, 0x0, 0x0, 0xef, 0x60,
    0x2e, 0xee, 0x40, 0x0, 0x0, 0x0, 0xef, 0x60,
    0x3f, 0xff, 0x40, 0xef, 0xff, 0xff, 0xff, 0x60,
    0x17, 0xff, 0x40, 0xef, 0xff, 0xff, 0xff, 0x60,
    0x0, 0xff, 0x40, 0xef, 0x94, 0x44, 0x44, 0x10,
    0x0, 0xff, 0x40, 0xef, 0x60, 0x0, 0x0, 0x0,
    0x0, 0xff, 0x75, 0xef, 0x60, 0x0, 0xe, 0xb2,
    0x0, 0xff, 0xfa, 0xef, 0x60, 0x0, 0x1f, 0xf3,
    0x1, 0xff, 0xfc, 0xdf, 0xa5, 0x55, 0x7f, 0xf2,
    0x1, 0xdf, 0xb1, 0xcf, 0xff, 0xff, 0xff, 0xf0,
    0x0, 0x29, 0x0, 0x4e, 0xff, 0xff, 0xff, 0x80,

    /* U+8BBE "设" */
    0x0, 0x2, 0x0, 0x0, 0x0, 0x0, 0x0, 0x0,
    0x2, 0xde, 0x20, 0x1f, 0xff, 0xff, 0xfa, 0x0,
    0x4, 0xff, 0xd1, 0x1f, 0xff, 0xff, 0xfa, 0x0,
    0x0, 0x6f, 0xf5, 0x4f, 0xf3, 0x1c, 0xfb, 0x10,
    0x0, 0x9, 0x42, 0xdf, 0xe0, 0xb, 0xff, 0xf3,
    0x3b, 0xbb, 0x34, 0xff, 0x40, 0x7, 0xff, 0xf0,
    0x5f, 0xff, 0x50, 0x77, 0x44, 0x44, 0x45, 0x30,
    0x27, 0xff, 0x51, 0xff, 0xff, 0xff, 0xff, 0xa0,
    0x0, 0xff, 0x51, 0xff, 0xfe, 0xee, 0xff, 0xa0,
    0x0, 0xff, 0x50, 0xbf, 0xd0, 0x6, 0xff, 0x50,
    0x0, 0xff, 0x89, 0x2f, 0xfb, 0x6f, 0xfb, 0x0,
    0x0, 0xff, 0xff, 0x4, 0xff, 0xff, 0xc0, 0x0,
    0x0, 0xff, 0xfe, 0x49, 0xff, 0xff, 0xd7, 0x20,
    0x1, 0xef, 0xde, 0xff, 0xfe, 0xbf, 0xff, 0xf4,
    0x0, 0x5a, 0xb, 0xfe, 0x70, 0x3, 0xaf, 0xe0,
    0x0, 0x0, 0x2, 0x40, 0x0, 0x0, 0x1, 0x30,

    /* U+8BC6 "识" */
    0x0, 0x41, 0x0, 0x0, 0x0, 0x0, 0x0, 0x0,
    0x5, 0xfd, 0x0, 0xef, 0xff, 0xff, 0xff, 0x40,
    0x3, 0xff, 0xa0, 0xef, 0xff, 0xff, 0xff, 0x50,
    0x0, 0x7f, 0xb0, 0xef, 0x84, 0x44, 0xff, 0x50,
    0x0, 0x7, 0x0, 0xef, 0x50, 0x0, 0xef, 0x50,
    0x4e, 0xee, 0x40, 0xef, 0x50, 0x0, 0xef, 0x50,
    0x4f, 0xff, 0x40, 0xef, 0x50, 0x0, 0xef, 0x50,
    0x27, 0xff, 0x40, 0xef, 0xff, 0xff, 0xff, 0x50,
    0x0, 0xff, 0x40, 0xef, 0xff, 0xff, 0xff, 0x50,
    0x0, 0xff, 0x41, 0x38, 0x83, 0x35, 0x93, 0x10,
    0x0, 0xff, 0xe8, 0xe, 0xf8, 0x3e, 0xf4, 0x0,
    0x0, 0xff, 0xfc, 0x9f, 0xf4, 0xe, 0xfe, 0x10,
    0x2, 0xff, 0xe9, 0xff, 0x90, 0x3, 0xff, 0xb0,
    0x0, 0x9e, 0x5f, 0xfd, 0x0, 0x0, 0x8f, 0xf5,
    0x0, 0x1, 0x9, 0xf2, 0x0, 0x0, 0xd, 0x90,
    0x0, 0x0, 0x0, 0x20, 0x0, 0x0, 0x1, 0x0,

    /* U+8BE6 "详" */
    0x0, 0x0, 0x0, 0x0, 0x0, 0x0, 0x0, 0x0,
    0x0, 0x43, 0x0, 0x19, 0xa0, 0x5, 0xa3, 0x0,
    0x6, 0xfe, 0x20, 0x4f, 0xf5, 0xe, 0xfb, 0x0,
    0x3, 0xff, 0xd2, 0x2c, 0xf6, 0x9f, 0xf5, 0x20,
    0x0, 0x6f, 0x67, 0xff, 0xff, 0xff, 0xff, 0xe0,
    0x0, 0x2, 0x7, 0xff, 0xff, 0xff, 0xff, 0xe0,
    0x3f, 0xff, 0x40, 0x0, 0x1f, 0xf6, 0x0, 0x0,
    0x4f, 0xff, 0x51, 0xff, 0xff, 0xff, 0xff, 0x80,
    0x16, 0xff, 0x51, 0xff, 0xff, 0xff, 0xff, 0x80,
    0x0, 0xff, 0x50, 0x55, 0x5f, 0xf9, 0x55, 0x30,
    0x0, 0xff, 0x51, 0x22, 0x2f, 0xf7, 0x22, 0x20,
    0x0, 0xff, 0x5b, 0xff, 0xff, 0xff, 0xff, 0xf4,
    0x0, 0xff, 0xdf, 0xff, 0xff, 0xff, 0xff, 0xf4,
    0x1, 0xff, 0xfb, 0x11, 0x1f, 0xf6, 0x11, 0x10,
    0x2, 0xff, 0xc2, 0x0, 0xf, 0xf6, 0x0, 0x0,
    0x0, 0x57, 0x0, 0x0, 0xf, 0xf6, 0x0, 0x0,

    /* U+8BF7 "请" */
    0x0, 0x83, 0x1, 0x11, 0x7f, 0xe1, 0x11, 0x10,
    0x9, 0xfc, 0x2f, 0xff, 0xff, 0xff, 0xff, 0xd0,
    0x6, 0xff, 0x6d, 0xdd, 0xef, 0xfd, 0xdd, 0xb0,
    0x0, 0xce, 0x46, 0x77, 0xaf, 0xf7, 0x77, 0x30,
    0x0, 0x21, 0xd, 0xee, 0xff, 0xfe, 0xee, 0x80,
    0x3c, 0xcc, 0x49, 0x99, 0xbf, 0xf9, 0x99, 0x91,
    0x4f, 0xff, 0x6e, 0xee, 0xee, 0xee, 0xee, 0xe1,
    0x18, 0xff, 0x7, 0xaa, 0xaa, 0xaa, 0xaa, 0x30,
    0x3, 0xff, 0xb, 0xff, 0xff, 0xff, 0xff, 0x50,
    0x3, 0xff, 0xb, 0xfc, 0x88, 0x88, 0xff, 0x50,
    0x3, 0xff, 0x2b, 0xff, 0xff, 0xff, 0xff, 0x50,
    0x3, 0xff, 0xeb, 0xfd, 0x88, 0x88, 0xff, 0x50,
    0x3, 0xff, 0xfc, 0xff, 0xff, 0xff, 0xff, 0x50,
    0x3, 0xff, 0x7b, 0xf9, 0x0, 0x9b, 0xff, 0x40,
    0x0, 0x85, 0xb, 0xf9, 0x0, 0xaf, 0xfc, 0x0,

    /* U+8C61 "象" */
    0x0, 0x0, 0x7a, 0x60, 0x0, 0x0, 0x0, 0x0,
    0x0, 0x7, 0xff, 0xff, 0xff, 0xff, 0x30, 0x0,
    0x0, 0xaf, 0xfb, 0xaa, 0xaf, 0xff, 0x20, 0x0,
    0x1e, 0xff, 0xe8, 0x88, 0xcf, 0xfb, 0x88, 0x30,
    0x7, 0xff, 0xff, 0xff, 0xff, 0xff, 0xff, 0x60,
    0x5, 0xff, 0x33, 0x5f, 0xf6, 0x33, 0xff, 0x60,
    0x5, 0xff, 0xff, 0xff, 0xff, 0xff, 0xff, 0x60,
    0x2, 0x88, 0xbf, 0xff, 0xa8, 0x8b, 0xfb, 0x30,
    0x3, 0x7c, 0xff, 0xef, 0xd3, 0xaf, 0xfc, 0x0,
    0xd, 0xfe, 0xbc, 0xff, 0xff, 0xff, 0x80, 0x0,
    0x5, 0x9c, 0xff, 0xcc, 0xff, 0xbf, 0x90, 0x0,
    0x9, 0xfe, 0xa9, 0xef, 0xff, 0x2f, 0xf7, 0x0,
    0x1, 0x8a, 0xff, 0xea, 0xff, 0x16, 0xff, 0xc1,
    0x1e, 0xff, 0xce, 0xff, 0xfe, 0x0, 0x7f, 0x90,
    0x9, 0x93, 0xa, 0xff, 0xd4, 0x0, 0x3, 0x0,

    /* U+8D25 "败" */
    0x0, 0x0, 0x0, 0x0, 0x2, 0x42, 0x0, 0x0,
    0xc, 0xff, 0xff, 0xf9, 0xa, 0xfc, 0x0, 0x0,
    0xc, 0xff, 0xff, 0xf9, 0xf, 0xfb, 0x55, 0x51,
    0xc, 0xf5, 0x66, 0xf9, 0x6f, 0xff, 0xff, 0xf5,
    0xc, 0xe8, 0xf8, 0xf9, 0xef, 0xff, 0xff, 0xf5,
    0xc, 0xe8, 0xf8, 0xff, 0xff, 0x50, 0xdf, 0x60,
    0xc, 0xe8, 0xf8, 0xff, 0xff, 0x60, 0xff, 0x30,
    0xc, 0xe8, 0xf8, 0xfc, 0xff, 0xb5, 0xff, 0x0,
    0xc, 0xe8, 0xf8, 0xf9, 0x2f, 0xfc, 0xfa, 0x0,
    0xc, 0xe9, 0xf7, 0xf9, 0xb, 0xff, 0xf3, 0x0,
    0x9, 0xbc, 0xf9, 0xb6, 0x3, 0xff, 0xd0, 0x0,
    0x0, 0x4f, 0xff, 0x80, 0xb, 0xff, 0xf6, 0x0,
    0x3, 0xef, 0xcf, 0xf7, 0xcf, 0xfd, 0xff, 0x90,
    0x2f, 0xfd, 0x6, 0xaf, 0xff, 0x70, 0xcf, 0xf7,
    0xb, 0xd1, 0x0, 0x9, 0xf5, 0x0, 0xa, 0xd0,
    0x1, 0x0, 0x0, 0x0, 0x20, 0x0, 0x0, 0x10,

    /* U+8D44 "资" */
    0x0, 0x0, 0x0, 0x0, 0x0, 0x0, 0x0, 0x0,
    0x0, 0x94, 0x0, 0x5f, 0xd0, 0x0, 0x0, 0x0,
    0x5, 0xff, 0x90, 0xef, 0xfe, 0xee, 0xee, 0xe2,
    0x0, 0xaf, 0x5a, 0xff, 0xff, 0xff, 0xff, 0xf3,
    0x0, 0x5, 0x4e, 0xf6, 0x7f, 0xf3, 0x8f, 0xd0,
    0x0, 0x6f, 0xe3, 0x67, 0xff, 0xfd, 0x54, 0x30,
    0xa, 0xff, 0xbd, 0xff, 0xfc, 0xef, 0xff, 0xc5,
    0xc, 0xf6, 0xb, 0xfc, 0x50, 0x7, 0xdf, 0xf2,
    0x2, 0x6c, 0xcd, 0xdc, 0xcc, 0xcc, 0xcc, 0x40,
    0x0, 0x5f, 0xff, 0xff, 0xff, 0xff, 0xfe, 0x0,
    0x0, 0x5f, 0xf4, 0x4a, 0xa6, 0x48, 0xfe, 0x0,
    0x0, 0x5f, 0xe0, 0x2f, 0xf5, 0x6, 0xfe, 0x0,
    0x0, 0x3b, 0xa1, 0xbf, 0xfb, 0x65, 0xba, 0x0,
    0x2, 0x58, 0xcf, 0xff, 0xff, 0xff, 0xc7, 0x20,
    0xc, 0xff, 0xff, 0xc5, 0x6, 0xbf, 0xff, 0xf2,
    0x4, 0xea, 0x72, 0x0, 0x0, 0x1, 0x7d, 0xb0,
    0x0, 0x0, 0x0, 0x0, 0x0, 0x0, 0x0, 0x0,

    /* U+8D85 "超" */
    0x0, 0xc, 0xf5, 0xa, 0xee, 0xee, 0xee, 0x60,
    0xb, 0xff, 0xff, 0xfb, 0xff, 0xff, 0xff, 0x60,
    0xb, 0xff, 0xff, 0xf1, 0x8f, 0xc1, 0xcf, 0x50,
    0x0, 0x1c, 0xf6, 0x11, 0xef, 0xb9, 0xff, 0x40,
    0x1a, 0xae, 0xfc, 0xad, 0xfc, 0x9f, 0xff, 0x10,
    0x2f, 0xff, 0xff, 0xf7, 0xd2, 0x37, 0x73, 0x0,
    0x16, 0x68, 0xfe, 0x68, 0xff, 0xff, 0xff, 0x50,
    0x7, 0xfa, 0xfe, 0x17, 0xff, 0xff, 0xff, 0x50,
    0x7, 0xf9, 0xff, 0xfa, 0xfa, 0x0, 0xcf, 0x50,
    0x8, 0xfb, 0xff, 0xc9, 0xff, 0xee, 0xff, 0x50,
    0xa, 0xff, 0xfe, 0x6, 0xff, 0xff, 0xff, 0x50,
    0xe, 0xff, 0xfe, 0x53, 0x44, 0x44, 0x44, 0x30,
    0x3f, 0xee, 0xff, 0xff, 0xff, 0xff, 0xff, 0xf0,
    0x6, 0x91, 0x9d, 0xff, 0xff, 0xff, 0xff, 0xc0,
    0x0, 0x0, 0x0, 0x0, 0x0, 0x0, 0x0, 0x0,

    /* U+8DDF "跟" */
    0xc, 0xff, 0xff, 0x6f, 0xff, 0xff, 0xff, 0x30,
    0xc, 0xff, 0xff, 0x6f, 0xff, 0xff, 0xff, 0x40,
    0xc, 0xf3, 0xaf, 0x6f, 0xc2, 0x22, 0xef, 0x40,
    0xc, 0xf9, 0xdf, 0x6f, 0xff, 0xff, 0xff, 0x40,
    0xc, 0xff, 0xff, 0x6f, 0xff, 0xff, 0xff, 0x40,
    0xa, 0xcf, 0xfc, 0x6f, 0xc0, 0x0, 0xef, 0x40,
    0x9, 0x6d, 0xf0, 0x5f, 0xff, 0xff, 0xff, 0x40,
    0xe, 0xad, 0xff, 0x8f, 0xff, 0xff, 0xff, 0x30,
    0xe, 0xad, 0xff, 0x8f, 0xc8, 0xf8, 0x5f, 0x50,
    0xe, 0xad, 0xf1, 0x5f, 0xc3, 0xff, 0xff, 0x80,
    0xe, 0xad, 0xf7, 0x8f, 0xc2, 0xef, 0xf8, 0x0,
    0x3f, 0xff, 0xff, 0xcf, 0xff, 0xcd, 0xff, 0x90,
    0x4f, 0xff, 0xff, 0xef, 0xff, 0xa1, 0xdf, 0xb0,
    0x2d, 0x96, 0x30, 0x2f, 0x92, 0x0, 0x8, 0x30,
    0x0, 0x0, 0x0, 0x0, 0x0, 0x0, 0x0, 0x0,

    /* U+8E2A "踪" */
    0x0, 0x0, 0x0, 0x0, 0x3, 0x64, 0x0, 0x0,
    0xc, 0xff, 0xff, 0x22, 0x2e, 0xfc, 0x22, 0x10,
    0xc, 0xff, 0xff, 0x8f, 0xff, 0xff, 0xff, 0xe0,
    0xc, 0xf4, 0xbf, 0x8f, 0xff, 0xff, 0xff, 0xe0,
    0xc, 0xf7, 0xcf, 0x7f, 0xa0, 0x0, 0x4f, 0xd0,
    0xc, 0xff, 0xff, 0x1c, 0xcc, 0xcc, 0xcc, 0x50,
    0xc, 0xff, 0xff, 0x1f, 0xff, 0xff, 0xff, 0x70,
    0x5, 0x3d, 0xf0, 0x4, 0x55, 0x55, 0x55, 0x20,
    0xe, 0x9d, 0xfe, 0x9f, 0xff, 0xff, 0xff, 0xf2,
    0xe, 0x9d, 0xff, 0x9f, 0xff, 0xff, 0xff, 0xf2,
    0xe, 0x9d, 0xf2, 0x9, 0x56, 0xfe, 0x9d, 0x10,
    0xe, 0x9d, 0xf5, 0x4f, 0xf6, 0xfe, 0xcf, 0x70,
    0x2f, 0xff, 0xff, 0xef, 0x98, 0xfe, 0x3f, 0xf1,
    0x4f, 0xff, 0xfd, 0xdd, 0xcf, 0xfd, 0xb, 0xb1,
    0x19, 0x63, 0x0, 0x2, 0x9f, 0xf7, 0x0, 0x0,

    /* U+8F6C "转" */
    0x0, 0x0, 0x0, 0x0, 0x0, 0x0, 0x0, 0x0,
    0x0, 0x1f, 0xf3, 0x0, 0xb, 0xf9, 0x0, 0x0,
    0x3f, 0xff, 0xff, 0xe9, 0xef, 0xfe, 0xee, 0xb0,
    0x3f, 0xff, 0xff, 0xfb, 0xff, 0xff, 0xff, 0xd0,
    0x2, 0xff, 0x85, 0x12, 0x8f, 0xe3, 0x33, 0x20,
    0x6, 0xfc, 0xee, 0x1e, 0xff, 0xfe, 0xee, 0xe2,
    0xd, 0xf7, 0xee, 0x3f, 0xff, 0xff, 0xff, 0xf2,
    0x1f, 0xff, 0xff, 0xe6, 0xff, 0x32, 0x22, 0x20,
    0xf, 0xff, 0xff, 0xd6, 0xff, 0xff, 0xff, 0x90,
    0x0, 0x6, 0xfe, 0x27, 0xff, 0xff, 0xff, 0xa0,
    0x6, 0x8c, 0xff, 0xf1, 0x72, 0x27, 0xff, 0x50,
    0x1f, 0xff, 0xff, 0xf5, 0xfe, 0x8f, 0xf8, 0x0,
    0xd, 0xab, 0xfe, 0x5, 0xef, 0xff, 0xe1, 0x0,
    0x0, 0x6, 0xfe, 0x0, 0x5, 0xdf, 0xff, 0x10,
    0x0, 0x6, 0xfe, 0x0, 0x0, 0x5, 0xd9, 0x0,
    0x0, 0x0, 0x0, 0x0, 0x0, 0x0, 0x0, 0x0,

    /* U+8F7B "轻" */
    0x0, 0x6, 0x30, 0x0, 0x0, 0x0, 0x0, 0x0,
    0x0, 0x3f, 0xe0, 0x9, 0xff, 0xff, 0xff, 0x60,
    0xf, 0xff, 0xff, 0xe9, 0xff, 0xff, 0xff, 0x60,
    0x1f, 0xff, 0xff, 0xe2, 0x44, 0x6f, 0xfd, 0x20,
    0x5, 0xff, 0x54, 0x10, 0x18, 0xff, 0xf3, 0x0,
    0x9, 0xfa, 0xfb, 0x29, 0xff, 0xff, 0xff, 0x80,
    0xf, 0xf8, 0xfc, 0x4f, 0xfd, 0x43, 0xdf, 0xf4,
    0x1f, 0xff, 0xff, 0xd5, 0x60, 0x0, 0x7, 0x90,
    0x1d, 0xde, 0xff, 0xaa, 0xff, 0xff, 0xff, 0xc0,
    0x0, 0x8, 0xfb, 0x2b, 0xff, 0xff, 0xff, 0xc0,
    0x7, 0x9e, 0xff, 0xd3, 0x57, 0xff, 0x75, 0x40,
    0x1f, 0xff, 0xff, 0xf0, 0x3, 0xff, 0x30, 0x0,
    0xf, 0xff, 0xfd, 0x84, 0x47, 0xff, 0x64, 0x41,
    0x3, 0x18, 0xfb, 0x4f, 0xff, 0xff, 0xff, 0xf5,
    0x0, 0x8, 0xfb, 0x3f, 0xff, 0xff, 0xff, 0xf5,

    /* U+8F7D "载" */
    0x0, 0x0, 0x0, 0x0, 0x2, 0x10, 0x0, 0x0,
    0x8, 0xbb, 0xff, 0xcb, 0x8f, 0xf4, 0xc6, 0x0,
    0xc, 0xff, 0xff, 0xff, 0x9f, 0xf3, 0xef, 0x60,
    0x3, 0x44, 0xff, 0x84, 0x5f, 0xf4, 0x5b, 0x30,
    0x2f, 0xff, 0xff, 0xff, 0xff, 0xff, 0xff, 0xf4,
    0x2d, 0xde, 0xff, 0xdd, 0xdf, 0xfd, 0xed, 0xd3,
    0xa, 0xae, 0xfe, 0xaa, 0x9e, 0xf5, 0xad, 0x50,
    0xf, 0xff, 0xff, 0xff, 0xdc, 0xf9, 0xff, 0x40,
    0x5, 0xff, 0x6b, 0x82, 0x1a, 0xff, 0xfd, 0x0,
    0xa, 0xff, 0xbf, 0xea, 0x57, 0xff, 0xf5, 0x0,
    0xa, 0xff, 0xff, 0xff, 0x83, 0xff, 0xc6, 0x50,
    0x3, 0x45, 0xcf, 0xda, 0x9b, 0xff, 0x7c, 0xf3,
    0xf, 0xff, 0xff, 0xff, 0xff, 0xff, 0xdf, 0xf1,
    0xa, 0x98, 0xdf, 0xc7, 0xff, 0x6f, 0xff, 0xd0,
    0x0, 0x0, 0xaf, 0xa0, 0x63, 0x5, 0xee, 0x40,

    /* U+8F83 "较" */
    0x0, 0x0, 0x0, 0x0, 0x0, 0x11, 0x0, 0x0,
    0x0, 0x3f, 0xe0, 0x0, 0x9, 0xfd, 0x0, 0x0,
    0x1f, 0xff, 0xff, 0xae, 0xef, 0xff, 0xee, 0xe1,
    0x1f, 0xff, 0xff, 0xaf, 0xff, 0xff, 0xff, 0xf2,
    0x3, 0xff, 0x63, 0x14, 0xd8, 0x49, 0xf5, 0x40,
    0x7, 0xfd, 0xf9, 0x5, 0xff, 0x3e, 0xfb, 0x0,
    0xe, 0xf6, 0xf9, 0x1e, 0xfa, 0x4, 0xff, 0x80,
    0x1f, 0xff, 0xff, 0xff, 0xf9, 0x6, 0xef, 0xf3,
    0x1f, 0xff, 0xff, 0xbe, 0xff, 0x3e, 0xfe, 0x80,
    0x1, 0x1a, 0xfa, 0x10, 0xcf, 0xef, 0xf1, 0x0,
    0x4, 0x6c, 0xff, 0xf0, 0x3f, 0xff, 0x70, 0x0,
    0x1f, 0xff, 0xff, 0xf0, 0x4f, 0xff, 0x90, 0x0,
    0xd, 0xbd, 0xfb, 0x39, 0xff, 0xff, 0xfe, 0x70,
    0x0, 0x9, 0xf9, 0xaf, 0xfb, 0x7, 0xff, 0xe0,
    0x0, 0x9, 0xf9, 0x1d, 0x60, 0x0, 0x2b, 0x40,
    0x0, 0x0, 0x0, 0x0, 0x0, 0x0, 0x0, 0x0,

    /* U+8F93 "输" */
    0x0, 0x4a, 0x40, 0x0, 0xb, 0xf9, 0x0, 0x0,
    0x1, 0x8f, 0x81, 0x0, 0x6f, 0xff, 0x50, 0x0,
    0x1f, 0xff, 0xff, 0x5, 0xff, 0xdf, 0xf4, 0x0,
    0x1f, 0xff, 0xff, 0x7f, 0xfc, 0x1c, 0xff, 0x80,
    0x5, 0xfc, 0x27, 0xff, 0xff, 0xff, 0xff, 0xf5,
    0x7, 0xfc, 0xf0, 0xd7, 0xab, 0xbb, 0x76, 0xc0,
    0xd, 0xf7, 0xf0, 0xde, 0xee, 0x83, 0x2d, 0xa0,
    0x1f, 0xfd, 0xf8, 0xef, 0xef, 0x9f, 0x9f, 0xc0,
    0x1f, 0xff, 0xfb, 0xee, 0x9f, 0x9f, 0x9f, 0xc0,
    0x4, 0x5f, 0xf3, 0xef, 0xff, 0x9f, 0x9f, 0xc0,
    0x4, 0x7f, 0xf9, 0xee, 0x8f, 0x9f, 0x9f, 0xc0,
    0x1f, 0xff, 0xfb, 0xef, 0xff, 0x9f, 0x9f, 0xc0,
    0xd, 0xcf, 0xf3, 0xee, 0x8f, 0x9c, 0x8f, 0xc0,
    0x0, 0xf, 0xf0, 0xed, 0xcf, 0x9c, 0xef, 0xb0,
    0x0, 0xf, 0xf0, 0xed, 0xcf, 0x4b, 0xfe, 0x50,
    0x0, 0x1, 0x0, 0x0, 0x0, 0x0, 0x0, 0x0,

    /* U+8FBE "达" */
    0x0, 0x0, 0x0, 0x0, 0x0, 0x0, 0x0, 0x0,
    0x0, 0x9b, 0x0, 0x0, 0x1f, 0xf4, 0x0, 0x0,
    0x5, 0xff, 0xb0, 0x0, 0x1f, 0xf4, 0x0, 0x0,
    0x0, 0x8f, 0xf7, 0xbb, 0xbf, 0xfc, 0xbb, 0x90,
    0x0, 0xa, 0x53, 0xff, 0xff, 0xff, 0xff, 0xd0,
    0xb, 0xee, 0xc1, 0x44, 0x7f, 0xf6, 0x44, 0x30,
    0xd, 0xff, 0xe0, 0x0, 0x7f, 0xf2, 0x0, 0x0,
    0x4, 0xaf, 0xe0, 0x0, 0xdf, 0xfe, 0x20, 0x0,
    0x0, 0x6f, 0xe0, 0x9, 0xff, 0xff, 0xe2, 0x0,
    0x0, 0x6f, 0xe0, 0xaf, 0xfc, 0x5f, 0xfe, 0x20,
    0x0, 0x6f, 0xe7, 0xff, 0xd1, 0x6, 0xff, 0xb0,
    0x0, 0xbf, 0xf3, 0xcd, 0x10, 0x0, 0x7e, 0x20,
    0x1c, 0xff, 0xff, 0xb7, 0x55, 0x55, 0x57, 0x53,
    0xe, 0xfb, 0xdf, 0xff, 0xff, 0xff, 0xff, 0xf7,
    0x6, 0xa0, 0x18, 0xdf, 0xff, 0xff, 0xff, 0xf4,
    0x0, 0x0, 0x0, 0x0, 0x0, 0x0, 0x0, 0x0,

    /* U+8FC7 "过" */
    0x0, 0x0, 0x0, 0x0, 0x0, 0x0, 0x0, 0x0,
    0x0, 0x89, 0x0, 0x0, 0x0, 0xf, 0xf7, 0x0,
    0x5, 0xff, 0x40, 0x0, 0x0, 0xf, 0xf7, 0x0,
    0x0, 0xcf, 0xe3, 0x88, 0x88, 0x8f, 0xfb, 0x81,
    0x0, 0x2f, 0xe7, 0xff, 0xff, 0xff, 0xff, 0xf3,
    0x0, 0x5, 0x14, 0xff, 0xff, 0xff, 0xff, 0xf2,
    0x7, 0x77, 0x60, 0x19, 0x0, 0xf, 0xf7, 0x0,
    0x1f, 0xff, 0xe0, 0xef, 0xa0, 0xf, 0xf7, 0x0,
    0x1f, 0xff, 0xe0, 0x6f, 0xf7, 0xf, 0xf7, 0x0,
    0x0, 0x7f, 0xe0, 0xa, 0xe5, 0xf, 0xf7, 0x0,
    0x0, 0x7f, 0xe0, 0x1, 0x10, 0xf, 0xf7, 0x0,
    0x0, 0x7f, 0xe0, 0x0, 0xef, 0xff, 0xf6, 0x0,
    0x1, 0xcf, 0xf2, 0x0, 0xcf, 0xff, 0xf2, 0x0,
    0x1e, 0xff, 0xfe, 0x74, 0x67, 0x76, 0x43, 0x31,
    0xf, 0xf8, 0xff, 0xff, 0xff, 0xff, 0xff, 0xf4,
    0xa, 0x50, 0x29, 0xdf, 0xff, 0xff, 0xff, 0xf1,
    0x0, 0x0, 0x0, 0x0, 0x0, 0x0, 0x0, 0x0,

    /* U+8FD0 "运" */
    0x0, 0x61, 0x0, 0x0, 0x0, 0x0, 0x0, 0x0,
    0x8, 0xfc, 0x2, 0xff, 0xff, 0xff, 0xff, 0x30,
    0x6, 0xff, 0xb2, 0xff, 0xff, 0xff, 0xff, 0x30,
    0x0, 0x9f, 0x80, 0x33, 0x33, 0x33, 0x33, 0x0,
    0x0, 0x5, 0x7, 0x88, 0x88, 0x88, 0x88, 0x80,
    0x4f, 0xff, 0x7f, 0xff, 0xff, 0xff, 0xff, 0xf1,
    0x5f, 0xff, 0x79, 0xae, 0xff, 0xaa, 0xca, 0xa0,
    0x27, 0xff, 0x70, 0x1f, 0xf9, 0x2c, 0xe0, 0x0,
    0x0, 0xef, 0x70, 0xaf, 0xf1, 0x1f, 0xf8, 0x0,
    0x0, 0xef, 0x76, 0xff, 0xb7, 0x9e, 0xff, 0x10,
    0x0, 0xef, 0x77, 0xff, 0xff, 0xff, 0xff, 0x90,
    0x5, 0xff, 0xa3, 0xfe, 0xdc, 0xb9, 0xbf, 0x90,
    0x3f, 0xff, 0xfc, 0x75, 0x44, 0x44, 0x58, 0x40,
    0xf, 0xfa, 0xff, 0xff, 0xff, 0xff, 0xff, 0xf0,
    0xb, 0x30, 0x4b, 0xef, 0xff, 0xff, 0xff, 0xd0,
    0x0, 0x0, 0x0, 0x0, 0x0, 0x0, 0x0, 0x0,

    /* U+8FDE "连" */
    0x0, 0x0, 0x0, 0x0, 0x0, 0x0, 0x0, 0x0,
    0x2, 0xc3, 0x0, 0x1, 0xec, 0x30, 0x0, 0x0,
    0xc, 0xfd, 0x6, 0x6a, 0xff, 0x66, 0x66, 0x60,
    0x3, 0xff, 0x9f, 0xff, 0xff, 0xff, 0xff, 0xf0,
    0x0, 0x9e, 0x3b, 0xdf, 0xfb, 0xbb, 0xbb, 0xa0,
    0x0, 0x1, 0x0, 0xef, 0x9a, 0xd8, 0x0, 0x0,
    0x5d, 0xdd, 0x68, 0xff, 0x5d, 0xfb, 0x44, 0x10,
    0x6f, 0xff, 0x7b, 0xff, 0xff, 0xff, 0xff, 0x70,
    0x38, 0xff, 0x79, 0xdd, 0xdf, 0xff, 0xdd, 0x60,
    0x0, 0xef, 0x71, 0x11, 0x1c, 0xfa, 0x11, 0x10,
    0x0, 0xef, 0x8f, 0xff, 0xff, 0xff, 0xff, 0xf0,
    0x0, 0xef, 0x8f, 0xff, 0xff, 0xff, 0xff, 0xf0,
    0x5, 0xff, 0xb1, 0x0, 0xc, 0xfa, 0x0, 0x0,
    0x3f, 0xff, 0xfd, 0x75, 0x56, 0x66, 0x55, 0x51,
    0xf, 0xfc, 0xff, 0xff, 0xff, 0xff, 0xff, 0xf1,
    0xa, 0x50, 0x7c, 0xef, 0xff, 0xff, 0xff, 0xe0,
    0x0, 0x0, 0x0, 0x0, 0x0, 0x0, 0x0, 0x0,

    /* U+9001 "送" */
    0x0, 0x50, 0x0, 0x4b, 0x10, 0x9, 0x50, 0x0,
    0xaf, 0x70, 0xe, 0xfa, 0x5, 0xff, 0x30, 0xa,
    0xff, 0x32, 0x8f, 0xe5, 0xef, 0xb3, 0x0, 0xd,
    0xf7, 0xdf, 0xff, 0xff, 0xff, 0xf3, 0x0, 0x36,
    0xc, 0xff, 0xff, 0xff, 0xff, 0x33, 0xaa, 0xa4,
    0x0, 0xd, 0xf9, 0x0, 0x0, 0x6f, 0xff, 0xad,
    0xdd, 0xff, 0xfd, 0xdd, 0x73, 0x9f, 0xfb, 0xff,
    0xff, 0xff, 0xff, 0xf8, 0x0, 0xef, 0x73, 0x37,
    0xff, 0xf6, 0x33, 0x10, 0xe, 0xf6, 0x2, 0xdf,
    0xff, 0xf6, 0x0, 0x0, 0xef, 0x69, 0xff, 0xf7,
    0xdf, 0xf9, 0x0, 0x6f, 0xf9, 0x8f, 0xe5, 0x0,
    0xbf, 0xd1, 0x3f, 0xff, 0xfc, 0xe6, 0x55, 0x55,
    0xd8, 0x30, 0xff, 0xbf, 0xff, 0xff, 0xff, 0xff,
    0xf9, 0xa, 0x30, 0x6c, 0xef, 0xff, 0xff, 0xff,
    0x60, 0x0, 0x0, 0x0, 0x0, 0x0, 0x0, 0x0,

    /* U+9002 "适" */
    0x0, 0x71, 0x0, 0x0, 0x1, 0x23, 0x56, 0x0,
    0x9, 0xfc, 0x7, 0xde, 0xff, 0xff, 0xff, 0x0,
    0x6, 0xff, 0x97, 0xff, 0xff, 0xfb, 0xa8, 0x0,
    0x0, 0x9e, 0x33, 0x32, 0x6f, 0xf3, 0x22, 0x20,
    0x0, 0x2, 0x1f, 0xff, 0xff, 0xff, 0xff, 0xe0,
    0x29, 0x99, 0x5f, 0xff, 0xff, 0xff, 0xff, 0xe0,
    0x5f, 0xff, 0x71, 0x11, 0x6f, 0xf2, 0x11, 0x0,
    0x4e, 0xff, 0x77, 0xff, 0xff, 0xff, 0xff, 0x20,
    0x0, 0xef, 0x77, 0xff, 0xff, 0xff, 0xff, 0x20,
    0x0, 0xef, 0x77, 0xff, 0x11, 0x13, 0xff, 0x20,
    0x0, 0xef, 0x77, 0xff, 0xff, 0xff, 0xff, 0x20,
    0x6, 0xff, 0xb7, 0xff, 0xff, 0xff, 0xff, 0x10,
    0x4f, 0xff, 0xfc, 0x75, 0x55, 0x55, 0x55, 0x50,
    0x1f, 0xfb, 0xff, 0xff, 0xff, 0xff, 0xff, 0xf0,
    0x9, 0x50, 0x5c, 0xff, 0xff, 0xff, 0xff, 0xd0,
    0x0, 0x0, 0x0, 0x0, 0x0, 0x0, 0x0, 0x0,

    /* U+9012 "递" */
    0x1, 0x70, 0x0, 0x6a, 0x60, 0xa, 0x70, 0x0,
    0x1e, 0xf6, 0x0, 0x9f, 0xb0, 0x7f, 0xc0, 0x0,
    0x9, 0xff, 0x3f, 0xff, 0xff, 0xff, 0xff, 0x40,
    0x0, 0xdd, 0x3c, 0xcc, 0xdf, 0xfc, 0xff, 0x40,
    0x0, 0x20, 0x6, 0x77, 0x9f, 0xf7, 0xef, 0x40,
    0x2b, 0xbb, 0x3f, 0xff, 0xff, 0xff, 0xff, 0x40,
    0x3f, 0xff, 0x6f, 0xf5, 0x7f, 0xf4, 0x44, 0x10,
    0x2a, 0xff, 0x8f, 0xfd, 0xef, 0xfd, 0xdd, 0xb0,
    0x0, 0xff, 0x9f, 0xff, 0xff, 0xff, 0xff, 0xc0,
    0x0, 0xff, 0x40, 0x7f, 0xff, 0xe0, 0x6f, 0xb0,
    0x0, 0xff, 0x8d, 0xff, 0xaf, 0xec, 0xff, 0xa0,
    0x2, 0xff, 0x8e, 0xd3, 0x3f, 0xea, 0xfd, 0x30,
    0x1d, 0xff, 0xfb, 0x42, 0x39, 0x82, 0x22, 0x10,
    0x2f, 0xe8, 0xff, 0xff, 0xff, 0xff, 0xff, 0xe0,
    0xc, 0x40, 0x4c, 0xff, 0xff, 0xff, 0xff, 0xb0,
    0x0, 0x0, 0x0, 0x0, 0x0, 0x0, 0x0, 0x0,

    /* U+901A "通" */
    0x0, 0x0, 0x0, 0x0, 0x0, 0x0, 0x0, 0x0,
    0x2, 0xc8, 0xf, 0xff, 0xff, 0xff, 0xff, 0x90,
    0x7, 0xff, 0x3c, 0xcf, 0xec, 0xcf, 0xff, 0x90,
    0x0, 0xdf, 0xc0, 0x1f, 0xf9, 0xdf, 0xf9, 0x10,
    0x0, 0x3b, 0x2a, 0xbd, 0xff, 0xff, 0xdb, 0xa0,
    0x29, 0x99, 0x3e, 0xfe, 0xef, 0xfe, 0xef, 0xe0,
    0x3f, 0xff, 0x5e, 0xf9, 0x9f, 0xf7, 0x9f, 0xe0,
    0x2c, 0xff, 0x5e, 0xff, 0xff, 0xff, 0xff, 0xe0,
    0x0, 0xff, 0x5e, 0xf7, 0x7f, 0xf4, 0x7f, 0xe0,
    0x0, 0xff, 0x5e, 0xff, 0xff, 0xff, 0xff, 0xe0,
    0x0, 0xff, 0x5e, 0xf7, 0x7f, 0xf4, 0x8f, 0xe0,
    0x3, 0xff, 0x7e, 0xf3, 0x4f, 0xfb, 0xff, 0xc0,
    0x2f, 0xff, 0xfd, 0x84, 0x36, 0x57, 0xba, 0x51,
    0xe, 0xea, 0xff, 0xff, 0xff, 0xff, 0xff, 0xf5,
    0x8, 0x30, 0x5c, 0xef, 0xff, 0xff, 0xff, 0xf2,
    0x0, 0x0, 0x0, 0x0, 0x0, 0x0, 0x0, 0x0,

    /* U+901F "速" */
    0x0, 0x95, 0x0, 0x0, 0x3f, 0xf1, 0x0, 0x0,
    0xb, 0xfd, 0x2e, 0xee, 0xff, 0xfe, 0xee, 0xc0,
    0x5, 0xff, 0x7f, 0xff, 0xff, 0xff, 0xff, 0xd0,
    0x0, 0xdf, 0xa5, 0x55, 0x7f, 0xf6, 0x55, 0x40,
    0x0, 0x45, 0xc, 0xee, 0xef, 0xfe, 0xee, 0x40,
    0x29, 0x99, 0x3d, 0xff, 0xff, 0xff, 0xff, 0x40,
    0x4f, 0xff, 0x5d, 0xf3, 0x3f, 0xf1, 0xdf, 0x40,
    0x3c, 0xff, 0x5d, 0xff, 0xff, 0xff, 0xff, 0x40,
    0x0, 0xff, 0x5b, 0xdf, 0xff, 0xff, 0xdd, 0x30,
    0x0, 0xff, 0x50, 0x9f, 0xff, 0xff, 0xc3, 0x0,
    0x0, 0xff, 0x8f, 0xff, 0xaf, 0xfc, 0xff, 0x60,
    0x6, 0xff, 0xbd, 0xd3, 0x3f, 0xf1, 0x8e, 0x10,
    0x3f, 0xff, 0xfe, 0x63, 0x33, 0x33, 0x34, 0x30,
    0x1f, 0xeb, 0xff, 0xff, 0xff, 0xff, 0xff, 0xe0,
    0xa, 0x30, 0x6c, 0xff, 0xff, 0xff, 0xff, 0xb0,
    0x0, 0x0, 0x0, 0x0, 0x0, 0x0, 0x0, 0x0,

    /* U+90E8 "部" */
    0x0, 0x2, 0x8a, 0x0, 0x0, 0x0, 0x0, 0x0,
    0x1, 0x15, 0xff, 0x21, 0xc, 0xff, 0xff, 0xf4,
    0xd, 0xff, 0xff, 0xff, 0x9c, 0xff, 0xff, 0xf4,
    0xd, 0xff, 0xff, 0xff, 0x8c, 0xf9, 0x5f, 0xf2,
    0x0, 0xff, 0x34, 0xff, 0xc, 0xf6, 0x6f, 0xc0,
    0x1, 0xcf, 0x7a, 0xfa, 0xc, 0xf6, 0xbf, 0x60,
    0x3f, 0xff, 0xff, 0xff, 0xec, 0xf7, 0xff, 0x10,
    0x3f, 0xff, 0xff, 0xff, 0xdc, 0xf9, 0xff, 0x80,
    0x1, 0x22, 0x22, 0x22, 0xc, 0xf6, 0x6f, 0xf1,
    0xa, 0xff, 0xff, 0xff, 0x6c, 0xf6, 0xe, 0xf5,
    0xa, 0xff, 0xee, 0xff, 0x6c, 0xf6, 0xd, 0xf6,
    0xa, 0xf8, 0x0, 0xdf, 0x6c, 0xfb, 0xbf, 0xf4,
    0xa, 0xff, 0xff, 0xff, 0x6c, 0xfa, 0xff, 0xc0,
    0xa, 0xff, 0xff, 0xff, 0x6c, 0xf7, 0x53, 0x0,
    0xa, 0xf9, 0x11, 0x11, 0xc, 0xf6, 0x0, 0x0,

    /* U+914D "配" */
    0x1f, 0xff, 0xff, 0xff, 0xaf, 0xff, 0xff, 0xe0,
    0x1d, 0xef, 0xef, 0xfd, 0x8f, 0xff, 0xff, 0xe0,
    0x3, 0x8f, 0xaf, 0xe4, 0x24, 0x44, 0x7f, 0xe0,
    0xc, 0xff, 0xff, 0xff, 0x70, 0x0, 0x4f, 0xe0,
    0xc, 0xff, 0xef, 0xef, 0x71, 0x22, 0x5f, 0xe0,
    0xc, 0xcb, 0x8f, 0x5f, 0x7e, 0xff, 0xff, 0xe0,
    0xc, 0xce, 0x6f, 0x7f, 0x7e, 0xff, 0xff, 0xe0,
    0xc, 0xff, 0x3e, 0xff, 0x7e, 0xf7, 0x22, 0x20,
    0xc, 0xf6, 0x4, 0xcf, 0x7e, 0xf5, 0x0, 0x0,
    0xc, 0xff, 0xff, 0xff, 0x7e, 0xf5, 0xa, 0xc5,
    0xc, 0xfc, 0xcc, 0xef, 0x7e, 0xf5, 0xb, 0xf7,
    0xc, 0xf1, 0x11, 0x9f, 0x7d, 0xf9, 0x4d, 0xf6,
    0xc, 0xff, 0xff, 0xff, 0x7d, 0xff, 0xff, 0xf4,
    0xc, 0xfa, 0xaa, 0xaa, 0x56, 0xff, 0xff, 0xb0,

    /* U+91CD "重" */
    0x0, 0x0, 0x0, 0x0, 0x0, 0x1, 0x22, 0x0,
    0x0, 0xcd, 0xde, 0xef, 0xff, 0xff, 0xff, 0x0,
    0x0, 0xee, 0xed, 0xdf, 0xfc, 0xba, 0x98, 0x10,
    0x2c, 0xcc, 0xcc, 0xdf, 0xfd, 0xcc, 0xcc, 0xc2,
    0x2a, 0xaa, 0xaa, 0xbf, 0xfb, 0xaa, 0xaa, 0xa2,
    0x0, 0xdf, 0xff, 0xff, 0xff, 0xff, 0xfe, 0x0,
    0x0, 0xef, 0xa7, 0x9f, 0xf9, 0x7a, 0xff, 0x0,
    0x0, 0xef, 0xfe, 0xef, 0xfe, 0xef, 0xff, 0x0,
    0x0, 0xef, 0xa6, 0x8f, 0xf8, 0x69, 0xff, 0x0,
    0x0, 0xef, 0xff, 0xff, 0xff, 0xff, 0xff, 0x0,
    0x0, 0x67, 0x77, 0x9f, 0xf9, 0x77, 0x77, 0x0,
    0x5, 0xff, 0xff, 0xff, 0xff, 0xff, 0xff, 0x50,
    0x2, 0x77, 0x77, 0x9f, 0xf9, 0x77, 0x77, 0x20,
    0x3f, 0xff, 0xff, 0xff, 0xff, 0xff, 0xff, 0xf3,
    0x2a, 0xaa, 0xaa, 0xaa, 0xaa, 0xaa, 0xaa, 0xa2,

    /* U+91CF "量" */
    0x0, 0xff, 0xff, 0xff, 0xff, 0xff, 0xff, 0x0,
    0x0, 0xff, 0xff, 0xff, 0xff, 0xff, 0xff, 0x0,
    0x0, 0xff, 0xca, 0xaa, 0xaa, 0xac, 0xff, 0x0,
    0x0, 0x99, 0x99, 0x99, 0x99, 0x99, 0x99, 0x0,
    0x2e, 0xee, 0xee, 0xee, 0xee, 0xee, 0xee, 0xe2,
    0x16, 0x66, 0x66, 0x66, 0x66, 0x66, 0x66, 0x61,
    0x0, 0xef, 0xff, 0xff, 0xff, 0xff, 0xff, 0x0,
    0x0, 0xef, 0xa8, 0x9f, 0xf9, 0x8b, 0xff, 0x0,
    0x0, 0xef, 0xff, 0xff, 0xff, 0xff, 0xff, 0x0,
    0x0, 0xef, 0xca, 0xbf, 0xfb, 0xac, 0xff, 0x0,
    0x0, 0xab, 0xbb, 0xcf, 0xfc, 0xbb, 0xba, 0x0,
    0x5, 0xff, 0xff, 0xff, 0xff, 0xff, 0xff, 0x50,
    0x15, 0x66, 0x66, 0x8f, 0xf8, 0x66, 0x66, 0x51,
    0x3f, 0xff, 0xff, 0xff, 0xff, 0xff, 0xff, 0xf3,

    /* U+9501 "锁" */
    0x0, 0x0, 0x0, 0x0, 0x0, 0x0, 0x0, 0x0,
    0x0, 0xbe, 0x60, 0x1a, 0x15, 0xfd, 0x7, 0x40,
    0x1, 0xff, 0x95, 0xcf, 0xc6, 0xfd, 0x3f, 0xf2,
    0x8, 0xff, 0xfd, 0x3f, 0xfa, 0xfd, 0xbf, 0xa0,
    0x1e, 0xfe, 0xda, 0x5, 0x55, 0xfd, 0x19, 0x0,
    0x3f, 0xf7, 0x53, 0xaf, 0xff, 0xff, 0xff, 0xe0,
    0xa, 0xff, 0xf9, 0xaf, 0xff, 0xff, 0xff, 0xf0,
    0x7, 0xff, 0xe8, 0xaf, 0xb3, 0x66, 0x5f, 0xf0,
    0x0, 0xcf, 0x60, 0xaf, 0xa4, 0xfe, 0x3f, 0xf0,
    0xf, 0xff, 0xfd, 0xaf, 0xa5, 0xfd, 0x3f, 0xf0,
    0xf, 0xff, 0xfd, 0xaf, 0xa7, 0xfc, 0x3f, 0xf0,
    0x0, 0xcf, 0x60, 0xaf, 0xac, 0xfd, 0x4d, 0xc0,
    0x0, 0xcf, 0xb7, 0x1, 0x9f, 0xff, 0xf6, 0x0,
    0x0, 0xdf, 0xfd, 0x7d, 0xff, 0xbd, 0xff, 0xb1,
    0x1, 0xff, 0xd8, 0xff, 0xf9, 0x0, 0xaf, 0xf5,
    0x0, 0x78, 0x0, 0xda, 0x30, 0x0, 0x6, 0xa0,
    0x0, 0x0, 0x0, 0x0, 0x0, 0x0, 0x0, 0x0,

    /* U+957F "长" */
    0x0, 0x0, 0x0, 0x0, 0x0, 0x0, 0x10, 0x0,
    0x0, 0xf, 0xf4, 0x0, 0x0, 0x2a, 0xe1, 0x0,
    0x0, 0xf, 0xf4, 0x0, 0x29, 0xff, 0xf8, 0x0,
    0x0, 0xf, 0xf4, 0x6c, 0xff, 0xff, 0x81, 0x0,
    0x0, 0xf, 0xf4, 0xbf, 0xfd, 0x70, 0x0, 0x0,
    0x0, 0xf, 0xf4, 0x4a, 0x40, 0x0, 0x0, 0x0,
    0xf, 0xff, 0xff, 0xff, 0xff, 0xff, 0xff, 0xe0,
    0xf, 0xff, 0xff, 0xff, 0xff, 0xff, 0xff, 0xe0,
    0x6, 0x6f, 0xf9, 0x6c, 0xfe, 0x66, 0x66, 0x50,
    0x0, 0xf, 0xf4, 0x2, 0xff, 0x60, 0x0, 0x0,
    0x0, 0xf, 0xf4, 0x0, 0x8f, 0xf5, 0x0, 0x0,
    0x0, 0xf, 0xf4, 0x5a, 0x7b, 0xff, 0xb3, 0x0,
    0x0, 0x1f, 0xff, 0xff, 0x81, 0xbf, 0xff, 0xc0,
    0x0, 0x6f, 0xff, 0xfc, 0x40, 0x7, 0xff, 0x60,
    0x0, 0x1f, 0xd7, 0x10, 0x0, 0x0, 0x6, 0x0,
    0x0, 0x1, 0x0, 0x0, 0x0, 0x0, 0x0, 0x0,

    /* U+95ED "闭" */
    0x4, 0x10, 0x0, 0x0, 0x0, 0x0, 0x0, 0x4f,
    0xd1, 0x5f, 0xff, 0xff, 0xff, 0xf6, 0x4f, 0xfd,
    0x5f, 0xff, 0xff, 0xff, 0xf6, 0x4, 0xf9, 0x14,
    0x49, 0xb7, 0x4f, 0xf6, 0xde, 0x81, 0x11, 0x1c,
    0xf8, 0xe, 0xf6, 0xef, 0x6f, 0xff, 0xff, 0xff,
    0x9e, 0xf6, 0xef, 0x6e, 0xff, 0xff, 0xff, 0x9e,
    0xf6, 0xef, 0x60, 0x3, 0xff, 0xf8, 0xe, 0xf6,
    0xef, 0x60, 0x2e, 0xff, 0xf8, 0xe, 0xf6, 0xef,
    0x63, 0xef, 0xbc, 0xf8, 0xe, 0xf6, 0xef, 0xbf,
    0xfc, 0xc, 0xf8, 0xe, 0xf6, 0xef, 0x8f, 0xb2,
    0x1d, 0xf7, 0xe, 0xf6, 0xef, 0x62, 0xc, 0xff,
    0xf9, 0x5f, 0xf6, 0xef, 0x60, 0x8, 0xfe, 0xbf,
    0xff, 0xf4, 0xef, 0x60, 0x0, 0x0, 0xb, 0xff,
    0xb0,

    /* U+95F2 "闲" */
    0x4, 0x20, 0x0, 0x0, 0x0, 0x0, 0x0, 0x3f,
    0xe2, 0x8f, 0xff, 0xff, 0xff, 0xf5, 0x2e, 0xfe,
    0x9f, 0xff, 0xff, 0xff, 0xf5, 0x3, 0xf8, 0x14,
    0x87, 0x22, 0x2d, 0xf5, 0xef, 0x82, 0x27, 0xff,
    0x22, 0x1d, 0xf5, 0xef, 0x6f, 0xff, 0xff, 0xff,
    0x7d, 0xf5, 0xef, 0x6f, 0xff, 0xff, 0xff, 0x7d,
    0xf5, 0xef, 0x60, 0x2f, 0xff, 0x10, 0xd, 0xf5,
    0xef, 0x60, 0xdf, 0xff, 0xe3, 0xd, 0xf5, 0xef,
    0x6c, 0xff, 0xff, 0xff, 0x6d, 0xf5, 0xef, 0xef,
    0xfc, 0xff, 0x6f, 0x9d, 0xf5, 0xef, 0x8f, 0x86,
    0xff, 0x5, 0x1d, 0xf5, 0xef, 0x64, 0x6, 0xff,
    0x1, 0x2e, 0xf5, 0xef, 0x60, 0x6, 0xff, 0x1f,
    0xff, 0xf4, 0xef, 0x60, 0x0, 0x0, 0xe, 0xff,
    0xb0,

    /* U+95F4 "间" */
    0x4, 0x20, 0x0, 0x0, 0x0, 0x0, 0x0, 0x4f,
    0xe2, 0x8f, 0xff, 0xff, 0xff, 0xf7, 0x3e, 0xfe,
    0x8f, 0xff, 0xff, 0xff, 0xf7, 0x2, 0xd5, 0x24,
    0x44, 0x44, 0x4f, 0xf7, 0xde, 0x5d, 0xff, 0xff,
    0xff, 0x4e, 0xf7, 0xef, 0x6e, 0xff, 0xff, 0xff,
    0x4e, 0xf7, 0xef, 0x6e, 0xf5, 0x0, 0xef, 0x4e,
    0xf7, 0xef, 0x6e, 0xfe, 0xee, 0xff, 0x4e, 0xf7,
    0xef, 0x6e, 0xff, 0xff, 0xff, 0x4e, 0xf7, 0xef,
    0x6e, 0xf5, 0x0, 0xef, 0x4e, 0xf7, 0xef, 0x6e,
    0xf7, 0x33, 0xff, 0x4e, 0xf7, 0xef, 0x6e, 0xff,
    0xff, 0xff, 0x4e, 0xf7, 0xef, 0x6c, 0xdd, 0xdd,
    0xff, 0x8f, 0xf6, 0xef, 0x60, 0x0, 0x0, 0x8f,
    0xff, 0xf5, 0xef, 0x60, 0x0, 0x0, 0x5f, 0xff,
    0xa0,

    /* U+9608 "阈" */
    0x0, 0x70, 0x0, 0x0, 0x0, 0x0, 0x0, 0x0,
    0xcf, 0x85, 0xff, 0xff, 0xff, 0xff, 0xf4, 0x7,
    0xff, 0x7f, 0xff, 0xff, 0xff, 0xff, 0x40, 0x1d,
    0x60, 0x0, 0x2e, 0x9b, 0x7c, 0xf4, 0xe, 0xf9,
    0xff, 0xff, 0xff, 0xff, 0xcf, 0x40, 0xef, 0x8e,
    0xee, 0xef, 0xfe, 0xec, 0xf4, 0xe, 0xf5, 0x88,
    0x86, 0xfa, 0x73, 0xcf, 0x40, 0xef, 0x8f, 0xff,
    0xaf, 0xcf, 0xbc, 0xf4, 0xe, 0xf8, 0xf2, 0xea,
    0xef, 0xf5, 0xcf, 0x40, 0xef, 0x8f, 0xaf, 0xac,
    0xfe, 0x1c, 0xf4, 0xe, 0xf7, 0xff, 0xf9, 0xaf,
    0x6d, 0xef, 0x40, 0xef, 0x67, 0x9a, 0xaf, 0xfb,
    0xfd, 0xf4, 0xe, 0xfa, 0xff, 0xff, 0xfe, 0xfa,
    0xcf, 0x40, 0xef, 0x42, 0x10, 0x35, 0x1c, 0xaf,
    0xf3, 0xe, 0xf3, 0x0, 0x0, 0x0, 0xaf, 0xfa,
    0x0,

    /* U+9650 "限" */
    0xef, 0xff, 0xf6, 0xee, 0xee, 0xee, 0xe2, 0xe,
    0xff, 0xff, 0x7f, 0xff, 0xff, 0xff, 0x30, 0xef,
    0x3f, 0xe7, 0xf9, 0x11, 0x1e, 0xf3, 0xe, 0xf6,
    0xfb, 0x7f, 0xff, 0xff, 0xff, 0x30, 0xef, 0x9f,
    0x77, 0xff, 0xdd, 0xdf, 0xf3, 0xe, 0xfc, 0xf3,
    0x7f, 0x91, 0x11, 0xef, 0x30, 0xef, 0xcf, 0x67,
    0xff, 0xff, 0xff, 0xf3, 0xe, 0xf5, 0xfd, 0x7f,
    0xff, 0xfe, 0xef, 0x20, 0xef, 0x1f, 0xf7, 0xf9,
    0xdf, 0x35, 0xe2, 0xe, 0xf1, 0xff, 0x8f, 0x97,
    0xfe, 0xff, 0x80, 0xef, 0xdf, 0xf7, 0xf9, 0xe,
    0xff, 0x60, 0xe, 0xfb, 0xfa, 0x7f, 0xcc, 0xdf,
    0xfb, 0x20, 0xef, 0x32, 0xa, 0xff, 0xfb, 0x3e,
    0xff, 0x1e, 0xf1, 0x0, 0x5f, 0xb5, 0x0, 0x8,
    0x50, 0x0, 0x0, 0x0, 0x10, 0x0, 0x0, 0x0,
    0x0,

    /* U+9694 "隔" */
    0xef, 0xff, 0xbf, 0xff, 0xff, 0xff, 0xfa, 0xef,
    0xff, 0xbc, 0xdd, 0xdd, 0xdd, 0xd8, 0xef, 0x6f,
    0x95, 0xff, 0xff, 0xff, 0xf1, 0xef, 0x9f, 0x55,
    0xfd, 0x99, 0x9f, 0xf2, 0xef, 0xcf, 0x25, 0xfe,
    0xcc, 0xcf, 0xf2, 0xef, 0xef, 0x24, 0xee, 0xee,
    0xee, 0xe1, 0xef, 0xaf, 0x8a, 0xaa, 0xaa, 0xaa,
    0xa8, 0xef, 0x5f, 0xbf, 0xff, 0xff, 0xff, 0xfd,
    0xef, 0x2f, 0xdf, 0xe7, 0xc1, 0xc5, 0xfd, 0xef,
    0x4f, 0xdf, 0xe8, 0xe9, 0xf6, 0xfd, 0xef, 0xff,
    0xbf, 0xec, 0xff, 0xf9, 0xfd, 0xef, 0xcd, 0x4f,
    0xeb, 0xff, 0xe9, 0xfd, 0xef, 0x10, 0xf, 0xe0,
    0x8f, 0x9b, 0xfc, 0xef, 0x10, 0xf, 0xe0, 0x7f,
    0x9f, 0xf7, 0x0, 0x0, 0x2, 0x20, 0x0, 0x2,
    0x10,

    /* U+969C "障" */
    0x0, 0x0, 0x0, 0x1, 0x9a, 0x20, 0x0, 0x9a,
    0xaa, 0x97, 0xaa, 0xff, 0xca, 0xa4, 0xef, 0xff,
    0xdc, 0xff, 0xff, 0xff, 0xf6, 0xef, 0x9f, 0xd2,
    0xbf, 0x83, 0xcf, 0x51, 0xef, 0x5f, 0xbf, 0xff,
    0xff, 0xff, 0xfc, 0xef, 0x9f, 0x5b, 0xbb, 0xbb,
    0xbb, 0xb9, 0xef, 0xcf, 0xa, 0xee, 0xee, 0xee,
    0xe3, 0xef, 0x8f, 0x7c, 0xfa, 0x99, 0x9e, 0xf4,
    0xef, 0x3f, 0xcc, 0xff, 0xff, 0xff, 0xf4, 0xef,
    0x1f, 0xec, 0xf9, 0x88, 0x8e, 0xf4, 0xef, 0xbf,
    0xec, 0xff, 0xff, 0xff, 0xf4, 0xef, 0xef, 0xb6,
    0x88, 0xff, 0xa8, 0x82, 0xef, 0x89, 0x8f, 0xff,
    0xff, 0xff, 0xfe, 0xef, 0x10, 0x5c, 0xcc, 0xff,
    0xdc, 0xcb, 0xef, 0x10, 0x0, 0x0, 0xef, 0x40,
    0x0, 0x0, 0x0, 0x0, 0x0, 0x23, 0x0, 0x0,

    /* U+9762 "面" */
    0x2f, 0xff, 0xff, 0xff, 0xff, 0xff, 0xff, 0xf2,
    0xff, 0xff, 0xff, 0xff, 0xff, 0xff, 0xff, 0x2,
    0x33, 0x33, 0xdf, 0xc3, 0x33, 0x33, 0x20, 0x8f,
    0xff, 0xff, 0xff, 0xff, 0xff, 0xf7, 0x8, 0xff,
    0xff, 0xff, 0xff, 0xff, 0xff, 0x70, 0x8f, 0xa4,
    0xfe, 0x1, 0xff, 0x2c, 0xf7, 0x8, 0xfa, 0x4f,
    0xff, 0xff, 0xf2, 0xcf, 0x70, 0x8f, 0xa4, 0xff,
    0xaa, 0xff, 0x2c, 0xf7, 0x8, 0xfa, 0x4f, 0xe7,
    0x7f, 0xf2, 0xcf, 0x70, 0x8f, 0xa4, 0xff, 0xff,
    0xff, 0x2c, 0xf7, 0x8, 0xfa, 0x4f, 0xe1, 0x1f,
    0xf2, 0xcf, 0x70, 0x8f, 0xfd, 0xff, 0xdd, 0xff,
    0xdf, 0xf7, 0x8, 0xff, 0xff, 0xff, 0xff, 0xff,
    0xff, 0x70, 0x8f, 0xb3, 0x33, 0x33, 0x33, 0x3d,
    0xf7,

    /* U+97F5 "韵" */
    0x0, 0x8, 0xc4, 0x0, 0x9, 0xb5, 0x0, 0x0,
    0xa, 0xbe, 0xfd, 0xb8, 0xf, 0xf5, 0x0, 0x0,
    0xf, 0xff, 0xff, 0xfc, 0x6f, 0xff, 0xff, 0xf0,
    0x4, 0xff, 0x4e, 0xf4, 0xdf, 0xff, 0xff, 0xf0,
    0x0, 0xef, 0x2f, 0xe6, 0xff, 0x44, 0x6f, 0xf0,
    0x4f, 0xff, 0xff, 0xff, 0x68, 0x40, 0x3f, 0xf0,
    0x4f, 0xff, 0xff, 0xff, 0x1e, 0xf4, 0x3f, 0xf0,
    0x4, 0x55, 0x55, 0x53, 0xb, 0xfd, 0x4f, 0xe0,
    0xc, 0xff, 0xff, 0xf8, 0x0, 0x95, 0xcf, 0xe0,
    0xc, 0xfc, 0xbe, 0xf8, 0x4, 0xcf, 0xff, 0xe0,
    0xc, 0xfc, 0xad, 0xfb, 0xcf, 0xff, 0xdf, 0xd0,
    0xc, 0xff, 0xff, 0xfa, 0xff, 0xb3, 0x5f, 0xd0,
    0xc, 0xf8, 0x4b, 0xf8, 0x75, 0x33, 0xaf, 0xc0,
    0xc, 0xff, 0xff, 0xf8, 0x3, 0xff, 0xff, 0xa0,
    0xc, 0xfe, 0xee, 0xe7, 0x0, 0xff, 0xfc, 0x20,

    /* U+987F "顿" */
    0x0, 0xbf, 0x30, 0x5f, 0xff, 0xff, 0xff, 0x1f,
    0xff, 0xff, 0xfa, 0xff, 0xff, 0xff, 0xf1, 0xee,
    0xff, 0xee, 0x65, 0x5c, 0xfb, 0x55, 0x7, 0x6b,
    0xf6, 0x84, 0xff, 0xff, 0xff, 0xe0, 0xec, 0xbf,
    0x8f, 0x6f, 0xff, 0xff, 0xfe, 0xe, 0xcb, 0xf8,
    0xf6, 0xfe, 0x6a, 0x4f, 0xe0, 0xec, 0xbf, 0x8f,
    0x6f, 0xea, 0xf7, 0xfe, 0xe, 0xff, 0xff, 0xf6,
    0xfe, 0xaf, 0x6f, 0xe0, 0xef, 0xff, 0xff, 0x6f,
    0xea, 0xf6, 0xfe, 0x3, 0x3c, 0xf6, 0x32, 0xfe,
    0xdf, 0x4f, 0xe0, 0x0, 0xbf, 0x57, 0x8, 0xbf,
    0xfd, 0x97, 0x0, 0xc, 0xff, 0xf0, 0x6f, 0xff,
    0xfe, 0x40, 0x0, 0xef, 0xfb, 0xcf, 0xfb, 0x3e,
    0xff, 0x40, 0x7, 0xc3, 0x6, 0xfa, 0x0, 0x1d,
    0xc0, 0x0, 0x0, 0x0, 0x3, 0x0, 0x0, 0x11,
    0x0,

    /* U+9884 "预" */
    0xf, 0xff, 0xff, 0xea, 0xff, 0xff, 0xff, 0xf2,
    0xf, 0xff, 0xff, 0xea, 0xff, 0xff, 0xff, 0xf2,
    0x1, 0x94, 0xcf, 0xb0, 0x2, 0xff, 0x0, 0x0,
    0x4, 0xff, 0xfd, 0x8, 0xff, 0xff, 0xff, 0xb0,
    0x1, 0x9f, 0xf4, 0x18, 0xfe, 0xdd, 0xef, 0xb0,
    0x1f, 0xff, 0xff, 0xf9, 0xf5, 0x99, 0x5f, 0xb0,
    0x1f, 0xff, 0xff, 0xf9, 0xf6, 0xff, 0x6f, 0xb0,
    0x0, 0x6f, 0x9d, 0xf8, 0xf6, 0xff, 0x6f, 0xb0,
    0x0, 0x6f, 0xaf, 0xc8, 0xf6, 0xff, 0x5f, 0xb0,
    0x0, 0x6f, 0xa5, 0x58, 0xf9, 0xff, 0x5f, 0xb0,
    0x0, 0x6f, 0x90, 0x2, 0x5e, 0xff, 0xf7, 0x30,
    0x3, 0x9f, 0x90, 0x4, 0xdf, 0xfd, 0xff, 0x70,
    0xf, 0xff, 0x80, 0xbf, 0xff, 0x41, 0xbf, 0xf4,
    0xc, 0xfd, 0x30, 0x3f, 0xb2, 0x0, 0x9, 0xa0,
    0x0, 0x0, 0x0, 0x2, 0x0, 0x0, 0x0, 0x0,

    /* U+9891 "频" */
    0x0, 0x0, 0xdf, 0x20, 0x0, 0x0, 0x0, 0x0,
    0x1, 0x21, 0xdf, 0x20, 0xff, 0xff, 0xff, 0xf5,
    0x7, 0xf7, 0xdf, 0xd7, 0xff, 0xff, 0xff, 0xf5,
    0x7, 0xf7, 0xdf, 0xa4, 0x89, 0xef, 0xd9, 0x91,
    0xa, 0xfa, 0xef, 0x74, 0xdf, 0xff, 0xff, 0xf1,
    0x1f, 0xff, 0xff, 0xfc, 0xdf, 0xcc, 0xcf, 0xf1,
    0xc, 0xcd, 0xff, 0xc9, 0xdf, 0x5b, 0x7d, 0xf1,
    0x0, 0x21, 0xfd, 0x0, 0xdf, 0x7f, 0xad, 0xf1,
    0x3, 0xfb, 0xfd, 0xaa, 0xdf, 0x7f, 0xad, 0xf1,
    0x9, 0xf8, 0xff, 0xfe, 0xdf, 0x8f, 0x9d, 0xf1,
    0x1f, 0xf2, 0xdf, 0xf6, 0xdf, 0xcf, 0x8d, 0xf1,
    0x4, 0x73, 0xdf, 0xb0, 0x7, 0xff, 0xf7, 0x0,
    0x4, 0xbf, 0xfc, 0x13, 0xbf, 0xfd, 0xff, 0x90,
    0x1f, 0xff, 0x90, 0xd, 0xff, 0xa0, 0x7f, 0xf5,
    0x8, 0xb3, 0x0, 0x3, 0xd5, 0x0, 0x6, 0x80,
    0x0, 0x0, 0x0, 0x0, 0x0, 0x0, 0x0, 0x0,

    /* U+9AD8 "高" */
    0x0, 0x0, 0x0, 0x0, 0x0, 0x0, 0x0, 0x0,
    0x0, 0x0, 0x0, 0x6f, 0xf4, 0x0, 0x0, 0x0,
    0x3f, 0xff, 0xff, 0xff, 0xff, 0xff, 0xff, 0xf3,
    0x3f, 0xff, 0xff, 0xff, 0xff, 0xff, 0xff, 0xf4,
    0x0, 0x15, 0x55, 0x55, 0x55, 0x55, 0x51, 0x0,
    0x0, 0x3f, 0xff, 0xff, 0xff, 0xff, 0xf4, 0x0,
    0x0, 0x3f, 0xf6, 0x66, 0x66, 0x6f, 0xf4, 0x0,
    0x0, 0x3f, 0xff, 0xff, 0xff, 0xff, 0xf4, 0x0,
    0x0, 0x16, 0x66, 0x66, 0x66, 0x66, 0x62, 0x0,
    0x9, 0xff, 0xff, 0xff, 0xff, 0xff, 0xff, 0xa0,
    0x9, 0xfe, 0x99, 0x99, 0x99, 0x99, 0xdf, 0xa0,
    0x9, 0xfb, 0x7d, 0xdd, 0xdd, 0xd7, 0xaf, 0xa0,
    0x9, 0xfb, 0x8f, 0xd7, 0x7c, 0xf9, 0xaf, 0xa0,
    0x9, 0xfb, 0x8f, 0xff, 0xff, 0xf9, 0xbf, 0xa0,
    0x9, 0xfb, 0x48, 0x88, 0x88, 0xdf, 0xff, 0xa0,
    0x9, 0xfb, 0x0, 0x0, 0x0, 0x7f, 0xfe, 0x30,
    0x0, 0x0, 0x0, 0x0, 0x0, 0x0, 0x0, 0x0,

    /* U+FF0C "，" */
    0xaf, 0xf7, 0xbf, 0xf8, 0xbf, 0xf8, 0x23, 0xf7,
    0x2, 0xf5, 0x2d, 0xe0, 0xbd, 0x20, 0x10, 0x0
};


/*---------------------
 *  GLYPH DESCRIPTION
 *--------------------*/

static const lv_font_fmt_txt_glyph_dsc_t glyph_dsc[] = {
    {.bitmap_index = 0, .adv_w = 0, .box_w = 0, .box_h = 0, .ofs_x = 0, .ofs_y = 0} /* id = 0 reserved */,
    {.bitmap_index = 0, .adv_w = 77, .box_w = 0, .box_h = 0, .ofs_x = 0, .ofs_y = 0},
    {.bitmap_index = 0, .adv_w = 77, .box_w = 0, .box_h = 0, .ofs_x = 0, .ofs_y = 0},
    {.bitmap_index = 0, .adv_w = 88, .box_w = 4, .box_h = 13, .ofs_x = 1, .ofs_y = 0},
    {.bitmap_index = 26, .adv_w = 121, .box_w = 7, .box_h = 6, .ofs_x = 0, .ofs_y = 9},
    {.bitmap_index = 47, .adv_w = 197, .box_w = 12, .box_h = 13, .ofs_x = 0, .ofs_y = 0},
    {.bitmap_index = 125, .adv_w = 164, .box_w = 10, .box_h = 17, .ofs_x = 0, .ofs_y = -2},
    {.bitmap_index = 210, .adv_w = 238, .box_w = 15, .box_h = 13, .ofs_x = 0, .ofs_y = 0},
    {.bitmap_index = 308, .adv_w = 205, .box_w = 13, .box_h = 13, .ofs_x = 0, .ofs_y = 0},
    {.bitmap_index = 393, .adv_w = 62, .box_w = 4, .box_h = 6, .ofs_x = 0, .ofs_y = 9},
    {.bitmap_index = 405, .adv_w = 101, .box_w = 5, .box_h = 16, .ofs_x = 1, .ofs_y = -1},
    {.bitmap_index = 445, .adv_w = 101, .box_w = 6, .box_h = 16, .ofs_x = 0, .ofs_y = -1},
    {.bitmap_index = 493, .adv_w = 116, .box_w = 7, .box_h = 7, .ofs_x = 0, .ofs_y = 6},
    {.bitmap_index = 518, .adv_w = 169, .box_w = 9, .box_h = 9, .ofs_x = 1, .ofs_y = 2},
    {.bitmap_index = 559, .adv_w = 82, .box_w = 5, .box_h = 9, .ofs_x = 0, .ofs_y = -5},
    {.bitmap_index = 582, .adv_w = 127, .box_w = 8, .box_h = 3, .ofs_x = 0, .ofs_y = 5},
    {.bitmap_index = 594, .adv_w = 79, .box_w = 5, .box_h = 4, .ofs_x = 0, .ofs_y = 0},
    {.bitmap_index = 604, .adv_w = 122, .box_w = 8, .box_h = 13, .ofs_x = 0, .ofs_y = 0},
    {.bitmap_index = 656, .adv_w = 176, .box_w = 11, .box_h = 13, .ofs_x = 0, .ofs_y = 0},
    {.bitmap_index = 728, .adv_w = 135, .box_w = 7, .box_h = 13, .ofs_x = 0, .ofs_y = 0},
    {.bitmap_index = 774, .adv_w = 164, .box_w = 10, .box_h = 13, .ofs_x = 0, .ofs_y = 0},
    {.bitmap_index = 839, .adv_w = 165, .box_w = 10, .box_h = 13, .ofs_x = 0, .ofs_y = 0},
    {.bitmap_index = 904, .adv_w = 170, .box_w = 11, .box_h = 13, .ofs_x = 0, .ofs_y = 0},
    {.bitmap_index = 976, .adv_w = 166, .box_w = 10, .box_h = 13, .ofs_x = 0, .ofs_y = 0},
    {.bitmap_index = 1041, .adv_w = 173, .box_w = 11, .box_h = 13, .ofs_x = 0, .ofs_y = 0},
    {.bitmap_index = 1113, .adv_w = 153, .box_w = 10, .box_h = 13, .ofs_x = 0, .ofs_y = 0},
    {.bitmap_index = 1178, .adv_w = 177, .box_w = 11, .box_h = 13, .ofs_x = 0, .ofs_y = 0},
    {.bitmap_index = 1250, .adv_w = 173, .box_w = 11, .box_h = 13, .ofs_x = 0, .ofs_y = 0},
    {.bitmap_index = 1322, .adv_w = 79, .box_w = 5, .box_h = 10, .ofs_x = 0, .ofs_y = 0},
    {.bitmap_index = 1347, .adv_w = 82, .box_w = 5, .box_h = 15, .ofs_x = 0, .ofs_y = -5},
    {.bitmap_index = 1385, .adv_w = 169, .box_w = 9, .box_h = 13, .ofs_x = 1, .ofs_y = 0},
    {.bitmap_index = 1444, .adv_w = 169, .box_w = 9, .box_h = 7, .ofs_x = 1, .ofs_y = 3},
    {.bitmap_index = 1476, .adv_w = 169, .box_w = 9, .box_h = 13, .ofs_x = 1, .ofs_y = 0},
    {.bitmap_index = 1535, .adv_w = 147, .box_w = 9, .box_h = 13, .ofs_x = 0, .ofs_y = 0},
    {.bitmap_index = 1594, .adv_w = 229, .box_w = 14, .box_h = 13, .ofs_x = 0, .ofs_y = 0},
    {.bitmap_index = 1685, .adv_w = 201, .box_w = 13, .box_h = 13, .ofs_x = 0, .ofs_y = 0},
    {.bitmap_index = 1770, .adv_w = 188, .box_w = 11, .box_h = 13, .ofs_x = 1, .ofs_y = 0},
    {.bitmap_index = 1842, .adv_w = 193, .box_w = 12, .box_h = 13, .ofs_x = 0, .ofs_y = 0},
    {.bitmap_index = 1920, .adv_w = 206, .box_w = 12, .box_h = 13, .ofs_x = 1, .ofs_y = 0},
    {.bitmap_index = 1998, .adv_w = 166, .box_w = 9, .box_h = 13, .ofs_x = 1, .ofs_y = 0},
    {.bitmap_index = 2057, .adv_w = 161, .box_w = 9, .box_h = 13, .ofs_x = 1, .ofs_y = 0},
    {.bitmap_index = 2116, .adv_w = 201, .box_w = 12, .box_h = 13, .ofs_x = 0, .ofs_y = 0},
    {.bitmap_index = 2194, .adv_w = 209, .box_w = 12, .box_h = 13, .ofs_x = 1, .ofs_y = 0},
    {.bitmap_index = 2272, .adv_w = 80, .box_w = 3, .box_h = 13, .ofs_x = 1, .ofs_y = 0},
    {.bitmap_index = 2292, .adv_w = 148, .box_w = 9, .box_h = 13, .ofs_x = 0, .ofs_y = 0},
    {.bitmap_index = 2351, .adv_w = 198, .box_w = 12, .box_h = 13, .ofs_x = 1, .ofs_y = 0},
    {.bitmap_index = 2429, .adv_w = 161, .box_w = 9, .box_h = 13, .ofs_x = 1, .ofs_y = 0},
    {.bitmap_index = 2488, .adv_w = 249, .box_w = 14, .box_h = 13, .ofs_x = 1, .ofs_y = 0},
    {.bitmap_index = 2579, .adv_w = 203, .box_w = 11, .box_h = 13, .ofs_x = 1, .ofs_y = 0},
    {.bitmap_index = 2651, .adv_w = 210, .box_w = 13, .box_h = 13, .ofs_x = 0, .ofs_y = 0},
    {.bitmap_index = 2736, .adv_w = 179, .box_w = 10, .box_h = 13, .ofs_x = 1, .ofs_y = 0},
    {.bitmap_index = 2801, .adv_w = 211, .box_w = 13, .box_h = 15, .ofs_x = 0, .ofs_y = -2},
    {.bitmap_index = 2899, .adv_w = 184, .box_w = 11, .box_h = 13, .ofs_x = 1, .ofs_y = 0},
    {.bitmap_index = 2971, .adv_w = 172, .box_w = 11, .box_h = 13, .ofs_x = 0, .ofs_y = 0},
    {.bitmap_index = 3043, .adv_w = 172, .box_w = 11, .box_h = 13, .ofs_x = 0, .ofs_y = 0},
    {.bitmap_index = 3115, .adv_w = 200, .box_w = 11, .box_h = 13, .ofs_x = 1, .ofs_y = 0},
    {.bitmap_index = 3187, .adv_w = 203, .box_w = 13, .box_h = 13, .ofs_x = 0, .ofs_y = 0},
    {.bitmap_index = 3272, .adv_w = 300, .box_w = 19, .box_h = 13, .ofs_x = 0, .ofs_y = 0},
    {.bitmap_index = 3396, .adv_w = 209, .box_w = 13, .box_h = 13, .ofs_x = 0, .ofs_y = 0},
    {.bitmap_index = 3481, .adv_w = 198, .box_w = 13, .box_h = 13, .ofs_x = 0, .ofs_y = 0},
    {.bitmap_index = 3566, .adv_w = 179, .box_w = 11, .box_h = 13, .ofs_x = 0, .ofs_y = 0},
    {.bitmap_index = 3638, .adv_w = 98, .box_w = 6, .box_h = 15, .ofs_x = 1, .ofs_y = -1},
    {.bitmap_index = 3683, .adv_w = 107, .box_w = 7, .box_h = 13, .ofs_x = 0, .ofs_y = 0},
    {.bitmap_index = 3729, .adv_w = 98, .box_w = 5, .box_h = 15, .ofs_x = 0, .ofs_y = -1},
    {.bitmap_index = 3767, .adv_w = 129, .box_w = 8, .box_h = 5, .ofs_x = 0, .ofs_y = 10},
    {.bitmap_index = 3787, .adv_w = 123, .box_w = 8, .box_h = 3, .ofs_x = 0, .ofs_y = -4},
    {.bitmap_index = 3799, .adv_w = 91, .box_w = 5, .box_h = 6, .ofs_x = 0, .ofs_y = 10},
    {.bitmap_index = 3814, .adv_w = 156, .box_w = 9, .box_h = 10, .ofs_x = 0, .ofs_y = 0},
    {.bitmap_index = 3859, .adv_w = 171, .box_w = 11, .box_h = 13, .ofs_x = 0, .ofs_y = 0},
    {.bitmap_index = 3931, .adv_w = 154, .box_w = 10, .box_h = 10, .ofs_x = 0, .ofs_y = 0},
    {.bitmap_index = 3981, .adv_w = 171, .box_w = 10, .box_h = 13, .ofs_x = 0, .ofs_y = 0},
    {.bitmap_index = 4046, .adv_w = 161, .box_w = 10, .box_h = 10, .ofs_x = 0, .ofs_y = 0},
    {.bitmap_index = 4096, .adv_w = 110, .box_w = 7, .box_h = 13, .ofs_x = 0, .ofs_y = 0},
    {.bitmap_index = 4142, .adv_w = 170, .box_w = 10, .box_h = 14, .ofs_x = 0, .ofs_y = -4},
    {.bitmap_index = 4212, .adv_w = 166, .box_w = 10, .box_h = 13, .ofs_x = 0, .ofs_y = 0},
    {.bitmap_index = 4277, .adv_w = 79, .box_w = 5, .box_h = 14, .ofs_x = 0, .ofs_y = 0},
    {.bitmap_index = 4312, .adv_w = 80, .box_w = 7, .box_h = 18, .ofs_x = -2, .ofs_y = -4},
    {.bitmap_index = 4375, .adv_w = 166, .box_w = 11, .box_h = 13, .ofs_x = 0, .ofs_y = 0},
    {.bitmap_index = 4447, .adv_w = 81, .box_w = 5, .box_h = 13, .ofs_x = 0, .ofs_y = 0},
    {.bitmap_index = 4480, .adv_w = 247, .box_w = 15, .box_h = 10, .ofs_x = 0, .ofs_y = 0},
    {.bitmap_index = 4555, .adv_w = 166, .box_w = 10, .box_h = 10, .ofs_x = 0, .ofs_y = 0},
    {.bitmap_index = 4605, .adv_w = 167, .box_w = 10, .box_h = 10, .ofs_x = 0, .ofs_y = 0},
    {.bitmap_index = 4655, .adv_w = 170, .box_w = 11, .box_h = 14, .ofs_x = 0, .ofs_y = -4},
    {.bitmap_index = 4732, .adv_w = 170, .box_w = 10, .box_h = 14, .ofs_x = 0, .ofs_y = -4},
    {.bitmap_index = 4802, .adv_w = 124, .box_w = 8, .box_h = 10, .ofs_x = 0, .ofs_y = 0},
    {.bitmap_index = 4842, .adv_w = 142, .box_w = 9, .box_h = 10, .ofs_x = 0, .ofs_y = 0},
    {.bitmap_index = 4887, .adv_w = 117, .box_w = 7, .box_h = 13, .ofs_x = 0, .ofs_y = 0},
    {.bitmap_index = 4933, .adv_w = 166, .box_w = 10, .box_h = 10, .ofs_x = 0, .ofs_y = 0},
    {.bitmap_index = 4983, .adv_w = 156, .box_w = 12, .box_h = 10, .ofs_x = -1, .ofs_y = 0},
    {.bitmap_index = 5043, .adv_w = 234, .box_w = 16, .box_h = 10, .ofs_x = -1, .ofs_y = 0},
    {.bitmap_index = 5123, .adv_w = 156, .box_w = 12, .box_h = 10, .ofs_x = -1, .ofs_y = 0},
    {.bitmap_index = 5183, .adv_w = 159, .box_w = 12, .box_h = 14, .ofs_x = -1, .ofs_y = -4},
    {.bitmap_index = 5267, .adv_w = 139, .box_w = 9, .box_h = 10, .ofs_x = 0, .ofs_y = 0},
    {.bitmap_index = 5312, .adv_w = 107, .box_w = 7, .box_h = 15, .ofs_x = 0, .ofs_y = -1},
    {.bitmap_index = 5365, .adv_w = 71, .box_w = 4, .box_h = 16, .ofs_x = 0, .ofs_y = -1},
    {.bitmap_index = 5397, .adv_w = 107, .box_w = 7, .box_h = 15, .ofs_x = 0, .ofs_y = -1},
    {.bitmap_index = 5450, .adv_w = 169, .box_w = 11, .box_h = 6, .ofs_x = 0, .ofs_y = 3},
    {.bitmap_index = 5483, .adv_w = 0, .box_w = 0, .box_h = 0, .ofs_x = 0, .ofs_y = 0},
    {.bitmap_index = 5483, .adv_w = 128, .box_w = 4, .box_h = 4, .ofs_x = 2, .ofs_y = 5},
    {.bitmap_index = 5491, .adv_w = 304, .box_w = 19, .box_h = 14, .ofs_x = 0, .ofs_y = -1},
    {.bitmap_index = 5624, .adv_w = 256, .box_w = 6, .box_h = 6, .ofs_x = 1, .ofs_y = -1},
    {.bitmap_index = 5642, .adv_w = 256, .box_w = 16, .box_h = 15, .ofs_x = 0, .ofs_y = -1},
    {.bitmap_index = 5762, .adv_w = 256, .box_w = 15, .box_h = 14, .ofs_x = 0, .ofs_y = -1},
    {.bitmap_index = 5867, .adv_w = 256, .box_w = 16, .box_h = 16, .ofs_x = 0, .ofs_y = -2},
    {.bitmap_index = 5995, .adv_w = 256, .box_w = 14, .box_h = 15, .ofs_x = 1, .ofs_y = -1},
    {.bitmap_index = 6100, .adv_w = 256, .box_w = 14, .box_h = 15, .ofs_x = 1, .ofs_y = -1},
    {.bitmap_index = 6205, .adv_w = 256, .box_w = 16, .box_h = 15, .ofs_x = 0, .ofs_y = -1},
    {.bitmap_index = 6325, .adv_w = 256, .box_w = 14, .box_h = 14, .ofs_x = 1, .ofs_y = -1},
    {.bitmap_index = 6423, .adv_w = 256, .box_w = 16, .box_h = 16, .ofs_x = 0, .ofs_y = -2},
    {.bitmap_index = 6551, .adv_w = 256, .box_w = 16, .box_h = 15, .ofs_x = 0, .ofs_y = -1},
    {.bitmap_index = 6671, .adv_w = 256, .box_w = 16, .box_h = 15, .ofs_x = 0, .ofs_y = -1},
    {.bitmap_index = 6791, .adv_w = 256, .box_w = 16, .box_h = 15, .ofs_x = 0, .ofs_y = -1},
    {.bitmap_index = 6911, .adv_w = 256, .box_w = 15, .box_h = 16, .ofs_x = 0, .ofs_y = -1},
    {.bitmap_index = 7031, .adv_w = 256, .box_w = 16, .box_h = 16, .ofs_x = 0, .ofs_y = -2},
    {.bitmap_index = 7159, .adv_w = 256, .box_w = 15, .box_h = 15, .ofs_x = 0, .ofs_y = -1},
    {.bitmap_index = 7272, .adv_w = 256, .box_w = 16, .box_h = 15, .ofs_x = 0, .ofs_y = -1},
    {.bitmap_index = 7392, .adv_w = 256, .box_w = 16, .box_h = 15, .ofs_x = 0, .ofs_y = -1},
    {.bitmap_index = 7512, .adv_w = 256, .box_w = 16, .box_h = 17, .ofs_x = 0, .ofs_y = -2},
    {.bitmap_index = 7648, .adv_w = 256, .box_w = 16, .box_h = 15, .ofs_x = 0, .ofs_y = -1},
    {.bitmap_index = 7768, .adv_w = 256, .box_w = 15, .box_h = 15, .ofs_x = 0, .ofs_y = -1},
    {.bitmap_index = 7881, .adv_w = 256, .box_w = 16, .box_h = 16, .ofs_x = 0, .ofs_y = -1},
    {.bitmap_index = 8009, .adv_w = 256, .box_w = 15, .box_h = 15, .ofs_x = 0, .ofs_y = -1},
    {.bitmap_index = 8122, .adv_w = 256, .box_w = 16, .box_h = 16, .ofs_x = 0, .ofs_y = -2},
    {.bitmap_index = 8250, .adv_w = 256, .box_w = 16, .box_h = 17, .ofs_x = 0, .ofs_y = -2},
    {.bitmap_index = 8386, .adv_w = 256, .box_w = 16, .box_h = 15, .ofs_x = 0, .ofs_y = -1},
    {.bitmap_index = 8506, .adv_w = 256, .box_w = 16, .box_h = 15, .ofs_x = 0, .ofs_y = -1},
    {.bitmap_index = 8626, .adv_w = 256, .box_w = 16, .box_h = 16, .ofs_x = 0, .ofs_y = -2},
    {.bitmap_index = 8754, .adv_w = 256, .box_w = 16, .box_h = 16, .ofs_x = 0, .ofs_y = -2},
    {.bitmap_index = 8882, .adv_w = 256, .box_w = 14, .box_h = 16, .ofs_x = 1, .ofs_y = -2},
    {.bitmap_index = 8994, .adv_w = 256, .box_w = 14, .box_h = 15, .ofs_x = 1, .ofs_y = -1},
    {.bitmap_index = 9099, .adv_w = 256, .box_w = 16, .box_h = 16, .ofs_x = 0, .ofs_y = -2},
    {.bitmap_index = 9227, .adv_w = 256, .box_w = 15, .box_h = 15, .ofs_x = 0, .ofs_y = -2},
    {.bitmap_index = 9340, .adv_w = 256, .box_w = 15, .box_h = 15, .ofs_x = 0, .ofs_y = -1},
    {.bitmap_index = 9453, .adv_w = 256, .box_w = 15, .box_h = 15, .ofs_x = 0, .ofs_y = -1},
    {.bitmap_index = 9566, .adv_w = 256, .box_w = 16, .box_h = 16, .ofs_x = 0, .ofs_y = -2},
    {.bitmap_index = 9694, .adv_w = 256, .box_w = 15, .box_h = 16, .ofs_x = 0, .ofs_y = -2},
    {.bitmap_index = 9814, .adv_w = 256, .box_w = 15, .box_h = 16, .ofs_x = 0, .ofs_y = -2},
    {.bitmap_index = 9934, .adv_w = 256, .box_w = 15, .box_h = 15, .ofs_x = 0, .ofs_y = -2},
    {.bitmap_index = 10047, .adv_w = 256, .box_w = 16, .box_h = 16, .ofs_x = 0, .ofs_y = -2},
    {.bitmap_index = 10175, .adv_w = 256, .box_w = 16, .box_h = 16, .ofs_x = 0, .ofs_y = -2},
    {.bitmap_index = 10303, .adv_w = 256, .box_w = 16, .box_h = 15, .ofs_x = 0, .ofs_y = -1},
    {.bitmap_index = 10423, .adv_w = 256, .box_w = 16, .box_h = 17, .ofs_x = 0, .ofs_y = -2},
    {.bitmap_index = 10559, .adv_w = 256, .box_w = 14, .box_h = 14, .ofs_x = 1, .ofs_y = -1},
    {.bitmap_index = 10657, .adv_w = 256, .box_w = 16, .box_h = 15, .ofs_x = 0, .ofs_y = -1},
    {.bitmap_index = 10777, .adv_w = 256, .box_w = 14, .box_h = 15, .ofs_x = 2, .ofs_y = -1},
    {.bitmap_index = 10882, .adv_w = 256, .box_w = 16, .box_h = 15, .ofs_x = 0, .ofs_y = -1},
    {.bitmap_index = 11002, .adv_w = 256, .box_w = 16, .box_h = 15, .ofs_x = 0, .ofs_y = -2},
    {.bitmap_index = 11122, .adv_w = 256, .box_w = 15, .box_h = 15, .ofs_x = 0, .ofs_y = -2},
    {.bitmap_index = 11235, .adv_w = 256, .box_w = 16, .box_h = 17, .ofs_x = 0, .ofs_y = -2},
    {.bitmap_index = 11371, .adv_w = 256, .box_w = 16, .box_h = 14, .ofs_x = 0, .ofs_y = -1},
    {.bitmap_index = 11483, .adv_w = 256, .box_w = 16, .box_h = 14, .ofs_x = 0, .ofs_y = -1},
    {.bitmap_index = 11595, .adv_w = 256, .box_w = 16, .box_h = 16, .ofs_x = 0, .ofs_y = -2},
    {.bitmap_index = 11723, .adv_w = 256, .box_w = 15, .box_h = 14, .ofs_x = 0, .ofs_y = -1},
    {.bitmap_index = 11828, .adv_w = 256, .box_w = 16, .box_h = 14, .ofs_x = 0, .ofs_y = -1},
    {.bitmap_index = 11940, .adv_w = 256, .box_w = 15, .box_h = 15, .ofs_x = 0, .ofs_y = -1},
    {.bitmap_index = 12053, .adv_w = 256, .box_w = 16, .box_h = 15, .ofs_x = 0, .ofs_y = -1},
    {.bitmap_index = 12173, .adv_w = 256, .box_w = 14, .box_h = 14, .ofs_x = 1, .ofs_y = -1},
    {.bitmap_index = 12271, .adv_w = 256, .box_w = 14, .box_h = 14, .ofs_x = 1, .ofs_y = -1},
    {.bitmap_index = 12369, .adv_w = 256, .box_w = 16, .box_h = 15, .ofs_x = 0, .ofs_y = -1},
    {.bitmap_index = 12489, .adv_w = 256, .box_w = 16, .box_h = 16, .ofs_x = 0, .ofs_y = -2},
    {.bitmap_index = 12617, .adv_w = 256, .box_w = 16, .box_h = 15, .ofs_x = 0, .ofs_y = -1},
    {.bitmap_index = 12737, .adv_w = 256, .box_w = 16, .box_h = 15, .ofs_x = 0, .ofs_y = -1},
    {.bitmap_index = 12857, .adv_w = 256, .box_w = 15, .box_h = 16, .ofs_x = 0, .ofs_y = -1},
    {.bitmap_index = 12977, .adv_w = 256, .box_w = 16, .box_h = 16, .ofs_x = 0, .ofs_y = -1},
    {.bitmap_index = 13105, .adv_w = 256, .box_w = 16, .box_h = 17, .ofs_x = 0, .ofs_y = -2},
    {.bitmap_index = 13241, .adv_w = 256, .box_w = 15, .box_h = 16, .ofs_x = 0, .ofs_y = -2},
    {.bitmap_index = 13361, .adv_w = 256, .box_w = 16, .box_h = 15, .ofs_x = 0, .ofs_y = -2},
    {.bitmap_index = 13481, .adv_w = 256, .box_w = 16, .box_h = 16, .ofs_x = 0, .ofs_y = -2},
    {.bitmap_index = 13609, .adv_w = 256, .box_w = 16, .box_h = 16, .ofs_x = 0, .ofs_y = -2},
    {.bitmap_index = 13737, .adv_w = 256, .box_w = 16, .box_h = 15, .ofs_x = 0, .ofs_y = -1},
    {.bitmap_index = 13857, .adv_w = 256, .box_w = 15, .box_h = 16, .ofs_x = 0, .ofs_y = -2},
    {.bitmap_index = 13977, .adv_w = 256, .box_w = 16, .box_h = 17, .ofs_x = 0, .ofs_y = -2},
    {.bitmap_index = 14113, .adv_w = 256, .box_w = 15, .box_h = 17, .ofs_x = 1, .ofs_y = -2},
    {.bitmap_index = 14241, .adv_w = 256, .box_w = 14, .box_h = 15, .ofs_x = 1, .ofs_y = -1},
    {.bitmap_index = 14346, .adv_w = 256, .box_w = 16, .box_h = 15, .ofs_x = 0, .ofs_y = -1},
    {.bitmap_index = 14466, .adv_w = 256, .box_w = 16, .box_h = 14, .ofs_x = 0, .ofs_y = -1},
    {.bitmap_index = 14578, .adv_w = 256, .box_w = 16, .box_h = 17, .ofs_x = 0, .ofs_y = -2},
    {.bitmap_index = 14714, .adv_w = 256, .box_w = 16, .box_h = 15, .ofs_x = 0, .ofs_y = -2},
    {.bitmap_index = 14834, .adv_w = 256, .box_w = 16, .box_h = 15, .ofs_x = 0, .ofs_y = -2},
    {.bitmap_index = 14954, .adv_w = 256, .box_w = 16, .box_h = 14, .ofs_x = 0, .ofs_y = -1},
    {.bitmap_index = 15066, .adv_w = 256, .box_w = 15, .box_h = 16, .ofs_x = 1, .ofs_y = -2},
    {.bitmap_index = 15186, .adv_w = 256, .box_w = 16, .box_h = 15, .ofs_x = 0, .ofs_y = -1},
    {.bitmap_index = 15306, .adv_w = 256, .box_w = 16, .box_h = 16, .ofs_x = 0, .ofs_y = -2},
    {.bitmap_index = 15434, .adv_w = 256, .box_w = 16, .box_h = 16, .ofs_x = 0, .ofs_y = -2},
    {.bitmap_index = 15562, .adv_w = 256, .box_w = 16, .box_h = 16, .ofs_x = 0, .ofs_y = -2},
    {.bitmap_index = 15690, .adv_w = 256, .box_w = 16, .box_h = 15, .ofs_x = 0, .ofs_y = -2},
    {.bitmap_index = 15810, .adv_w = 256, .box_w = 14, .box_h = 16, .ofs_x = 1, .ofs_y = -2},
    {.bitmap_index = 15922, .adv_w = 256, .box_w = 14, .box_h = 15, .ofs_x = 1, .ofs_y = -1},
    {.bitmap_index = 16027, .adv_w = 256, .box_w = 16, .box_h = 14, .ofs_x = 0, .ofs_y = -1},
    {.bitmap_index = 16139, .adv_w = 256, .box_w = 16, .box_h = 17, .ofs_x = 0, .ofs_y = -2},
    {.bitmap_index = 16275, .adv_w = 256, .box_w = 16, .box_h = 17, .ofs_x = 0, .ofs_y = -2},
    {.bitmap_index = 16411, .adv_w = 256, .box_w = 16, .box_h = 15, .ofs_x = 0, .ofs_y = -1},
    {.bitmap_index = 16531, .adv_w = 256, .box_w = 16, .box_h = 16, .ofs_x = 0, .ofs_y = -2},
    {.bitmap_index = 16659, .adv_w = 256, .box_w = 16, .box_h = 16, .ofs_x = 0, .ofs_y = -1},
    {.bitmap_index = 16787, .adv_w = 256, .box_w = 16, .box_h = 15, .ofs_x = 0, .ofs_y = -1},
    {.bitmap_index = 16907, .adv_w = 256, .box_w = 16, .box_h = 17, .ofs_x = 0, .ofs_y = -2},
    {.bitmap_index = 17043, .adv_w = 256, .box_w = 16, .box_h = 15, .ofs_x = 0, .ofs_y = -1},
    {.bitmap_index = 17163, .adv_w = 256, .box_w = 16, .box_h = 16, .ofs_x = 0, .ofs_y = -2},
    {.bitmap_index = 17291, .adv_w = 256, .box_w = 16, .box_h = 15, .ofs_x = 0, .ofs_y = -1},
    {.bitmap_index = 17411, .adv_w = 256, .box_w = 16, .box_h = 15, .ofs_x = 0, .ofs_y = -1},
    {.bitmap_index = 17531, .adv_w = 256, .box_w = 16, .box_h = 15, .ofs_x = 0, .ofs_y = -2},
    {.bitmap_index = 17651, .adv_w = 256, .box_w = 16, .box_h = 15, .ofs_x = 0, .ofs_y = -1},
    {.bitmap_index = 17771, .adv_w = 256, .box_w = 16, .box_h = 16, .ofs_x = 0, .ofs_y = -2},
    {.bitmap_index = 17899, .adv_w = 256, .box_w = 16, .box_h = 15, .ofs_x = 0, .ofs_y = -2},
    {.bitmap_index = 18019, .adv_w = 256, .box_w = 16, .box_h = 17, .ofs_x = 0, .ofs_y = -2},
    {.bitmap_index = 18155, .adv_w = 256, .box_w = 16, .box_h = 16, .ofs_x = 0, .ofs_y = -2},
    {.bitmap_index = 18283, .adv_w = 256, .box_w = 16, .box_h = 16, .ofs_x = 0, .ofs_y = -1},
    {.bitmap_index = 18411, .adv_w = 256, .box_w = 16, .box_h = 16, .ofs_x = 0, .ofs_y = -1},
    {.bitmap_index = 18539, .adv_w = 256, .box_w = 16, .box_h = 15, .ofs_x = 0, .ofs_y = -2},
    {.bitmap_index = 18659, .adv_w = 256, .box_w = 16, .box_h = 16, .ofs_x = 0, .ofs_y = -2},
    {.bitmap_index = 18787, .adv_w = 256, .box_w = 16, .box_h = 16, .ofs_x = 0, .ofs_y = -2},
    {.bitmap_index = 18915, .adv_w = 256, .box_w = 16, .box_h = 16, .ofs_x = 0, .ofs_y = -2},
    {.bitmap_index = 19043, .adv_w = 256, .box_w = 16, .box_h = 15, .ofs_x = 0, .ofs_y = -1},
    {.bitmap_index = 19163, .adv_w = 256, .box_w = 15, .box_h = 16, .ofs_x = 1, .ofs_y = -2},
    {.bitmap_index = 19283, .adv_w = 256, .box_w = 16, .box_h = 16, .ofs_x = 0, .ofs_y = -2},
    {.bitmap_index = 19411, .adv_w = 256, .box_w = 16, .box_h = 15, .ofs_x = 0, .ofs_y = -2},
    {.bitmap_index = 19531, .adv_w = 256, .box_w = 12, .box_h = 15, .ofs_x = 2, .ofs_y = -2},
    {.bitmap_index = 19621, .adv_w = 256, .box_w = 15, .box_h = 15, .ofs_x = 1, .ofs_y = -1},
    {.bitmap_index = 19734, .adv_w = 256, .box_w = 16, .box_h = 15, .ofs_x = 0, .ofs_y = -2},
    {.bitmap_index = 19854, .adv_w = 256, .box_w = 15, .box_h = 15, .ofs_x = 0, .ofs_y = -1},
    {.bitmap_index = 19967, .adv_w = 256, .box_w = 16, .box_h = 15, .ofs_x = 0, .ofs_y = -2},
    {.bitmap_index = 20087, .adv_w = 256, .box_w = 16, .box_h = 15, .ofs_x = 0, .ofs_y = -2},
    {.bitmap_index = 20207, .adv_w = 256, .box_w = 16, .box_h = 15, .ofs_x = 0, .ofs_y = -1},
    {.bitmap_index = 20327, .adv_w = 256, .box_w = 16, .box_h = 14, .ofs_x = 0, .ofs_y = -1},
    {.bitmap_index = 20439, .adv_w = 256, .box_w = 16, .box_h = 14, .ofs_x = 0, .ofs_y = -1},
    {.bitmap_index = 20551, .adv_w = 256, .box_w = 16, .box_h = 14, .ofs_x = 0, .ofs_y = -1},
    {.bitmap_index = 20663, .adv_w = 256, .box_w = 16, .box_h = 15, .ofs_x = 0, .ofs_y = -2},
    {.bitmap_index = 20783, .adv_w = 256, .box_w = 15, .box_h = 15, .ofs_x = 0, .ofs_y = -1},
    {.bitmap_index = 20896, .adv_w = 256, .box_w = 16, .box_h = 15, .ofs_x = 0, .ofs_y = -2},
    {.bitmap_index = 21016, .adv_w = 256, .box_w = 16, .box_h = 14, .ofs_x = 0, .ofs_y = -1},
    {.bitmap_index = 21128, .adv_w = 256, .box_w = 16, .box_h = 16, .ofs_x = 0, .ofs_y = -2},
    {.bitmap_index = 21256, .adv_w = 256, .box_w = 17, .box_h = 16, .ofs_x = -1, .ofs_y = -2},
    {.bitmap_index = 21392, .adv_w = 256, .box_w = 16, .box_h = 14, .ofs_x = 0, .ofs_y = -1},
    {.bitmap_index = 21504, .adv_w = 256, .box_w = 16, .box_h = 15, .ofs_x = 0, .ofs_y = -1},
    {.bitmap_index = 21624, .adv_w = 256, .box_w = 16, .box_h = 16, .ofs_x = 0, .ofs_y = -2},
    {.bitmap_index = 21752, .adv_w = 256, .box_w = 15, .box_h = 14, .ofs_x = 1, .ofs_y = -1},
    {.bitmap_index = 21857, .adv_w = 256, .box_w = 16, .box_h = 16, .ofs_x = 0, .ofs_y = -2},
    {.bitmap_index = 21985, .adv_w = 256, .box_w = 16, .box_h = 15, .ofs_x = 0, .ofs_y = -1},
    {.bitmap_index = 22105, .adv_w = 256, .box_w = 16, .box_h = 16, .ofs_x = 0, .ofs_y = -2},
    {.bitmap_index = 22233, .adv_w = 256, .box_w = 15, .box_h = 16, .ofs_x = 0, .ofs_y = -2},
    {.bitmap_index = 22353, .adv_w = 256, .box_w = 16, .box_h = 16, .ofs_x = 0, .ofs_y = -2},
    {.bitmap_index = 22481, .adv_w = 256, .box_w = 16, .box_h = 16, .ofs_x = 0, .ofs_y = -2},
    {.bitmap_index = 22609, .adv_w = 256, .box_w = 16, .box_h = 15, .ofs_x = 0, .ofs_y = -2},
    {.bitmap_index = 22729, .adv_w = 256, .box_w = 16, .box_h = 16, .ofs_x = 0, .ofs_y = -2},
    {.bitmap_index = 22857, .adv_w = 256, .box_w = 16, .box_h = 15, .ofs_x = 0, .ofs_y = -1},
    {.bitmap_index = 22977, .adv_w = 256, .box_w = 16, .box_h = 14, .ofs_x = 0, .ofs_y = -1},
    {.bitmap_index = 23089, .adv_w = 256, .box_w = 16, .box_h = 14, .ofs_x = 0, .ofs_y = -1},
    {.bitmap_index = 23201, .adv_w = 256, .box_w = 15, .box_h = 15, .ofs_x = 0, .ofs_y = -2},
    {.bitmap_index = 23314, .adv_w = 256, .box_w = 15, .box_h = 14, .ofs_x = 1, .ofs_y = -1},
    {.bitmap_index = 23419, .adv_w = 256, .box_w = 16, .box_h = 14, .ofs_x = 0, .ofs_y = -1},
    {.bitmap_index = 23531, .adv_w = 256, .box_w = 15, .box_h = 15, .ofs_x = 1, .ofs_y = -1},
    {.bitmap_index = 23644, .adv_w = 256, .box_w = 16, .box_h = 15, .ofs_x = 0, .ofs_y = -1},
    {.bitmap_index = 23764, .adv_w = 256, .box_w = 12, .box_h = 15, .ofs_x = 2, .ofs_y = -2},
    {.bitmap_index = 23854, .adv_w = 256, .box_w = 16, .box_h = 15, .ofs_x = 0, .ofs_y = -1},
    {.bitmap_index = 23974, .adv_w = 256, .box_w = 16, .box_h = 16, .ofs_x = 0, .ofs_y = -2},
    {.bitmap_index = 24102, .adv_w = 256, .box_w = 16, .box_h = 15, .ofs_x = 0, .ofs_y = -1},
    {.bitmap_index = 24222, .adv_w = 256, .box_w = 16, .box_h = 15, .ofs_x = 0, .ofs_y = -1},
    {.bitmap_index = 24342, .adv_w = 256, .box_w = 16, .box_h = 15, .ofs_x = 0, .ofs_y = -1},
    {.bitmap_index = 24462, .adv_w = 256, .box_w = 16, .box_h = 16, .ofs_x = 0, .ofs_y = -2},
    {.bitmap_index = 24590, .adv_w = 256, .box_w = 16, .box_h = 16, .ofs_x = 0, .ofs_y = -2},
    {.bitmap_index = 24718, .adv_w = 256, .box_w = 15, .box_h = 16, .ofs_x = 0, .ofs_y = -2},
    {.bitmap_index = 24838, .adv_w = 256, .box_w = 16, .box_h = 15, .ofs_x = 0, .ofs_y = -1},
    {.bitmap_index = 24958, .adv_w = 256, .box_w = 16, .box_h = 14, .ofs_x = 0, .ofs_y = -1},
    {.bitmap_index = 25070, .adv_w = 256, .box_w = 16, .box_h = 16, .ofs_x = 0, .ofs_y = -1},
    {.bitmap_index = 25198, .adv_w = 256, .box_w = 16, .box_h = 16, .ofs_x = 0, .ofs_y = -2},
    {.bitmap_index = 25326, .adv_w = 256, .box_w = 16, .box_h = 15, .ofs_x = 0, .ofs_y = -1},
    {.bitmap_index = 25446, .adv_w = 256, .box_w = 16, .box_h = 17, .ofs_x = 0, .ofs_y = -2},
    {.bitmap_index = 25582, .adv_w = 256, .box_w = 16, .box_h = 14, .ofs_x = 0, .ofs_y = -1},
    {.bitmap_index = 25694, .adv_w = 256, .box_w = 16, .box_h = 14, .ofs_x = 0, .ofs_y = -1},
    {.bitmap_index = 25806, .adv_w = 256, .box_w = 16, .box_h = 15, .ofs_x = 0, .ofs_y = -1},
    {.bitmap_index = 25926, .adv_w = 256, .box_w = 15, .box_h = 16, .ofs_x = 0, .ofs_y = -1},
    {.bitmap_index = 26046, .adv_w = 256, .box_w = 14, .box_h = 16, .ofs_x = 1, .ofs_y = -2},
    {.bitmap_index = 26158, .adv_w = 256, .box_w = 16, .box_h = 14, .ofs_x = 0, .ofs_y = -1},
    {.bitmap_index = 26270, .adv_w = 256, .box_w = 16, .box_h = 15, .ofs_x = 0, .ofs_y = -2},
    {.bitmap_index = 26390, .adv_w = 256, .box_w = 16, .box_h = 15, .ofs_x = 0, .ofs_y = -1},
    {.bitmap_index = 26510, .adv_w = 256, .box_w = 16, .box_h = 17, .ofs_x = 0, .ofs_y = -2},
    {.bitmap_index = 26646, .adv_w = 256, .box_w = 16, .box_h = 16, .ofs_x = 0, .ofs_y = -2},
    {.bitmap_index = 26774, .adv_w = 256, .box_w = 16, .box_h = 17, .ofs_x = 0, .ofs_y = -2},
    {.bitmap_index = 26910, .adv_w = 256, .box_w = 16, .box_h = 16, .ofs_x = 0, .ofs_y = -1},
    {.bitmap_index = 27038, .adv_w = 256, .box_w = 16, .box_h = 15, .ofs_x = 0, .ofs_y = -1},
    {.bitmap_index = 27158, .adv_w = 256, .box_w = 16, .box_h = 15, .ofs_x = 0, .ofs_y = -1},
    {.bitmap_index = 27278, .adv_w = 256, .box_w = 16, .box_h = 16, .ofs_x = 0, .ofs_y = -2},
    {.bitmap_index = 27406, .adv_w = 256, .box_w = 16, .box_h = 16, .ofs_x = 0, .ofs_y = -2},
    {.bitmap_index = 27534, .adv_w = 256, .box_w = 16, .box_h = 16, .ofs_x = 0, .ofs_y = -1},
    {.bitmap_index = 27662, .adv_w = 256, .box_w = 16, .box_h = 15, .ofs_x = 0, .ofs_y = -1},
    {.bitmap_index = 27782, .adv_w = 256, .box_w = 16, .box_h = 15, .ofs_x = 0, .ofs_y = -1},
    {.bitmap_index = 27902, .adv_w = 256, .box_w = 16, .box_h = 16, .ofs_x = 0, .ofs_y = -2},
    {.bitmap_index = 28030, .adv_w = 256, .box_w = 16, .box_h = 17, .ofs_x = 0, .ofs_y = -2},
    {.bitmap_index = 28166, .adv_w = 256, .box_w = 16, .box_h = 15, .ofs_x = 0, .ofs_y = -2},
    {.bitmap_index = 28286, .adv_w = 256, .box_w = 16, .box_h = 15, .ofs_x = 0, .ofs_y = -2},
    {.bitmap_index = 28406, .adv_w = 256, .box_w = 16, .box_h = 15, .ofs_x = 0, .ofs_y = -1},
    {.bitmap_index = 28526, .adv_w = 256, .box_w = 16, .box_h = 16, .ofs_x = 0, .ofs_y = -2},
    {.bitmap_index = 28654, .adv_w = 256, .box_w = 16, .box_h = 15, .ofs_x = 0, .ofs_y = -1},
    {.bitmap_index = 28774, .adv_w = 256, .box_w = 16, .box_h = 15, .ofs_x = 0, .ofs_y = -1},
    {.bitmap_index = 28894, .adv_w = 256, .box_w = 16, .box_h = 16, .ofs_x = 0, .ofs_y = -2},
    {.bitmap_index = 29022, .adv_w = 256, .box_w = 16, .box_h = 16, .ofs_x = 0, .ofs_y = -2},
    {.bitmap_index = 29150, .adv_w = 256, .box_w = 16, .box_h = 16, .ofs_x = 0, .ofs_y = -2},
    {.bitmap_index = 29278, .adv_w = 256, .box_w = 16, .box_h = 17, .ofs_x = 0, .ofs_y = -2},
    {.bitmap_index = 29414, .adv_w = 256, .box_w = 16, .box_h = 16, .ofs_x = 0, .ofs_y = -2},
    {.bitmap_index = 29542, .adv_w = 256, .box_w = 16, .box_h = 17, .ofs_x = 0, .ofs_y = -2},
    {.bitmap_index = 29678, .adv_w = 256, .box_w = 15, .box_h = 16, .ofs_x = 0, .ofs_y = -2},
    {.bitmap_index = 29798, .adv_w = 256, .box_w = 16, .box_h = 16, .ofs_x = 0, .ofs_y = -2},
    {.bitmap_index = 29926, .adv_w = 256, .box_w = 16, .box_h = 16, .ofs_x = 0, .ofs_y = -2},
    {.bitmap_index = 30054, .adv_w = 256, .box_w = 16, .box_h = 16, .ofs_x = 0, .ofs_y = -2},
    {.bitmap_index = 30182, .adv_w = 256, .box_w = 16, .box_h = 16, .ofs_x = 0, .ofs_y = -2},
    {.bitmap_index = 30310, .adv_w = 256, .box_w = 16, .box_h = 15, .ofs_x = 0, .ofs_y = -1},
    {.bitmap_index = 30430, .adv_w = 256, .box_w = 16, .box_h = 14, .ofs_x = 0, .ofs_y = -1},
    {.bitmap_index = 30542, .adv_w = 256, .box_w = 16, .box_h = 15, .ofs_x = 0, .ofs_y = -1},
    {.bitmap_index = 30662, .adv_w = 256, .box_w = 16, .box_h = 14, .ofs_x = 0, .ofs_y = -1},
    {.bitmap_index = 30774, .adv_w = 256, .box_w = 16, .box_h = 17, .ofs_x = 0, .ofs_y = -2},
    {.bitmap_index = 30910, .adv_w = 256, .box_w = 16, .box_h = 16, .ofs_x = 0, .ofs_y = -2},
    {.bitmap_index = 31038, .adv_w = 256, .box_w = 14, .box_h = 15, .ofs_x = 1, .ofs_y = -1},
    {.bitmap_index = 31143, .adv_w = 256, .box_w = 14, .box_h = 15, .ofs_x = 1, .ofs_y = -1},
    {.bitmap_index = 31248, .adv_w = 256, .box_w = 14, .box_h = 15, .ofs_x = 1, .ofs_y = -1},
    {.bitmap_index = 31353, .adv_w = 256, .box_w = 15, .box_h = 15, .ofs_x = 0, .ofs_y = -1},
    {.bitmap_index = 31466, .adv_w = 256, .box_w = 15, .box_h = 15, .ofs_x = 1, .ofs_y = -2},
    {.bitmap_index = 31579, .adv_w = 256, .box_w = 14, .box_h = 15, .ofs_x = 1, .ofs_y = -2},
    {.bitmap_index = 31684, .adv_w = 256, .box_w = 14, .box_h = 16, .ofs_x = 1, .ofs_y = -2},
    {.bitmap_index = 31796, .adv_w = 256, .box_w = 15, .box_h = 14, .ofs_x = 0, .ofs_y = -1},
    {.bitmap_index = 31901, .adv_w = 256, .box_w = 16, .box_h = 15, .ofs_x = 0, .ofs_y = -1},
    {.bitmap_index = 32021, .adv_w = 256, .box_w = 15, .box_h = 15, .ofs_x = 1, .ofs_y = -2},
    {.bitmap_index = 32134, .adv_w = 256, .box_w = 16, .box_h = 15, .ofs_x = 0, .ofs_y = -2},
    {.bitmap_index = 32254, .adv_w = 256, .box_w = 16, .box_h = 16, .ofs_x = 0, .ofs_y = -2},
    {.bitmap_index = 32382, .adv_w = 256, .box_w = 16, .box_h = 17, .ofs_x = 0, .ofs_y = -2},
    {.bitmap_index = 32518, .adv_w = 256, .box_w = 4, .box_h = 8, .ofs_x = 2, .ofs_y = -5}
};

/*---------------------
 *  CHARACTER MAPPING
 *--------------------*/

static const uint16_t unicode_list_2[] = {
    0x0, 0x204c, 0x2f4b, 0x4d53, 0x4d57, 0x4d6b, 0x4d76, 0x4d84,
    0x4dd4, 0x4dd7, 0x4df7, 0x4e03, 0x4e3f, 0x4e44, 0x4e61, 0x4e69,
    0x4e96, 0x4e97, 0x4ea5, 0x4ec8, 0x4f26, 0x4f2a, 0x4f85, 0x4f98,
    0x5018, 0x509d, 0x50ae, 0x50b1, 0x50b5, 0x50bc, 0x50ce, 0x5143,
    0x514f, 0x5174, 0x5179, 0x517f, 0x5196, 0x51e4, 0x51e8, 0x51e9,
    0x51ea, 0x51f1, 0x524e, 0x525f, 0x5282, 0x529e, 0x52a9, 0x52aa,
    0x52cb, 0x52cf, 0x530b, 0x5329, 0x5338, 0x533b, 0x5341, 0x536f,
    0x5378, 0x5393, 0x5636, 0x5647, 0x5671, 0x56a0, 0x56d4, 0x5743,
    0x574f, 0x5850, 0x5856, 0x5863, 0x5870, 0x587a, 0x587d, 0x5aa1,
    0x5ad5, 0x5ae3, 0x5ae7, 0x5b41, 0x5b42, 0x5b58, 0x5b7a, 0x5b83,
    0x5b98, 0x5d2e, 0x5d70, 0x5d9e, 0x5dbf, 0x5ddd, 0x5def, 0x5e49,
    0x5e9b, 0x5e9c, 0x5e9e, 0x5ece, 0x5ef7, 0x5f20, 0x5f34, 0x5f4a,
    0x5f84, 0x5fab, 0x5fb8, 0x600e, 0x6159, 0x61c7, 0x61ee, 0x622c,
    0x624a, 0x6250, 0x629e, 0x62ee, 0x62f0, 0x62f1, 0x638d, 0x648e,
    0x6491, 0x64b9, 0x64bd, 0x64f6, 0x64f9, 0x6529, 0x652e, 0x653f,
    0x6578, 0x65c3, 0x663d, 0x6649, 0x6652, 0x6673, 0x6675, 0x6683,
    0x66ca, 0x66cd, 0x66e5, 0x6750, 0x676a, 0x6781, 0x678f, 0x6809,
    0x696a, 0x6aac, 0x6c1e, 0x6c31, 0x6c8a, 0x6c94, 0x6d72, 0x6dd9,
    0x7190, 0x71ff, 0x72d0, 0x72f8, 0x734f, 0x7471, 0x747e, 0x7484,
    0x75cd, 0x761a, 0x7637, 0x77d7, 0x7944, 0x7954, 0x79c3, 0x7a92,
    0x7ae0, 0x7bc4, 0x7c13, 0x7c44, 0x7c78, 0x7e1c, 0x7e28, 0x7e33,
    0x7e36, 0x7eb7, 0x7ebb, 0x7f60, 0x8046, 0x8133, 0x81f8, 0x8300,
    0x8795, 0x8842, 0x890f, 0x8911, 0x8aaf, 0x8aea, 0x8af9, 0x8b07,
    0x8b0f, 0x8b2f, 0x8b40, 0x8baa, 0x8c6e, 0x8c8d, 0x8cce, 0x8d28,
    0x8d73, 0x8eb5, 0x8ec4, 0x8ec6, 0x8ecc, 0x8edc, 0x8f07, 0x8f10,
    0x8f19, 0x8f27, 0x8f4a, 0x8f4b, 0x8f5b, 0x8f63, 0x8f68, 0x9031,
    0x9096, 0x9116, 0x9118, 0x944a, 0x94c8, 0x9536, 0x953b, 0x953d,
    0x9551, 0x9599, 0x95dd, 0x95e5, 0x96ab, 0x973e, 0x97c8, 0x97cd,
    0x97da, 0x9a21, 0xfe55
};

/*Collect the unicode lists and glyph_id offsets*/
static const lv_font_fmt_txt_cmap_t cmaps[] =
{
    {
        .range_start = 10, .range_length = 1, .glyph_id_start = 1,
        .unicode_list = NULL, .glyph_id_ofs_list = NULL, .list_length = 0, .type = LV_FONT_FMT_TXT_CMAP_FORMAT0_TINY
    },
    {
        .range_start = 32, .range_length = 96, .glyph_id_start = 2,
        .unicode_list = NULL, .glyph_id_ofs_list = NULL, .list_length = 0, .type = LV_FONT_FMT_TXT_CMAP_FORMAT0_TINY
    },
    {
        .range_start = 183, .range_length = 65110, .glyph_id_start = 98,
        .unicode_list = unicode_list_2, .glyph_id_ofs_list = NULL, .list_length = 227, .type = LV_FONT_FMT_TXT_CMAP_SPARSE_TINY
    }
};

/*-----------------
 *    KERNING
 *----------------*/


/*Map glyph_ids to kern left classes*/
static const uint8_t kern_left_class_mapping[] =
{
    0, 0, 0, 0, 1, 0, 0, 0,
    2, 1, 3, 0, 0, 0, 4, 5,
    4, 6, 7, 0, 8, 9, 10, 11,
    12, 13, 14, 15, 0, 0, 0, 0,
    0, 16, 17, 18, 19, 20, 21, 22,
    23, 24, 0, 0, 25, 26, 27, 0,
    0, 21, 28, 29, 30, 31, 32, 33,
    34, 35, 36, 37, 38, 3, 0, 0,
    0, 39, 0, 40, 41, 42, 0, 41,
    43, 44, 40, 45, 45, 46, 47, 40,
    40, 41, 41, 44, 48, 49, 50, 51,
    52, 53, 54, 52, 55, 3, 0, 0,
    0, 0, 0, 0, 0, 0, 0, 0,
    0, 0, 0, 0, 0, 0, 0, 0,
    0, 0, 0, 0, 0, 0, 0, 0,
    0, 0, 0, 0, 0, 0, 0, 0,
    0, 0, 0, 0, 0, 0, 0, 0,
    0, 0, 0, 0, 0, 0, 0, 0,
    0, 0, 0, 0, 0, 0, 0, 0,
    0, 0, 0, 0, 0, 0, 0, 0,
    0, 0, 0, 0, 0, 0, 0, 0,
    0, 0, 0, 0, 0, 0, 0, 0,
    0, 0, 0, 0, 0, 0, 0, 0,
    0, 0, 0, 0, 0, 0, 0, 0,
    0, 0, 0, 0, 0, 0, 0, 0,
    0, 0, 0, 0, 0, 0, 0, 0,
    0, 0, 0, 0, 0, 0, 0, 0,
    0, 0, 0, 0, 0, 0, 0, 0,
    0, 0, 0, 0, 0, 0, 0, 0,
    0, 0, 0, 0, 0, 0, 0, 0,
    0, 0, 0, 0, 0, 0, 0, 0,
    0, 0, 0, 0, 0, 0, 0, 0,
    0, 0, 0, 0, 0, 0, 0, 0,
    0, 0, 0, 0, 0, 0, 0, 0,
    0, 0, 0, 0, 0, 0, 0, 0,
    0, 0, 0, 0, 0, 0, 0, 0,
    0, 0, 0, 0, 0, 0, 0, 0,
    0, 0, 0, 0, 0, 0, 0, 0,
    0, 0, 0, 0, 0, 0, 0, 0,
    0, 0, 0, 0, 0, 0, 0, 0,
    0, 0, 0, 0, 4
};

/*Map glyph_ids to kern right classes*/
static const uint8_t kern_right_class_mapping[] =
{
    0, 0, 0, 0, 1, 0, 0, 0,
    2, 1, 0, 0, 0, 0, 3, 4,
    3, 5, 6, 7, 8, 9, 10, 11,
    12, 13, 14, 15, 0, 0, 0, 0,
    0, 16, 17, 18, 0, 19, 0, 0,
    0, 19, 0, 0, 20, 0, 0, 0,
    0, 19, 0, 19, 0, 21, 22, 23,
    24, 25, 26, 27, 28, 0, 0, 29,
    0, 30, 0, 31, 32, 33, 33, 33,
    34, 35, 32, 36, 37, 32, 38, 39,
    39, 33, 39, 33, 39, 40, 41, 42,
    43, 44, 45, 43, 46, 0, 0, 0,
    0, 0, 0, 0, 0, 0, 0, 0,
    0, 0, 0, 0, 0, 0, 0, 0,
    0, 0, 0, 0, 0, 0, 0, 0,
    0, 0, 0, 0, 0, 0, 0, 0,
    0, 0, 0, 0, 0, 0, 0, 0,
    0, 0, 0, 0, 0, 0, 0, 0,
    0, 0, 0, 0, 0, 0, 0, 0,
    0, 0, 0, 0, 0, 0, 0, 0,
    0, 0, 0, 0, 0, 0, 0, 0,
    0, 0, 0, 0, 0, 0, 0, 0,
    0, 0, 0, 0, 0, 0, 0, 0,
    0, 0, 0, 0, 0, 0, 0, 0,
    0, 0, 0, 0, 0, 0, 0, 0,
    0, 0, 0, 0, 0, 0, 0, 0,
    0, 0, 0, 0, 0, 0, 0, 0,
    0, 0, 0, 0, 0, 0, 0, 0,
    0, 0, 0, 0, 0, 0, 0, 0,
    0, 0, 0, 0, 0, 0, 0, 0,
    0, 0, 0, 0, 0, 0, 0, 0,
    0, 0, 0, 0, 0, 0, 0, 0,
    0, 0, 0, 0, 0, 0, 0, 0,
    0, 0, 0, 0, 0, 0, 0, 0,
    0, 0, 0, 0, 0, 0, 0, 0,
    0, 0, 0, 0, 0, 0, 0, 0,
    0, 0, 0, 0, 0, 0, 0, 0,
    0, 0, 0, 0, 0, 0, 0, 0,
    0, 0, 0, 0, 0, 0, 0, 0,
    0, 0, 0, 0, 0, 0, 0, 0,
    0, 0, 0, 0, 3
};

/*Kern values between classes*/
static const int8_t kern_class_values[] =
{
    0, 0, 0, 0, 0, 0, 0, 0,
    0, -26, 0, -14, 5, 0, 0, 0,
    0, 0, 0, 0, 0, 0, 0, 0,
    0, 0, 0, 0, 0, 0, 0, 0,
    0, 0, 0, 0, 0, 0, 0, 0,
    0, 0, 0, 0, 0, 0, 0, 0,
    0, 0, 0, 0, -15, 0, -15, -10,
    0, -15, -15, 0, -13, 0, 0, 0,
    0, 0, 0, 0, 0, 0, 0, 0,
    0, 0, 0, 0, 0, 0, 0, 0,
    0, 0, 0, 0, 0, 0, 0, 0,
    0, 0, 0, 0, 0, 0, 0, 0,
    0, 0, 0, 0, 0, 0, 0, 0,
    0, 0, 0, 0, 0, 0, 0, 0,
    0, 0, 0, 0, 0, 0, 0, 0,
    0, 0, 0, 0, 0, 0, 0, 0,
    10, 0, 0, 0, 0, 0, 0, 0,
    0, 0, 0, 0, 0, 0, 0, -5,
    -28, 0, -5, 0, -4, -3, -5, 0,
    -23, 0, 0, 0, 0, 0, 0, 0,
    0, 0, 0, 0, 0, 0, 0, 0,
    0, 0, 0, 0, 0, 0, 0, 0,
    0, 0, 0, 0, 0, 0, 0, 0,
    0, 0, 0, 0, 0, 0, 0, -5,
    -8, 0, 0, 0, -3, 0, 0, 0,
    0, 0, 0, 0, 0, 0, 0, 0,
    0, 0, 0, 0, 0, 0, 0, 0,
    0, 0, 0, 0, 0, 0, 0, 0,
    0, 0, 0, 0, 0, 0, 0, 0,
    0, 0, 0, 0, 0, 0, 0, -20,
    0, -13, 0, 0, 0, 0, 0, 0,
    0, 0, 0, 0, 0, 0, 0, 0,
    0, 0, 0, 0, 0, 0, 0, 0,
    0, 0, 0, 0, 0, 0, 0, 0,
    0, 0, 0, 0, 0, 0, -5, 0,
    0, 0, 0, -4, -7, 0, 0, 0,
    0, 0, 0, 0, 0, -9, 0, -7,
    0, -6, 0, -9, -5, 0, -14, 0,
    0, 0, 0, 0, 0, 0, 0, 0,
    0, 0, 0, 0, 0, 0, 0, 0,
    0, 0, 0, 0, 0, 0, 0, -3,
    0, 0, -5, -8, 0, -5, 0, 0,
    0, 0, 0, 0, 0, 0, 0, 0,
    0, -5, 0, 0, -10, 0, 0, 0,
    0, 0, 0, 0, 0, 0, 0, 0,
    0, 0, 0, 0, 0, 0, 0, 0,
    0, 0, -3, 0, 0, 0, 0, -3,
    0, 0, 0, 0, 0, 0, -3, -5,
    0, 0, 0, 0, 0, 0, 0, 0,
    0, -5, -5, 0, 0, 0, 0, 0,
    0, 0, 0, 0, 0, 0, 0, 0,
    0, 0, 0, 0, 0, 0, -6, 0,
    0, 0, 0, 0, -3, 0, -4, 0,
    0, 0, -6, 0, -5, -8, 0, 0,
    0, 0, 0, -8, 0, -5, 0, 0,
    -10, 1, 0, 0, 0, 0, 0, 0,
    0, 0, 0, 0, 0, 0, 0, 0,
    0, 0, 0, 0, 0, 0, -3, 0,
    0, 0, -5, 0, 0, 0, 0, 0,
    -4, 0, 0, -7, 0, 0, 0, 0,
    0, 0, 0, -5, 0, -13, 0, 0,
    0, 0, 0, 0, 0, 0, 0, 0,
    0, 0, 0, 0, 0, 0, 0, 0,
    0, 0, -22, 0, -3, 0, 0, 0,
    -14, 0, 0, 0, 0, 0, -8, 0,
    -3, -13, 0, 0, 0, 0, 0, -22,
    0, -15, 0, -13, -26, 0, 0, 0,
    0, 0, 0, 0, 0, 0, 0, 0,
    0, 0, 0, 0, -8, 0, -8, -4,
    5, -15, -31, -3, -18, -3, 0, 0,
    0, -18, 0, -15, 8, -6, 0, 5,
    0, -30, 0, -33, 0, 0, 0, 0,
    0, 0, 0, 0, 0, 0, -15, 0,
    -13, -3, -15, 0, 0, 0, -7, -11,
    0, -6, 0, 0, -3, -3, 0, 0,
    0, 0, 0, 0, 0, 0, 0, 0,
    0, 0, -3, 0, -5, -3, 0, 0,
    0, 0, 0, -5, 0, -9, 0, 0,
    -10, 0, 0, 0, 0, 0, 0, 0,
    0, 0, 0, 0, 0, 0, 0, 0,
    0, 0, -5, 0, 0, -13, -23, 0,
    -13, 0, 0, 0, 0, -6, 0, -4,
    0, -5, 0, 0, 0, -18, 0, -25,
    0, 0, 0, -4, 0, -17, -10, 0,
    0, 0, -8, 0, -6, 4, 0, 0,
    0, 0, 0, 0, 2, 0, 0, 0,
    0, 0, 0, 0, 0, 0, 0, 0,
    0, 0, -5, -17, 0, -10, 3, -3,
    0, 0, 0, 0, 0, 0, 0, 0,
    0, 0, 0, 0, 0, 0, 0, 0,
    0, 0, 0, 0, 0, 0, 0, 0,
    0, 0, 0, 0, 0, 0, 0, 0,
    0, 0, 0, 0, 0, 0, 0, 0,
    0, 0, 0, 0, 0, 0, 0, 0,
    0, -13, 0, 0, 0, 0, 0, 0,
    0, -15, 0, 0, 0, 0, 0, 0,
    0, 0, 0, 0, 0, 0, 0, 0,
    0, 0, 0, 0, 0, 0, -31, 0,
    0, -18, 0, -9, -21, 0, 0, 0,
    0, 0, 0, 0, -21, -23, 0, 0,
    -10, 0, 0, -20, -8, -31, -20, 0,
    -31, 0, 0, 0, 0, 0, -4, -8,
    -4, 0, 0, -5, 0, 0, -13, -6,
    -15, -13, 0, 0, -8, 0, -3, 0,
    0, 0, 0, 0, 0, 0, 0, 0,
    0, 0, 0, -6, 0, -5, 0, -3,
    0, -6, 0, -8, -5, -8, -12, -1,
    0, 0, 0, 0, 0, 0, 0, 0,
    0, 0, 0, 0, 0, 0, 0, 0,
    -1, -1, 0, 0, 0, -13, 0, 0,
    0, 0, 0, 0, 0, 0, 0, 0,
    0, 0, 0, -8, -4, 0, 0, -1,
    0, 0, 0, -10, -15, -3, 0, 0,
    -4, 0, -7, 0, -6, 0, 0, 0,
    0, 0, 0, 0, -5, -3, -3, 0,
    -5, 0, -8, 0, 0, 0, 0, 0,
    0, 0, 0, 0, 0, 0, 0, -6,
    0, -10, 0, -10, 0, -9, 0, -8,
    -4, -17, -15, -8, 0, 0, 0, 0,
    0, 0, 0, 0, 0, 0, 0, 0,
    0, 0, 0, 0, 0, -3, 0, 0,
    0, 0, 0, 0, 0, 0, 0, 0,
    0, 0, 0, 0, 0, 0, 0, 0,
    0, 0, 0, 0, 0, 0, 0, 0,
    0, 0, 0, 0, 0, 0, 0, 0,
    0, 0, 0, 0, 0, 0, 0, 0,
    -3, 0, 0, 0, 3, -5, -16, 0,
    0, 0, 0, 0, 0, -5, 0, -4,
    0, 0, 0, 0, 0, -16, 0, -31,
    -3, 0, 0, 0, 0, -5, 0, 0,
    0, 0, -9, 0, -8, 0, -6, 0,
    0, 0, -4, -5, 0, -5, -3, -3,
    -5, -3, 0, 0, -5, 0, 0, 0,
    0, 0, 0, 0, 0, 0, 0, 0,
    0, -5, 0, -6, 0, 0, 0, -8,
    0, -8, -4, -11, -13, -3, 0, 0,
    0, 0, 0, 0, 0, 0, 0, 0,
    0, -3, 0, 0, -3, -3, -5, 0,
    0, 0, -7, 0, 0, 0, 0, 0,
    0, 0, 0, 0, 0, 0, 0, 0,
    0, 0, 0, -6, 0, 0, 0, 0,
    0, -5, 0, 0, 0, 0, 0, 0,
    0, 0, 0, 0, 0, 0, 0, 0,
    0, 0, 0, 0, 0, 0, 0, -10,
    1, -28, 0, -13, -10, 0, 0, -8,
    0, 0, 0, 0, -18, -13, 0, 0,
    -10, -5, -10, 0, -8, 0, 0, 0,
    0, 0, 0, 0, -5, 0, -14, -12,
    -13, 0, 0, -8, -4, 0, -12, -8,
    -15, -13, 0, 0, -27, 0, 5, -26,
    0, 0, -28, 0, 0, 0, 0, 0,
    -4, 0, -26, -28, 0, 0, -5, 0,
    0, -23, -8, -18, -20, 0, -46, 0,
    0, 0, 0, 0, -5, -5, -3, 0,
    0, 0, 0, 0, -17, -3, -18, -13,
    0, 0, 0, -10, -23, 0, 0, 0,
    0, -5, 0, -9, 0, 0, 0, 0,
    0, 0, 0, -19, 0, -31, 0, -5,
    0, -9, -4, -18, -13, -5, 0, 0,
    -11, 0, -5, 3, -5, 0, 0, 0,
    0, -3, 3, 0, 3, 3, 0, 0,
    0, 0, 0, 0, 0, 0, 0, 0,
    0, 0, 0, 0, 0, 0, 0, 0,
    0, -7, 0, -8, 0, -8, 0, -5,
    -5, -12, -13, -3, 0, 0, 0, 0,
    0, 0, 0, 0, 0, 0, 0, 0,
    0, 0, 0, 0, 0, 0, 0, -4,
    0, 0, 0, 0, 0, 0, 0, 0,
    0, 0, 0, 0, 0, 0, 0, 0,
    0, -8, 0, -4, 0, -6, -3, 0,
    -12, 0, 0, 0, 0, 0, -3, 0,
    -1, 0, 0, 0, 0, 0, 0, 0,
    0, 0, 0, 0, 0, 0, 0, 0,
    0, 0, 0, 0, 0, 0, 0, 0,
    0, 0, 0, 0, 0, 0, 0, 0,
    0, -4, 0, -8, 0, -8, -10, 0,
    0, 0, 0, 0, 0, 0, 0, 0,
    0, 0, 0, 0, 0, 0, 0, -1,
    -3, -1, 6, -15, -26, -20, 0, -6,
    0, 0, 0, -23, 0, -18, 0, -5,
    0, 0, 0, -20, -9, -33, -5, 0,
    0, -3, 0, -8, 0, 0, 0, 0,
    -23, -10, -26, -10, -28, 0, 0, 0,
    -15, -24, -5, -10, -13, -10, -8, -10,
    0, 0, -6, 0, 0, 0, 0, 0,
    0, 0, 0, 0, 0, 0, 0, 0,
    0, -8, 0, -10, 0, 0, 0, 0,
    0, -5, 0, 0, 0, 0, 0, 0,
    0, 0, 0, 0, 0, 0, 0, 0,
    0, 0, 0, 0, 0, 0, 0, -17,
    -35, -15, 0, -9, 0, -8, 0, -20,
    -1, -15, 0, -9, 0, 0, 0, -31,
    -8, -38, -6, 0, 0, 0, 0, 0,
    0, 0, 0, 0, -23, -15, -23, -6,
    -23, 0, 0, 0, -13, -20, -5, -14,
    -10, -8, -13, -10, 0, -10, -23, -9,
    0, -5, 0, 0, 0, -18, 0, 0,
    0, 0, 0, 0, 0, -20, -4, -26,
    -3, 0, 0, 0, 0, 0, 0, 0,
    0, 0, -18, 0, -17, -3, -17, 0,
    0, 0, -10, -14, -2, -12, -3, -4,
    -10, -8, 0, -10, 1, -26, 0, 0,
    -5, 0, -5, -10, -5, -10, 0, 0,
    -13, -5, -10, 0, -17, -12, -8, -8,
    -5, 0, 0, 0, 0, 0, 0, 0,
    -9, 0, -17, -13, -15, 0, 0, -3,
    -4, -10, -14, -14, -18, -15, 0, 0,
    0, -23, -39, -20, 0, -14, -5, -5,
    -5, -31, 0, -26, 0, -10, -9, -3,
    -15, -31, -15, -41, -13, 0, 0, 0,
    0, 0, 0, 0, 0, 0, -33, -13,
    -31, -13, -33, 0, 0, 0, -20, -28,
    -12, -20, -15, -14, -20, -18, 0, -10,
    0, -10, 0, 0, 0, 0, 0, 0,
    0, 0, 0, 0, 0, 0, 0, 0,
    -8, 0, 0, 0, -3, 0, 0, 0,
    0, 0, 0, 0, 0, 0, -4, 0,
    0, 0, 0, 0, 0, 0, -6, -5,
    -6, -8, 0, 0, 0, 0, 0, 0,
    0, 0, 0, 0, 0, 0, 0, 0,
    0, 0, 0, 0, 0, 0, 0, 0,
    0, 0, 0, 0, 0, 0, 0, 0,
    0, 0, 0, 0, -5, 0, 0, 0,
    31, 0, 0, 0, 0, 0, 0, 0,
    0, 0, -5, 0, 0, 0, 0, 0,
    -8, 0, 0, 0, 0, 0, -5, 0,
    -5, -10, 0, 0, 0, 0, -3, -26,
    0, -20, -14, -8, -26, 0, 0, 0,
    0, 0, 0, 0, 0, 0, 0, 0,
    0, 0, 0, 0, 0, 0, 0, 0,
    -11, 0, -4, 0, 0, 0, 0, 0,
    0, 0, 0, 0, -10, 0, -7, -17,
    0, -5, 0, -3, -4, -26, 0, -23,
    -17, -17, -31, -3, 0, -5, 0, 0,
    0, 0, 0, 0, 0, 0, 0, 0,
    0, 0, -3, -3, -5, 0, -5, 0,
    0, 0, 0, 0, 0, 0, 0, 0,
    0, 0, 0, 0, 0, -5, 0, -5,
    0, 0, -5, -20, 0, -17, -12, -15,
    -31, 0, 0, 0, -5, 0, -1, 0,
    0, -3, 0, -3, 0, 0, 0, 0,
    -5, 0, -8, 0, 8, -4, -18, 10,
    0, 0, 0, 0, 0, -13, 0, 0,
    6, 0, 4, 0, 0, -17, 0, -18,
    0, 0, 0, 8, 5, 0, 0, 0,
    8, 0, -7, 0, -3, 0, -4, 0,
    0, 0, 0, -4, 2, 0, 0, 0,
    0, 0, 0, 0, 0, 0, 0, 0,
    0, 0, 0, 0, 0, 0, 0, 0,
    0, 0, 0, 0, 0, 0, 0, -18,
    0, -15, -12, 0, -18, 0, 0, 0,
    0, 0, 0, 0, 0, 0, 13, 0,
    0, 0, 0, 0, 0, 0, 0, 0,
    0, 0, 0, 0, 0, 0, 0, 0,
    0, 0, 0, 0, 0, 0, 0, 0,
    0, 0, 0, 0, 0, 0, 0, 0,
    0, 0, 0, 0, 0, 0, 0, 0,
    0, 0, 0, 0, 3, 0, 0, 0,
    0, 0, 0, 0, 0, 0, -8, -4,
    1, -13, 0, 0, 0, 0, 0, -10,
    0, -8, 0, -9, -5, -3, 0, 0,
    -6, 0, 0, -15, -4, -15, -8, 0,
    -20, 0, 0, 0, -3, 0, -9, 0,
    -5, 0, 0, -4, 0, -6, -5, -5,
    0, 0, 0, 0, 0, 3, 5, -1,
    0, 0, 0, 0, 0, 0, 0, 0,
    0, 0, 0, -7, 0, 0, -3, 0,
    0, -8, 0, 0, 0, 0, -10, 0,
    0, 0, 1, 0, 0, 0, 0, 0,
    0, 0, 0, 0, 0, 0, 0, 0,
    0, 0, 0, -10, -28, 0, 0, 0,
    0, -3, -8, -13, 0, -8, 0, 0,
    3, 0, 0, -23, 0, -31, 0, -5,
    0, -5, -5, -17, -15, -8, 0, 0,
    -8, 0, -5, 0, -5, 0, 0, 0,
    0, -4, 0, -5, 4, 4, 0, 0,
    -11, 0, 0, 0, 0, 0, -5, 0,
    0, 0, 0, 0, -5, 0, 0, -13,
    0, 0, 0, 0, 0, -24, 0, -20,
    -14, -10, -28, 0, 0, 0, 0, 0,
    0, 0, 0, 0, 0, 0, 0, 0,
    0, 0, -4, -3, -5, 0, 0, 0,
    0, 0, 0, 0, 0, 0, 0, 0,
    0, 0, 0, 0, 3, 0, 0, 0,
    0, 0, 0, -5, 0, -9, -2, 0,
    -15, 0, 0, 0, 0, 0, -1, 1,
    0, 0, 0, 0, 0, -2, 0, -1,
    0, 0, 0, 0, 0, 0, 0, 0,
    0, 0, 0, 0, 0, 0, 0, 0,
    0, 0, 0, -3, 0, 0, 0, 0,
    0, -8, 0, -13, -10, -3, -18, 0,
    0, 0, 0, 0, 0, 0, 0, 0,
    3, 0, 0, 0, 0, 0, 0, 0,
    0, 0, 0, -10, -22, 0, 0, 0,
    0, 0, 0, -13, 0, -9, 0, 0,
    0, 0, 0, -18, 0, -26, 0, -13,
    0, -5, -3, -18, -15, -6, 0, 0,
    -4, 0, -3, 0, -3, 0, 0, 0,
    0, -4, 0, 0, 10, 0, 0, 0,
    0, -5, -19, 0, 0, 0, 0, 0,
    0, 0, 0, 0, 0, 0, 0, 0,
    0, -14, 0, -17, 0, -10, 0, -8,
    -4, -15, -14, -8, 0, 0, -8, 0,
    -4, 0, 0, 0, 0, 0, 0, -3,
    0, 0, 0, 8, 0, 0, 0, -3,
    0, -10, 0, 0, 0, 0, 0, -5,
    0, -8, -3, -5, 0, 0, 0, 0,
    -3, 0, 0, -8, 0, -13, -10, 0,
    -20, 0, 0, 0, -3, 0, -5, 0,
    0, 0, 0, -3, 0, -5, 0, -3,
    0, 0, 0, 0, 0, -3, 0, -1,
    0, 0, 0, 0, 0, -2, 0, -4,
    0, 0, 0, 0, 0, 0, -3, 0,
    0, -10, 0, -10, -8, 0, -18, 0,
    0, 0, 0, 0, 0, 0, -1, 0,
    0, 0, 0, -3, 0, -3, 0, 0,
    0, 0
};


/*Collect the kern class' data in one place*/
static const lv_font_fmt_txt_kern_classes_t kern_classes =
{
    .class_pair_values   = kern_class_values,
    .left_class_mapping  = kern_left_class_mapping,
    .right_class_mapping = kern_right_class_mapping,
    .left_class_cnt      = 55,
    .right_class_cnt     = 46,
};

/*--------------------
 *  ALL CUSTOM DATA
 *--------------------*/

#if LVGL_VERSION_MAJOR == 8
/*Store all the custom data of the font*/
static  lv_font_fmt_txt_glyph_cache_t cache;
#endif

#if LVGL_VERSION_MAJOR >= 8
static const lv_font_fmt_txt_dsc_t font_dsc = {
#else
static lv_font_fmt_txt_dsc_t font_dsc = {
#endif
    .glyph_bitmap = glyph_bitmap,
    .glyph_dsc = glyph_dsc,
    .cmaps = cmaps,
    .kern_dsc = &kern_classes,
    .kern_scale = 16,
    .cmap_num = 3,
    .bpp = 4,
    .kern_classes = 1,
    .bitmap_format = 0,
#if LVGL_VERSION_MAJOR == 8
    .cache = &cache
#endif
};



/*-----------------
 *  PUBLIC FONT
 *----------------*/

/*Initialize a public general font descriptor*/
#if LVGL_VERSION_MAJOR >= 8
const lv_font_t lv_font_MiSans_Heavy_16_16 = {
#else
lv_font_t lv_font_MiSans_Heavy_16_16 = {
#endif
    .get_glyph_dsc = lv_font_get_glyph_dsc_fmt_txt,    /*Function pointer to get glyph's data*/
    .get_glyph_bitmap = lv_font_get_bitmap_fmt_txt,    /*Function pointer to get glyph's bitmap*/
    .line_height = 21,          /*The maximum line height required by the font*/
    .base_line = 5,             /*Baseline measured from the bottom of the line*/
#if !(LVGL_VERSION_MAJOR == 6 && LVGL_VERSION_MINOR == 0)
    .subpx = LV_FONT_SUBPX_NONE,
#endif
#if LV_VERSION_CHECK(7, 4, 0) || LVGL_VERSION_MAJOR >= 8
    .underline_position = -2,
    .underline_thickness = 1,
#endif
    .dsc = &font_dsc,          /*The custom font data. Will be accessed by `get_glyph_bitmap/dsc` */
#if LV_VERSION_CHECK(8, 2, 0) || LVGL_VERSION_MAJOR >= 9
    .fallback = NULL,
#endif
    .user_data = NULL,
};



#endif /*#if LV_FONT_MISANS_HEAVY_16_16*/

