/*******************************************************************************
 * Size: 14 px
 * Bpp: 4
 * Opts: --font C:\Users\16604\Desktop\anyui_test\test12\import\font\MiSans_Heavy.ttf --output C:\Users\16604\Desktop\anyui_test\test12\generated\fonts\lv_font_Misans_Heavy_14_14.c --size 14 --bpp 4 --format lvgl --no-compress --no-prefilter --range 0x20-0x7F --symbols QWERTYUIOPASDFGHJKLZXCVBNMqwertyuiopasdfghjklzxcvbnm1234567890实时监测|极兔%中检测结果/%推理耗时电机转速设备温度℃当前识别类型极兔累计分拣件数成功率%·帧韵达中通小大全部℃事件详情日志记录分类识别置信度成功检测到包裹传送中运行中推理完成极兔较低置信度警告时间类型结果尺寸推理耗时状态备注包裹分类成功。亮于人值在复工新核正流程请过阈，内存使用.识别成功未到目标--等待中亮度检测预览叠加框是否开启控制开环设置亮度本主机上报时间间隔图像指标长可模型信息恢复出厂设置重屏幕监控视整资源空闲总量堆碎片内存历史最小大连续可分配块系统芯片频任务◀▶


 ******************************************************************************/

#ifdef LV_LVGL_H_INCLUDE_SIMPLE
#include "lvgl.h"
#else
#include "lvgl.h"
#endif

#ifndef LV_FONT_MISANS_HEAVY_14_14
#define LV_FONT_MISANS_HEAVY_14_14 1
#endif

#if LV_FONT_MISANS_HEAVY_14_14

/*-----------------
 *    BITMAPS
 *----------------*/

/*Store the image of the glyphs*/
static LV_ATTRIBUTE_LARGE_CONST const uint8_t glyph_bitmap[] = {
    /* U+000A "\n" */

    /* U+0020 " " */

    /* U+0021 "!" */
    0x1f, 0xfd, 0xf, 0xfd, 0xf, 0xfc, 0xf, 0xfb,
    0xe, 0xfa, 0xd, 0xfa, 0xc, 0xf9, 0xb, 0xf8,
    0x0, 0x0, 0xf, 0xfc, 0xf, 0xfc, 0xf, 0xfc,

    /* U+0022 "\"" */
    0x0, 0x0, 0x0, 0x5, 0xff, 0x7f, 0xf0, 0x3f,
    0xe4, 0xfd, 0x2, 0xfd, 0x3f, 0xc0, 0xf, 0xb1,
    0xfa, 0x0, 0xe9, 0xf, 0x80,

    /* U+0023 "#" */
    0x0, 0x5, 0xf9, 0xe, 0xf1, 0x0, 0x0, 0x8f,
    0x61, 0xfe, 0x0, 0x0, 0xb, 0xf3, 0x4f, 0xb0,
    0x0, 0xff, 0xff, 0xff, 0xff, 0xf2, 0xe, 0xef,
    0xfe, 0xff, 0xee, 0x20, 0x4, 0xfb, 0xc, 0xf2,
    0x0, 0x0, 0x6f, 0x80, 0xff, 0x0, 0x6, 0xff,
    0xff, 0xff, 0xff, 0xb0, 0x5e, 0xff, 0xef, 0xff,
    0xea, 0x0, 0xf, 0xf0, 0x8f, 0x70, 0x0, 0x2,
    0xfd, 0xa, 0xf4, 0x0, 0x0, 0x5f, 0xa0, 0xdf,
    0x10, 0x0,

    /* U+0024 "$" */
    0x0, 0x7, 0xc8, 0x0, 0x0, 0x1, 0xcf, 0xc1,
    0x0, 0x4, 0xff, 0xff, 0xf6, 0x1, 0xff, 0xff,
    0xff, 0xf4, 0x6f, 0xe3, 0x4, 0xed, 0x27, 0xfe,
    0x10, 0x2, 0x0, 0x3f, 0xff, 0xa5, 0x0, 0x0,
    0x7f, 0xff, 0xff, 0x60, 0x0, 0x28, 0xdf, 0xff,
    0x40, 0x11, 0x0, 0x3e, 0xf9, 0x4e, 0xb0, 0x0,
    0xcf, 0x99, 0xff, 0xec, 0xef, 0xf5, 0xc, 0xff,
    0xff, 0xfa, 0x0, 0x6, 0xdf, 0xd5, 0x0, 0x0,
    0xa, 0xfb, 0x0, 0x0,

    /* U+0025 "%" */
    0x9, 0xfe, 0x60, 0x0, 0xe, 0xf7, 0x7, 0xfd,
    0xef, 0x20, 0xa, 0xfc, 0x0, 0xbf, 0x4, 0xf7,
    0x5, 0xff, 0x20, 0xb, 0xf2, 0x6f, 0x61, 0xef,
    0x70, 0x0, 0x5f, 0xff, 0xe1, 0xaf, 0xc0, 0x0,
    0x0, 0x4a, 0x92, 0x5f, 0xf2, 0x0, 0x0, 0x0,
    0x0, 0x1e, 0xf6, 0x29, 0xa4, 0x0, 0x0, 0xb,
    0xfb, 0x1e, 0xff, 0xf5, 0x0, 0x6, 0xfe, 0x15,
    0xf7, 0x2f, 0xb0, 0x2, 0xff, 0x50, 0x6f, 0x40,
    0xec, 0x0, 0xcf, 0xa0, 0x2, 0xfe, 0xcf, 0x70,
    0x7f, 0xe1, 0x0, 0x5, 0xef, 0x90,

    /* U+0026 "&" */
    0x0, 0x2a, 0xfe, 0x91, 0x0, 0x0, 0x0, 0xdf,
    0xff, 0xfc, 0x0, 0x0, 0x5, 0xff, 0xbb, 0xff,
    0x50, 0x0, 0x6, 0xff, 0x20, 0xea, 0x30, 0x0,
    0x2, 0xff, 0xa0, 0x0, 0x0, 0x0, 0x2, 0xef,
    0xf8, 0x1, 0x10, 0x0, 0x1e, 0xff, 0xff, 0x59,
    0xfc, 0x0, 0x6f, 0xf9, 0xef, 0xff, 0xfc, 0x0,
    0x8f, 0xf0, 0x3f, 0xff, 0xf5, 0x0, 0x5f, 0xf9,
    0x5c, 0xff, 0xf1, 0x0, 0xd, 0xff, 0xff, 0xff,
    0xfc, 0x0, 0x1, 0x9e, 0xfd, 0x88, 0xff, 0xa0,

    /* U+0027 "'" */
    0x0, 0x7, 0xfe, 0x6f, 0xc4, 0xfa, 0x2f, 0x80,
    0xf7,

    /* U+0028 "(" */
    0x2, 0x88, 0x0, 0xbf, 0xa0, 0x1f, 0xf4, 0x6,
    0xff, 0x0, 0x9f, 0xb0, 0xc, 0xf9, 0x0, 0xdf,
    0x70, 0xe, 0xf7, 0x0, 0xdf, 0x80, 0xb, 0xfa,
    0x0, 0x8f, 0xd0, 0x3, 0xff, 0x20, 0xe, 0xf7,
    0x0, 0x7f, 0xe0,

    /* U+0029 ")" */
    0x48, 0x70, 0x2, 0xff, 0x30, 0xc, 0xf9, 0x0,
    0x7f, 0xe0, 0x3, 0xff, 0x20, 0xf, 0xf4, 0x0,
    0xff, 0x60, 0xe, 0xf6, 0x0, 0xff, 0x50, 0x2f,
    0xf3, 0x5, 0xff, 0x0, 0x9f, 0xc0, 0xe, 0xf6,
    0x6, 0xfe, 0x0,

    /* U+002A "*" */
    0x2, 0x9e, 0x20, 0x1f, 0xbc, 0xe6, 0x18, 0xff,
    0xb3, 0x3f, 0xee, 0xf8, 0x8, 0x8d, 0x72, 0x0,
    0x46, 0x0,

    /* U+002B "+" */
    0x0, 0x0, 0x0, 0x0, 0x0, 0x0, 0xaf, 0xe0,
    0x0, 0x0, 0xa, 0xfe, 0x0, 0x1, 0x88, 0xdf,
    0xf8, 0x82, 0x2f, 0xff, 0xff, 0xff, 0x52, 0xff,
    0xff, 0xff, 0xf5, 0x0, 0xa, 0xfe, 0x0, 0x0,
    0x0, 0xaf, 0xe0, 0x0, 0x0, 0xa, 0xfe, 0x0,
    0x0,

    /* U+002C "," */
    0x1f, 0xfb, 0x1f, 0xfb, 0x1f, 0xfb, 0x0, 0x9a,
    0x0, 0xe7, 0x1c, 0xe1, 0x9, 0x10,

    /* U+002D "-" */
    0x48, 0x88, 0x88, 0x38, 0xff, 0xff, 0xf7, 0x8f,
    0xff, 0xff, 0x70,

    /* U+002E "." */
    0x4f, 0xf9, 0x4f, 0xf9, 0x4f, 0xf9,

    /* U+002F "/" */
    0x0, 0x5, 0xff, 0x10, 0x0, 0xaf, 0xc0, 0x0,
    0xe, 0xf8, 0x0, 0x3, 0xff, 0x40, 0x0, 0x7f,
    0xf0, 0x0, 0xb, 0xfb, 0x0, 0x0, 0xff, 0x60,
    0x0, 0x4f, 0xf2, 0x0, 0x9, 0xfd, 0x0, 0x0,
    0xdf, 0x90, 0x0, 0x1f, 0xf5, 0x0, 0x6, 0xff,
    0x0, 0x0,

    /* U+0030 "0" */
    0x0, 0x4c, 0xfe, 0x91, 0x0, 0x4, 0xff, 0xff,
    0xfd, 0x0, 0xd, 0xff, 0xbd, 0xff, 0x60, 0x2f,
    0xfa, 0x1, 0xff, 0xb0, 0x4f, 0xf6, 0x0, 0xcf,
    0xe0, 0x6f, 0xf4, 0x0, 0xaf, 0xf0, 0x6f, 0xf4,
    0x0, 0xaf, 0xf0, 0x5f, 0xf6, 0x0, 0xcf, 0xe0,
    0x2f, 0xfa, 0x1, 0xff, 0xb0, 0xd, 0xff, 0xbe,
    0xff, 0x60, 0x4, 0xff, 0xff, 0xfd, 0x0, 0x0,
    0x4c, 0xfe, 0xa1, 0x0,

    /* U+0031 "1" */
    0x0, 0x6e, 0xfb, 0x3d, 0xff, 0xfb, 0x6f, 0xff,
    0xfb, 0x6f, 0x8e, 0xfb, 0x21, 0xd, 0xfb, 0x0,
    0xd, 0xfb, 0x0, 0xd, 0xfb, 0x0, 0xd, 0xfb,
    0x0, 0xd, 0xfb, 0x0, 0xd, 0xfb, 0x0, 0xd,
    0xfb, 0x0, 0xd, 0xfb,

    /* U+0032 "2" */
    0x0, 0x8d, 0xfd, 0x70, 0x0, 0xcf, 0xff, 0xff,
    0x80, 0x4f, 0xfc, 0x9f, 0xff, 0x0, 0x5c, 0x0,
    0x9f, 0xf2, 0x0, 0x0, 0xa, 0xff, 0x0, 0x0,
    0x4, 0xff, 0xb0, 0x0, 0x2, 0xef, 0xf2, 0x0,
    0x2, 0xef, 0xf4, 0x0, 0x1, 0xdf, 0xf5, 0x0,
    0x0, 0xcf, 0xfe, 0x99, 0x93, 0x7f, 0xff, 0xff,
    0xff, 0x67, 0xff, 0xff, 0xff, 0xf6,

    /* U+0033 "3" */
    0xf, 0xff, 0xff, 0xff, 0x0, 0xff, 0xff, 0xff,
    0xf0, 0x9, 0x99, 0xef, 0xfa, 0x0, 0x0, 0x7f,
    0xf8, 0x0, 0x0, 0x7f, 0xfc, 0x30, 0x0, 0x9,
    0xff, 0xff, 0x70, 0x0, 0xa, 0x9e, 0xff, 0x10,
    0x0, 0x0, 0x4f, 0xf6, 0x4, 0xc0, 0x3, 0xff,
    0x63, 0xff, 0xd9, 0xef, 0xf2, 0xb, 0xff, 0xff,
    0xf9, 0x0, 0x8, 0xdf, 0xd7, 0x0,

    /* U+0034 "4" */
    0x0, 0x1, 0xff, 0xfc, 0x0, 0x0, 0x8, 0xff,
    0xfc, 0x0, 0x0, 0xf, 0xff, 0xfc, 0x0, 0x0,
    0x7f, 0xfe, 0xfc, 0x0, 0x0, 0xef, 0xad, 0xfc,
    0x0, 0x6, 0xff, 0x3d, 0xfc, 0x0, 0xd, 0xfb,
    0xd, 0xfc, 0x0, 0x4f, 0xfc, 0xaf, 0xfe, 0xa1,
    0xaf, 0xff, 0xff, 0xff, 0xf1, 0xaf, 0xff, 0xff,
    0xff, 0xf1, 0x0, 0x0, 0xd, 0xfc, 0x0, 0x0,
    0x0, 0xd, 0xfc, 0x0,

    /* U+0035 "5" */
    0xe, 0xff, 0xff, 0xff, 0x0, 0xff, 0xff, 0xff,
    0xf0, 0xf, 0xfc, 0x88, 0x87, 0x1, 0xff, 0x70,
    0x0, 0x0, 0x3f, 0xfd, 0xfe, 0xa1, 0x4, 0xff,
    0xff, 0xff, 0xc0, 0x2d, 0xfc, 0x8d, 0xff, 0x40,
    0x5, 0x0, 0x3f, 0xf7, 0x2, 0xa0, 0x3, 0xff,
    0x63, 0xff, 0xc9, 0xef, 0xf3, 0xd, 0xff, 0xff,
    0xfa, 0x0, 0x19, 0xef, 0xd7, 0x0,

    /* U+0036 "6" */
    0x0, 0x5, 0xff, 0xb0, 0x0, 0x0, 0xdf, 0xf2,
    0x0, 0x0, 0x6f, 0xfa, 0x0, 0x0, 0xe, 0xff,
    0x10, 0x0, 0x7, 0xff, 0xff, 0xc4, 0x0, 0xef,
    0xff, 0xff, 0xf3, 0x4f, 0xfe, 0x8b, 0xff, 0xb6,
    0xff, 0x50, 0xd, 0xfe, 0x6f, 0xf5, 0x0, 0xdf,
    0xd2, 0xff, 0xe9, 0xcf, 0xf9, 0x8, 0xff, 0xff,
    0xfe, 0x10, 0x6, 0xdf, 0xe9, 0x10,

    /* U+0037 "7" */
    0xbf, 0xff, 0xff, 0xff, 0xa, 0xff, 0xff, 0xff,
    0xf0, 0x7b, 0xbb, 0xcf, 0xfb, 0x0, 0x0, 0x7,
    0xff, 0x40, 0x0, 0x0, 0xef, 0xd0, 0x0, 0x0,
    0x5f, 0xf7, 0x0, 0x0, 0xc, 0xff, 0x10, 0x0,
    0x3, 0xff, 0x90, 0x0, 0x0, 0xaf, 0xf3, 0x0,
    0x0, 0x1f, 0xfc, 0x0, 0x0, 0x8, 0xff, 0x50,
    0x0, 0x0, 0xef, 0xe0, 0x0, 0x0,

    /* U+0038 "8" */
    0x0, 0x6c, 0xfe, 0xb3, 0x0, 0x7, 0xff, 0xff,
    0xff, 0x30, 0xe, 0xff, 0x8b, 0xff, 0x90, 0xf,
    0xfb, 0x0, 0xff, 0xa0, 0x9, 0xff, 0x8a, 0xff,
    0x40, 0x0, 0xbf, 0xff, 0xf7, 0x0, 0x6, 0xff,
    0xff, 0xfe, 0x20, 0x2f, 0xf9, 0x2, 0xdf, 0xc0,
    0x5f, 0xf5, 0x0, 0xaf, 0xf0, 0x4f, 0xfe, 0x9a,
    0xff, 0xf0, 0xb, 0xff, 0xff, 0xff, 0x60, 0x0,
    0x7d, 0xff, 0xc5, 0x0,

    /* U+0039 "9" */
    0x0, 0x6d, 0xfe, 0x91, 0x0, 0x8f, 0xff, 0xff,
    0xe1, 0x2f, 0xfe, 0x9c, 0xff, 0x96, 0xff, 0x50,
    0xd, 0xfd, 0x6f, 0xf4, 0x0, 0xdf, 0xe3, 0xff,
    0xe8, 0xcf, 0xfb, 0xc, 0xff, 0xff, 0xff, 0x50,
    0x1a, 0xef, 0xff, 0xd0, 0x0, 0x0, 0xaf, 0xf5,
    0x0, 0x0, 0x2f, 0xfd, 0x0, 0x0, 0xb, 0xff,
    0x50, 0x0, 0x4, 0xff, 0xc0, 0x0,

    /* U+003A ":" */
    0x4f, 0xf9, 0x4f, 0xf9, 0x4f, 0xf9, 0x0, 0x0,
    0x0, 0x0, 0x0, 0x0, 0x4f, 0xf9, 0x4f, 0xf9,
    0x4f, 0xf9,

    /* U+003B ";" */
    0x1f, 0xfb, 0x1f, 0xfb, 0x1f, 0xfb, 0x0, 0x0,
    0x0, 0x0, 0x0, 0x0, 0x1f, 0xfb, 0x1f, 0xfb,
    0x1f, 0xfb, 0x0, 0x9a, 0x0, 0xe7, 0x1c, 0xe1,
    0x9, 0x10,

    /* U+003C "<" */
    0x0, 0x0, 0x0, 0x6, 0x40, 0x0, 0x0, 0x4d,
    0xf5, 0x0, 0x2, 0xbf, 0xff, 0x50, 0x18, 0xff,
    0xfe, 0x70, 0x1e, 0xff, 0xf7, 0x0, 0x2, 0xff,
    0xf5, 0x0, 0x0, 0xb, 0xff, 0xfb, 0x30, 0x0,
    0x4, 0xdf, 0xff, 0xb1, 0x0, 0x0, 0x7e, 0xff,
    0x50, 0x0, 0x0, 0x19, 0xf5, 0x0, 0x0, 0x0,
    0x2, 0x30,

    /* U+003D "=" */
    0x2f, 0xff, 0xff, 0xff, 0x52, 0xff, 0xff, 0xff,
    0xf5, 0x18, 0x88, 0x88, 0x88, 0x20, 0x0, 0x0,
    0x0, 0x0, 0x2f, 0xff, 0xff, 0xff, 0x52, 0xff,
    0xff, 0xff, 0xf5, 0x18, 0x88, 0x88, 0x88, 0x20,

    /* U+003E ">" */
    0x18, 0x10, 0x0, 0x0, 0x2, 0xfe, 0x60, 0x0,
    0x0, 0x1f, 0xff, 0xd4, 0x0, 0x0, 0x5d, 0xff,
    0xfb, 0x20, 0x0, 0x5, 0xdf, 0xff, 0x40, 0x0,
    0x2, 0xef, 0xf5, 0x0, 0x19, 0xff, 0xfd, 0x20,
    0x9f, 0xff, 0xe6, 0x0, 0x2f, 0xff, 0x91, 0x0,
    0x2, 0xfb, 0x20, 0x0, 0x0, 0x14, 0x0, 0x0,
    0x0, 0x0,

    /* U+003F "?" */
    0x2, 0xbe, 0xeb, 0x30, 0x2f, 0xff, 0xff, 0xf2,
    0xbf, 0xfa, 0xdf, 0xf7, 0x1c, 0x60, 0x2f, 0xf8,
    0x0, 0x0, 0xbf, 0xf4, 0x0, 0xb, 0xff, 0x60,
    0x0, 0x2f, 0xf7, 0x0, 0x0, 0x3f, 0xf2, 0x0,
    0x0, 0x1, 0x10, 0x0, 0x0, 0x6f, 0xf6, 0x0,
    0x0, 0x6f, 0xf6, 0x0, 0x0, 0x6f, 0xf6, 0x0,

    /* U+0040 "@" */
    0x0, 0x5, 0xbe, 0xfe, 0xa3, 0x0, 0x0, 0xa,
    0xff, 0xdb, 0xdf, 0xf8, 0x0, 0x9, 0xfc, 0x20,
    0x0, 0x3d, 0xf5, 0x2, 0xfd, 0x1a, 0xfd, 0x9f,
    0x6f, 0xd0, 0x7f, 0x67, 0xff, 0xff, 0xf3, 0xbf,
    0x19, 0xf2, 0xcf, 0x81, 0xdf, 0x39, 0xf2, 0x9f,
    0x2c, 0xf8, 0x1d, 0xf4, 0xbf, 0x7, 0xf6, 0x8f,
    0xff, 0xef, 0xef, 0xb0, 0x2f, 0xd1, 0xaf, 0xd2,
    0xaf, 0xb1, 0x0, 0x9f, 0xc2, 0x0, 0x2, 0x20,
    0x0, 0x0, 0xaf, 0xfd, 0xcd, 0xfa, 0x0, 0x0,
    0x0, 0x5b, 0xef, 0xda, 0x40, 0x0,

    /* U+0041 "A" */
    0x0, 0x0, 0xff, 0xf0, 0x0, 0x0, 0x0, 0x5f,
    0xff, 0x50, 0x0, 0x0, 0xb, 0xff, 0xfb, 0x0,
    0x0, 0x1, 0xff, 0xff, 0xf1, 0x0, 0x0, 0x6f,
    0xf7, 0xff, 0x60, 0x0, 0xb, 0xfe, 0xe, 0xfb,
    0x0, 0x1, 0xff, 0x90, 0x9f, 0xf1, 0x0, 0x7f,
    0xff, 0xff, 0xff, 0x60, 0xc, 0xff, 0xff, 0xff,
    0xfc, 0x2, 0xff, 0xca, 0xaa, 0xcf, 0xf2, 0x7f,
    0xf4, 0x0, 0x4, 0xff, 0x7d, 0xfe, 0x0, 0x0,
    0xe, 0xfd,

    /* U+0042 "B" */
    0x1f, 0xff, 0xff, 0xe9, 0x10, 0x1f, 0xff, 0xff,
    0xff, 0xc0, 0x1f, 0xfc, 0x88, 0xef, 0xf2, 0x1f,
    0xf8, 0x0, 0x6f, 0xf4, 0x1f, 0xf8, 0x0, 0xaf,
    0xf3, 0x1f, 0xff, 0xff, 0xff, 0xa0, 0x1f, 0xff,
    0xff, 0xff, 0x90, 0x1f, 0xfc, 0x88, 0xbf, 0xf9,
    0x1f, 0xf8, 0x0, 0xd, 0xfd, 0x1f, 0xfc, 0x88,
    0xbf, 0xfb, 0x1f, 0xff, 0xff, 0xff, 0xf5, 0x1f,
    0xff, 0xff, 0xfc, 0x50,

    /* U+0043 "C" */
    0x0, 0x6, 0xcf, 0xeb, 0x30, 0x0, 0xc, 0xff,
    0xff, 0xff, 0x50, 0x9, 0xff, 0xea, 0xbf, 0xfe,
    0x1, 0xff, 0xd1, 0x0, 0x5d, 0x30, 0x5f, 0xf6,
    0x0, 0x0, 0x0, 0x7, 0xff, 0x30, 0x0, 0x0,
    0x0, 0x7f, 0xf3, 0x0, 0x0, 0x0, 0x5, 0xff,
    0x60, 0x0, 0x0, 0x0, 0x1f, 0xfe, 0x10, 0x5,
    0xd3, 0x0, 0x9f, 0xff, 0xbb, 0xff, 0xe0, 0x0,
    0xbf, 0xff, 0xff, 0xf5, 0x0, 0x0, 0x6c, 0xfe,
    0xb3, 0x0,

    /* U+0044 "D" */
    0x1f, 0xff, 0xff, 0xd8, 0x10, 0x1, 0xff, 0xff,
    0xff, 0xfe, 0x30, 0x1f, 0xfc, 0x9a, 0xef, 0xfd,
    0x1, 0xff, 0x80, 0x0, 0xbf, 0xf5, 0x1f, 0xf8,
    0x0, 0x2, 0xff, 0x91, 0xff, 0x80, 0x0, 0xf,
    0xfa, 0x1f, 0xf8, 0x0, 0x0, 0xff, 0xa1, 0xff,
    0x80, 0x0, 0x3f, 0xf9, 0x1f, 0xf8, 0x0, 0xb,
    0xff, 0x41, 0xff, 0xc9, 0xae, 0xff, 0xd0, 0x1f,
    0xff, 0xff, 0xff, 0xe2, 0x1, 0xff, 0xff, 0xfd,
    0x81, 0x0,

    /* U+0045 "E" */
    0x1f, 0xff, 0xff, 0xff, 0x61, 0xff, 0xff, 0xff,
    0xf6, 0x1f, 0xfc, 0x88, 0x88, 0x31, 0xff, 0x80,
    0x0, 0x0, 0x1f, 0xf8, 0x0, 0x0, 0x1, 0xff,
    0xff, 0xff, 0xf2, 0x1f, 0xff, 0xff, 0xff, 0x21,
    0xff, 0xc8, 0x88, 0x81, 0x1f, 0xf8, 0x0, 0x0,
    0x1, 0xff, 0xc8, 0x88, 0x84, 0x1f, 0xff, 0xff,
    0xff, 0x91, 0xff, 0xff, 0xff, 0xf9,

    /* U+0046 "F" */
    0x1f, 0xff, 0xff, 0xff, 0x41, 0xff, 0xff, 0xff,
    0xf4, 0x1f, 0xfc, 0x99, 0x99, 0x21, 0xff, 0x80,
    0x0, 0x0, 0x1f, 0xf8, 0x0, 0x0, 0x1, 0xff,
    0xff, 0xff, 0xf0, 0x1f, 0xff, 0xff, 0xff, 0x1,
    0xff, 0xc9, 0x99, 0x90, 0x1f, 0xf8, 0x0, 0x0,
    0x1, 0xff, 0x80, 0x0, 0x0, 0x1f, 0xf8, 0x0,
    0x0, 0x1, 0xff, 0x80, 0x0, 0x0,

    /* U+0047 "G" */
    0x0, 0x6, 0xcf, 0xfc, 0x50, 0x0, 0xc, 0xff,
    0xff, 0xff, 0x70, 0x9, 0xff, 0xfb, 0xbf, 0xfc,
    0x1, 0xff, 0xe1, 0x0, 0x48, 0x0, 0x5f, 0xf6,
    0x0, 0x0, 0x0, 0x7, 0xff, 0x30, 0x2f, 0xff,
    0xf4, 0x7f, 0xf3, 0x2, 0xff, 0xff, 0x45, 0xff,
    0x60, 0x18, 0xaf, 0xf4, 0x1f, 0xfd, 0x10, 0x4,
    0xff, 0x40, 0x9f, 0xff, 0xbb, 0xff, 0xf3, 0x0,
    0xcf, 0xff, 0xff, 0xfa, 0x0, 0x0, 0x7d, 0xff,
    0xc5, 0x0,

    /* U+0048 "H" */
    0x1f, 0xf8, 0x0, 0x0, 0xff, 0x91, 0xff, 0x80,
    0x0, 0xf, 0xf9, 0x1f, 0xf8, 0x0, 0x0, 0xff,
    0x91, 0xff, 0x80, 0x0, 0xf, 0xf9, 0x1f, 0xfc,
    0x99, 0x9a, 0xff, 0x91, 0xff, 0xff, 0xff, 0xff,
    0xf9, 0x1f, 0xff, 0xff, 0xff, 0xff, 0x91, 0xff,
    0x80, 0x0, 0xf, 0xf9, 0x1f, 0xf8, 0x0, 0x0,
    0xff, 0x91, 0xff, 0x80, 0x0, 0xf, 0xf9, 0x1f,
    0xf8, 0x0, 0x0, 0xff, 0x91, 0xff, 0x80, 0x0,
    0xf, 0xf9,

    /* U+0049 "I" */
    0x1f, 0xf8, 0x1f, 0xf8, 0x1f, 0xf8, 0x1f, 0xf8,
    0x1f, 0xf8, 0x1f, 0xf8, 0x1f, 0xf8, 0x1f, 0xf8,
    0x1f, 0xf8, 0x1f, 0xf8, 0x1f, 0xf8, 0x1f, 0xf8,

    /* U+004A "J" */
    0x0, 0x0, 0x6f, 0xf3, 0x0, 0x0, 0x6f, 0xf3,
    0x0, 0x0, 0x6f, 0xf3, 0x0, 0x0, 0x6f, 0xf3,
    0x0, 0x0, 0x6f, 0xf3, 0x0, 0x0, 0x6f, 0xf3,
    0x0, 0x0, 0x6f, 0xf3, 0x0, 0x0, 0x6f, 0xf3,
    0x9, 0x40, 0x7f, 0xf2, 0xcf, 0xfa, 0xff, 0xf0,
    0x7f, 0xff, 0xff, 0x80, 0x6, 0xdf, 0xd7, 0x0,

    /* U+004B "K" */
    0x1f, 0xf8, 0x0, 0xd, 0xff, 0x51, 0xff, 0x80,
    0xb, 0xff, 0x70, 0x1f, 0xf8, 0x8, 0xff, 0x90,
    0x1, 0xff, 0x86, 0xff, 0xa0, 0x0, 0x1f, 0xfb,
    0xff, 0xd0, 0x0, 0x1, 0xff, 0xff, 0xff, 0x20,
    0x0, 0x1f, 0xff, 0xff, 0xfc, 0x0, 0x1, 0xff,
    0xf3, 0xdf, 0xf5, 0x0, 0x1f, 0xf8, 0x4, 0xff,
    0xe0, 0x1, 0xff, 0x80, 0xb, 0xff, 0x80, 0x1f,
    0xf8, 0x0, 0x2f, 0xff, 0x21, 0xff, 0x80, 0x0,
    0x9f, 0xfa,

    /* U+004C "L" */
    0x1f, 0xf8, 0x0, 0x0, 0x1, 0xff, 0x80, 0x0,
    0x0, 0x1f, 0xf8, 0x0, 0x0, 0x1, 0xff, 0x80,
    0x0, 0x0, 0x1f, 0xf8, 0x0, 0x0, 0x1, 0xff,
    0x80, 0x0, 0x0, 0x1f, 0xf8, 0x0, 0x0, 0x1,
    0xff, 0x80, 0x0, 0x0, 0x1f, 0xf8, 0x0, 0x0,
    0x1, 0xff, 0xc8, 0x88, 0x84, 0x1f, 0xff, 0xff,
    0xff, 0x91, 0xff, 0xff, 0xff, 0xf9,

    /* U+004D "M" */
    0x1f, 0xf8, 0x0, 0x0, 0x0, 0xdf, 0xb1, 0xff,
    0xf2, 0x0, 0x0, 0x7f, 0xfb, 0x1f, 0xff, 0xb0,
    0x0, 0x2f, 0xff, 0xb1, 0xff, 0xff, 0x40, 0xb,
    0xff, 0xfb, 0x1f, 0xff, 0xfd, 0x4, 0xff, 0xff,
    0xb1, 0xff, 0xbf, 0xf8, 0xdf, 0xdd, 0xfb, 0x1f,
    0xf6, 0xaf, 0xff, 0xf4, 0xdf, 0xb1, 0xff, 0x61,
    0xff, 0xfa, 0xd, 0xfb, 0x1f, 0xf6, 0x7, 0xfe,
    0x10, 0xdf, 0xb1, 0xff, 0x60, 0x0, 0x0, 0xd,
    0xfb, 0x1f, 0xf6, 0x0, 0x0, 0x0, 0xdf, 0xb1,
    0xff, 0x60, 0x0, 0x0, 0xd, 0xfb,

    /* U+004E "N" */
    0x1f, 0xf7, 0x0, 0x4, 0xff, 0x31, 0xff, 0xf2,
    0x0, 0x4f, 0xf3, 0x1f, 0xff, 0xc0, 0x4, 0xff,
    0x31, 0xff, 0xff, 0x60, 0x4f, 0xf3, 0x1f, 0xff,
    0xff, 0x14, 0xff, 0x31, 0xff, 0xaf, 0xfb, 0x4f,
    0xf3, 0x1f, 0xf6, 0x9f, 0xfa, 0xff, 0x31, 0xff,
    0x60, 0xdf, 0xff, 0xf3, 0x1f, 0xf6, 0x4, 0xff,
    0xff, 0x31, 0xff, 0x60, 0x9, 0xff, 0xf3, 0x1f,
    0xf6, 0x0, 0xd, 0xff, 0x31, 0xff, 0x60, 0x0,
    0x3f, 0xf3,

    /* U+004F "O" */
    0x0, 0x8, 0xdf, 0xeb, 0x30, 0x0, 0x1d, 0xff,
    0xff, 0xff, 0x60, 0xa, 0xff, 0xea, 0xcf, 0xff,
    0x21, 0xff, 0xd1, 0x0, 0x7f, 0xf8, 0x5f, 0xf6,
    0x0, 0x0, 0xef, 0xd7, 0xff, 0x30, 0x0, 0xb,
    0xfe, 0x7f, 0xf3, 0x0, 0x0, 0xcf, 0xe5, 0xff,
    0x60, 0x0, 0xe, 0xfd, 0x1f, 0xfd, 0x10, 0x7,
    0xff, 0x80, 0xaf, 0xfe, 0xac, 0xff, 0xf2, 0x1,
    0xdf, 0xff, 0xff, 0xf6, 0x0, 0x0, 0x8d, 0xfe,
    0xb3, 0x0,

    /* U+0050 "P" */
    0x1f, 0xff, 0xff, 0xd8, 0x0, 0x1f, 0xff, 0xff,
    0xff, 0xb0, 0x1f, 0xfc, 0x89, 0xff, 0xf3, 0x1f,
    0xf8, 0x0, 0x5f, 0xf7, 0x1f, 0xf8, 0x0, 0x2f,
    0xf8, 0x1f, 0xf8, 0x1, 0xaf, 0xf6, 0x1f, 0xff,
    0xff, 0xff, 0xf1, 0x1f, 0xff, 0xff, 0xff, 0x50,
    0x1f, 0xfc, 0x88, 0x61, 0x0, 0x1f, 0xf8, 0x0,
    0x0, 0x0, 0x1f, 0xf8, 0x0, 0x0, 0x0, 0x1f,
    0xf8, 0x0, 0x0, 0x0,

    /* U+0051 "Q" */
    0x0, 0x8, 0xdf, 0xeb, 0x30, 0x0, 0x1, 0xdf,
    0xff, 0xff, 0xf6, 0x0, 0xa, 0xff, 0xea, 0xcf,
    0xff, 0x20, 0x1f, 0xfd, 0x10, 0x7, 0xff, 0x90,
    0x5f, 0xf6, 0x0, 0x0, 0xef, 0xd0, 0x7f, 0xf3,
    0x0, 0x0, 0xbf, 0xe0, 0x7f, 0xf3, 0x0, 0x0,
    0xcf, 0xe0, 0x5f, 0xf6, 0x0, 0x0, 0xef, 0xd0,
    0x1f, 0xfd, 0x10, 0x7, 0xff, 0x90, 0xa, 0xff,
    0xea, 0xcf, 0xff, 0x20, 0x1, 0xdf, 0xff, 0xff,
    0xff, 0x20, 0x0, 0x8, 0xdf, 0xed, 0xff, 0xc0,
    0x0, 0x0, 0x0, 0x0, 0xbe, 0x30, 0x0, 0x0,
    0x0, 0x0, 0x2, 0x0,

    /* U+0052 "R" */
    0x1f, 0xff, 0xff, 0xd7, 0x0, 0x1f, 0xff, 0xff,
    0xff, 0xa0, 0x1f, 0xfc, 0x89, 0xff, 0xf2, 0x1f,
    0xf8, 0x0, 0x6f, 0xf5, 0x1f, 0xf8, 0x0, 0x6f,
    0xf5, 0x1f, 0xfc, 0x89, 0xff, 0xf2, 0x1f, 0xff,
    0xff, 0xff, 0xa0, 0x1f, 0xff, 0xff, 0xfc, 0x0,
    0x1f, 0xf8, 0xc, 0xff, 0x20, 0x1f, 0xf8, 0x4,
    0xff, 0xa0, 0x1f, 0xf8, 0x0, 0xcf, 0xf2, 0x1f,
    0xf8, 0x0, 0x4f, 0xfb,

    /* U+0053 "S" */
    0x0, 0x6c, 0xfe, 0xb3, 0x0, 0x9, 0xff, 0xff,
    0xff, 0x40, 0x2f, 0xfe, 0x9a, 0xff, 0xd0, 0x5f,
    0xf6, 0x0, 0x4a, 0x10, 0x3f, 0xfd, 0x61, 0x0,
    0x0, 0xa, 0xff, 0xff, 0xc5, 0x0, 0x0, 0x6c,
    0xff, 0xff, 0x70, 0x0, 0x0, 0x17, 0xff, 0xf0,
    0x9, 0xb0, 0x0, 0x9f, 0xf1, 0x7f, 0xfd, 0x9a,
    0xff, 0xe0, 0xc, 0xff, 0xff, 0xff, 0x50, 0x0,
    0x7d, 0xfe, 0xb4, 0x0,

    /* U+0054 "T" */
    0xaf, 0xff, 0xff, 0xff, 0xf0, 0xaf, 0xff, 0xff,
    0xff, 0xf0, 0x69, 0x9d, 0xff, 0x99, 0x90, 0x0,
    0x9, 0xff, 0x0, 0x0, 0x0, 0x9, 0xff, 0x0,
    0x0, 0x0, 0x9, 0xff, 0x0, 0x0, 0x0, 0x9,
    0xff, 0x0, 0x0, 0x0, 0x9, 0xff, 0x0, 0x0,
    0x0, 0x9, 0xff, 0x0, 0x0, 0x0, 0x9, 0xff,
    0x0, 0x0, 0x0, 0x9, 0xff, 0x0, 0x0, 0x0,
    0x9, 0xff, 0x0, 0x0,

    /* U+0055 "U" */
    0x1f, 0xf8, 0x0, 0x9, 0xff, 0x1, 0xff, 0x80,
    0x0, 0x9f, 0xf0, 0x1f, 0xf8, 0x0, 0x9, 0xff,
    0x1, 0xff, 0x80, 0x0, 0x9f, 0xf0, 0x1f, 0xf8,
    0x0, 0x9, 0xff, 0x1, 0xff, 0x80, 0x0, 0x9f,
    0xf0, 0x1f, 0xf8, 0x0, 0x9, 0xff, 0x1, 0xff,
    0x80, 0x0, 0xaf, 0xf0, 0xf, 0xfd, 0x0, 0xe,
    0xfe, 0x0, 0xaf, 0xfd, 0xae, 0xff, 0x90, 0x2,
    0xef, 0xff, 0xff, 0xe1, 0x0, 0x2, 0xae, 0xfe,
    0x91, 0x0,

    /* U+0056 "V" */
    0xdf, 0xe0, 0x0, 0x0, 0xef, 0xe0, 0x7f, 0xf4,
    0x0, 0x3, 0xff, 0x90, 0x2f, 0xf9, 0x0, 0x8,
    0xff, 0x30, 0xc, 0xfe, 0x0, 0xd, 0xfd, 0x0,
    0x6, 0xff, 0x40, 0x3f, 0xf8, 0x0, 0x1, 0xff,
    0x90, 0x8f, 0xf2, 0x0, 0x0, 0xbf, 0xe0, 0xdf,
    0xc0, 0x0, 0x0, 0x5f, 0xf7, 0xff, 0x70, 0x0,
    0x0, 0xf, 0xff, 0xff, 0x10, 0x0, 0x0, 0xa,
    0xff, 0xfc, 0x0, 0x0, 0x0, 0x5, 0xff, 0xf6,
    0x0, 0x0, 0x0, 0x0, 0xef, 0xf1, 0x0, 0x0,

    /* U+0057 "W" */
    0xcf, 0xe0, 0x0, 0x6f, 0xfa, 0x0, 0x9, 0xff,
    0x28, 0xff, 0x20, 0xa, 0xff, 0xe0, 0x0, 0xcf,
    0xe0, 0x4f, 0xf6, 0x0, 0xef, 0xff, 0x30, 0xf,
    0xf9, 0x0, 0xff, 0x90, 0x2f, 0xff, 0xf7, 0x3,
    0xff, 0x50, 0xc, 0xfd, 0x7, 0xff, 0xcf, 0xc0,
    0x7f, 0xf1, 0x0, 0x8f, 0xf0, 0xbf, 0xa6, 0xff,
    0xa, 0xfd, 0x0, 0x4, 0xff, 0x4f, 0xf5, 0x2f,
    0xf4, 0xef, 0x90, 0x0, 0x1f, 0xfb, 0xff, 0x10,
    0xdf, 0xbf, 0xf5, 0x0, 0x0, 0xdf, 0xff, 0xc0,
    0x8, 0xff, 0xff, 0x10, 0x0, 0x9, 0xff, 0xf7,
    0x0, 0x3f, 0xff, 0xd0, 0x0, 0x0, 0x5f, 0xff,
    0x20, 0x0, 0xef, 0xf9, 0x0, 0x0, 0x1, 0xff,
    0xd0, 0x0, 0x9, 0xff, 0x50, 0x0,

    /* U+0058 "X" */
    0x3f, 0xfe, 0x0, 0x7, 0xff, 0xa0, 0x9, 0xff,
    0x80, 0x1f, 0xfe, 0x10, 0x0, 0xdf, 0xf2, 0xaf,
    0xf5, 0x0, 0x0, 0x4f, 0xfd, 0xff, 0xb0, 0x0,
    0x0, 0x9, 0xff, 0xfe, 0x10, 0x0, 0x0, 0x0,
    0xef, 0xf6, 0x0, 0x0, 0x0, 0x4, 0xff, 0xfa,
    0x0, 0x0, 0x0, 0xe, 0xff, 0xff, 0x50, 0x0,
    0x0, 0x8f, 0xf8, 0xff, 0xe1, 0x0, 0x3, 0xff,
    0xd0, 0x7f, 0xf9, 0x0, 0xc, 0xff, 0x40, 0xd,
    0xff, 0x40, 0x7f, 0xfb, 0x0, 0x4, 0xff, 0xd0,

    /* U+0059 "Y" */
    0xbf, 0xf6, 0x0, 0x8, 0xff, 0x92, 0xff, 0xd0,
    0x0, 0xff, 0xf1, 0xa, 0xff, 0x40, 0x7f, 0xf7,
    0x0, 0x1f, 0xfb, 0xe, 0xfe, 0x0, 0x0, 0x8f,
    0xf8, 0xff, 0x50, 0x0, 0x0, 0xef, 0xff, 0xc0,
    0x0, 0x0, 0x6, 0xff, 0xf4, 0x0, 0x0, 0x0,
    0xe, 0xfc, 0x0, 0x0, 0x0, 0x0, 0xef, 0xb0,
    0x0, 0x0, 0x0, 0xe, 0xfb, 0x0, 0x0, 0x0,
    0x0, 0xef, 0xb0, 0x0, 0x0, 0x0, 0xe, 0xfb,
    0x0, 0x0,

    /* U+005A "Z" */
    0x6f, 0xff, 0xff, 0xff, 0xf1, 0x6f, 0xff, 0xff,
    0xff, 0xf1, 0x39, 0x99, 0x9d, 0xff, 0xd0, 0x0,
    0x0, 0x1f, 0xff, 0x20, 0x0, 0x0, 0xcf, 0xf6,
    0x0, 0x0, 0x7, 0xff, 0xb0, 0x0, 0x0, 0x3f,
    0xfe, 0x10, 0x0, 0x0, 0xdf, 0xf5, 0x0, 0x0,
    0x9, 0xff, 0x90, 0x0, 0x0, 0x4f, 0xff, 0xa9,
    0x99, 0x93, 0x8f, 0xff, 0xff, 0xff, 0xf5, 0x8f,
    0xff, 0xff, 0xff, 0xf5,

    /* U+005B "[" */
    0x24, 0x44, 0x1a, 0xff, 0xf4, 0xaf, 0xff, 0x4a,
    0xfb, 0x0, 0xaf, 0xb0, 0xa, 0xfb, 0x0, 0xaf,
    0xb0, 0xa, 0xfb, 0x0, 0xaf, 0xb0, 0xa, 0xfb,
    0x0, 0xaf, 0xb0, 0xa, 0xfc, 0x41, 0xaf, 0xff,
    0x4a, 0xff, 0xf4,

    /* U+005C "\\" */
    0xcf, 0x90, 0x0, 0x8f, 0xe0, 0x0, 0x4f, 0xf2,
    0x0, 0xf, 0xf7, 0x0, 0xb, 0xfb, 0x0, 0x6,
    0xff, 0x0, 0x2, 0xff, 0x40, 0x0, 0xef, 0x80,
    0x0, 0x9f, 0xd0, 0x0, 0x5f, 0xf1, 0x0, 0x1f,
    0xf6, 0x0, 0xc, 0xfa,

    /* U+005D "]" */
    0x34, 0x44, 0xe, 0xff, 0xf0, 0xef, 0xff, 0x0,
    0x5f, 0xf0, 0x5, 0xff, 0x0, 0x5f, 0xf0, 0x5,
    0xff, 0x0, 0x5f, 0xf0, 0x5, 0xff, 0x0, 0x5f,
    0xf0, 0x5, 0xff, 0x3, 0x7f, 0xf0, 0xef, 0xff,
    0xe, 0xff, 0xf0,

    /* U+005E "^" */
    0x0, 0x56, 0x50, 0x0, 0x2f, 0xff, 0x30, 0xa,
    0xfd, 0xfa, 0x1, 0xff, 0x1e, 0xf2, 0x8f, 0x80,
    0x8f, 0x90,

    /* U+005F "_" */
    0x66, 0x66, 0x66, 0x4f, 0xff, 0xff, 0xfb, 0xff,
    0xff, 0xff, 0xb0,

    /* U+0060 "`" */
    0x2, 0x30, 0x2, 0xed, 0x0, 0x4f, 0xf8, 0x0,
    0x4f, 0xd0, 0x0, 0x31, 0x0,

    /* U+0061 "a" */
    0x1, 0xae, 0xfc, 0x30, 0x1d, 0xff, 0xff, 0xf3,
    0x5, 0x95, 0x5e, 0xf9, 0x2, 0xae, 0xff, 0xfb,
    0x1e, 0xff, 0xff, 0xfc, 0x7f, 0xf8, 0x3d, 0xfc,
    0x9f, 0xf2, 0x2f, 0xfc, 0x5f, 0xff, 0xff, 0xfc,
    0x8, 0xee, 0x9c, 0xfc,

    /* U+0062 "b" */
    0x3f, 0xf4, 0x0, 0x0, 0x3, 0xff, 0x40, 0x0,
    0x0, 0x3f, 0xf4, 0x0, 0x0, 0x3, 0xff, 0x5b,
    0xfd, 0x40, 0x3f, 0xff, 0xff, 0xff, 0x23, 0xff,
    0xf9, 0xcf, 0xf9, 0x3f, 0xf7, 0x0, 0xdf, 0xd3,
    0xff, 0x40, 0xb, 0xfe, 0x3f, 0xf7, 0x0, 0xef,
    0xd3, 0xff, 0xf9, 0xcf, 0xf9, 0x3f, 0xff, 0xff,
    0xff, 0x23, 0xff, 0x5b, 0xfd, 0x40,

    /* U+0063 "c" */
    0x0, 0x7d, 0xfd, 0x70, 0x0, 0x9f, 0xff, 0xff,
    0x80, 0x2f, 0xfe, 0x9d, 0xfa, 0x7, 0xff, 0x30,
    0x14, 0x0, 0x8f, 0xf0, 0x0, 0x0, 0x7, 0xff,
    0x30, 0x14, 0x0, 0x2f, 0xfe, 0x9e, 0xfa, 0x0,
    0x9f, 0xff, 0xff, 0x90, 0x0, 0x7d, 0xfd, 0x70,
    0x0,

    /* U+0064 "d" */
    0x0, 0x0, 0x0, 0xff, 0x90, 0x0, 0x0, 0xf,
    0xf9, 0x0, 0x0, 0x0, 0xff, 0x90, 0x1a, 0xfd,
    0x4f, 0xf9, 0xc, 0xff, 0xff, 0xff, 0x94, 0xff,
    0xe9, 0xdf, 0xf9, 0x7f, 0xf4, 0x2, 0xff, 0x98,
    0xff, 0x0, 0xe, 0xf9, 0x7f, 0xf2, 0x0, 0xff,
    0x93, 0xff, 0xc5, 0xbf, 0xf9, 0xc, 0xff, 0xff,
    0xff, 0x90, 0x1a, 0xfe, 0x5f, 0xf9,

    /* U+0065 "e" */
    0x0, 0x7d, 0xfd, 0x80, 0x0, 0x9f, 0xff, 0xff,
    0xa0, 0x2f, 0xf9, 0x38, 0xff, 0x26, 0xff, 0xff,
    0xff, 0xf5, 0x8f, 0xff, 0xff, 0xff, 0x47, 0xff,
    0x41, 0x15, 0x10, 0x2f, 0xfc, 0x5a, 0xf7, 0x0,
    0x9f, 0xff, 0xff, 0xa0, 0x0, 0x7d, 0xfe, 0x80,
    0x0,

    /* U+0066 "f" */
    0x0, 0x7e, 0xfb, 0x5, 0xff, 0xfd, 0xa, 0xff,
    0x77, 0x5d, 0xfe, 0x65, 0xdf, 0xff, 0xfd, 0xdf,
    0xff, 0xfd, 0xb, 0xfd, 0x0, 0xb, 0xfd, 0x0,
    0xb, 0xfd, 0x0, 0xb, 0xfd, 0x0, 0xb, 0xfd,
    0x0, 0xb, 0xfd, 0x0,

    /* U+0067 "g" */
    0x1, 0xbf, 0xd4, 0xff, 0x80, 0xdf, 0xff, 0xff,
    0xf8, 0x4f, 0xfe, 0x9d, 0xff, 0x88, 0xff, 0x30,
    0x2f, 0xf8, 0x8f, 0xf0, 0x0, 0xff, 0x87, 0xff,
    0x30, 0x2f, 0xf8, 0x3f, 0xfe, 0x9d, 0xff, 0x80,
    0xcf, 0xff, 0xff, 0xf8, 0x1, 0xaf, 0xe4, 0xff,
    0x80, 0x6, 0x0, 0x1f, 0xf6, 0xc, 0xf9, 0x5b,
    0xff, 0x20, 0xdf, 0xff, 0xff, 0xa0, 0x1, 0x9e,
    0xfd, 0x70, 0x0,

    /* U+0068 "h" */
    0x3f, 0xf4, 0x0, 0x0, 0x3, 0xff, 0x40, 0x0,
    0x0, 0x3f, 0xf4, 0x0, 0x0, 0x3, 0xff, 0x5b,
    0xfd, 0x40, 0x3f, 0xfe, 0xff, 0xfe, 0x3, 0xff,
    0xfa, 0xef, 0xf3, 0x3f, 0xf6, 0x4, 0xff, 0x53,
    0xff, 0x40, 0x3f, 0xf5, 0x3f, 0xf4, 0x3, 0xff,
    0x53, 0xff, 0x40, 0x3f, 0xf5, 0x3f, 0xf4, 0x3,
    0xff, 0x53, 0xff, 0x40, 0x3f, 0xf5,

    /* U+0069 "i" */
    0x4, 0x60, 0x2f, 0xf8, 0x3f, 0xf8, 0x7, 0x91,
    0x7, 0x73, 0x1f, 0xf7, 0x1f, 0xf7, 0x1f, 0xf7,
    0x1f, 0xf7, 0x1f, 0xf7, 0x1f, 0xf7, 0x1f, 0xf7,
    0x1f, 0xf7,

    /* U+006A "j" */
    0x0, 0x4, 0x60, 0x0, 0x2f, 0xf9, 0x0, 0x2f,
    0xf9, 0x0, 0x6, 0x91, 0x0, 0x6, 0x63, 0x0,
    0xf, 0xf8, 0x0, 0xf, 0xf8, 0x0, 0xf, 0xf8,
    0x0, 0xf, 0xf8, 0x0, 0xf, 0xf8, 0x0, 0xf,
    0xf8, 0x0, 0xf, 0xf8, 0x0, 0xf, 0xf8, 0x0,
    0x1f, 0xf7, 0xb, 0xcf, 0xf6, 0xf, 0xff, 0xf2,
    0xd, 0xfd, 0x50,

    /* U+006B "k" */
    0x3f, 0xf4, 0x0, 0x0, 0x0, 0x3f, 0xf4, 0x0,
    0x0, 0x0, 0x3f, 0xf4, 0x0, 0x0, 0x0, 0x3f,
    0xf4, 0x6, 0xff, 0x80, 0x3f, 0xf4, 0x3f, 0xfa,
    0x0, 0x3f, 0xf6, 0xef, 0xb0, 0x0, 0x3f, 0xff,
    0xff, 0x30, 0x0, 0x3f, 0xff, 0xff, 0xa0, 0x0,
    0x3f, 0xff, 0xdf, 0xf3, 0x0, 0x3f, 0xf5, 0x3f,
    0xfc, 0x0, 0x3f, 0xf4, 0xb, 0xff, 0x50, 0x3f,
    0xf4, 0x3, 0xff, 0xe0,

    /* U+006C "l" */
    0x3f, 0xf4, 0x3, 0xff, 0x40, 0x3f, 0xf4, 0x3,
    0xff, 0x40, 0x3f, 0xf4, 0x3, 0xff, 0x40, 0x3f,
    0xf4, 0x3, 0xff, 0x40, 0x3f, 0xf4, 0x3, 0xff,
    0xb1, 0x1f, 0xff, 0x30, 0x7e, 0xf3,

    /* U+006D "m" */
    0x4f, 0xf6, 0xbf, 0xd2, 0x8e, 0xe9, 0x4, 0xff,
    0xff, 0xff, 0xff, 0xff, 0xf6, 0x4f, 0xfc, 0x5e,
    0xff, 0xa6, 0xff, 0xa4, 0xff, 0x50, 0x8f, 0xf1,
    0xc, 0xfb, 0x4f, 0xf4, 0x8, 0xff, 0x0, 0xcf,
    0xb4, 0xff, 0x40, 0x8f, 0xf0, 0xc, 0xfb, 0x4f,
    0xf4, 0x8, 0xff, 0x0, 0xcf, 0xb4, 0xff, 0x40,
    0x8f, 0xf0, 0xc, 0xfb, 0x4f, 0xf4, 0x8, 0xff,
    0x0, 0xcf, 0xb0,

    /* U+006E "n" */
    0x4f, 0xf6, 0xbf, 0xd3, 0x4, 0xff, 0xff, 0xff,
    0xe0, 0x4f, 0xfd, 0x6c, 0xff, 0x34, 0xff, 0x50,
    0x4f, 0xf4, 0x4f, 0xf4, 0x3, 0xff, 0x44, 0xff,
    0x40, 0x3f, 0xf4, 0x4f, 0xf4, 0x3, 0xff, 0x44,
    0xff, 0x40, 0x3f, 0xf4, 0x4f, 0xf4, 0x3, 0xff,
    0x40,

    /* U+006F "o" */
    0x0, 0x7d, 0xfe, 0x80, 0x0, 0xaf, 0xff, 0xff,
    0xb0, 0x2f, 0xfe, 0x9d, 0xff, 0x47, 0xff, 0x30,
    0x1f, 0xf9, 0x8f, 0xf1, 0x0, 0xef, 0xa7, 0xff,
    0x30, 0x1f, 0xf9, 0x3f, 0xfe, 0x9d, 0xff, 0x50,
    0xaf, 0xff, 0xff, 0xc0, 0x0, 0x7d, 0xfe, 0x80,
    0x0,

    /* U+0070 "p" */
    0x4f, 0xf6, 0xcf, 0xd4, 0x4, 0xff, 0xff, 0xff,
    0xf2, 0x4f, 0xfe, 0x69, 0xff, 0x94, 0xff, 0x60,
    0xd, 0xfc, 0x4f, 0xf3, 0x0, 0xbf, 0xd4, 0xff,
    0x70, 0xe, 0xfc, 0x4f, 0xff, 0x9c, 0xff, 0x84,
    0xff, 0xff, 0xff, 0xf2, 0x4f, 0xf5, 0xbf, 0xd4,
    0x4, 0xff, 0x40, 0x0, 0x0, 0x4f, 0xf4, 0x0,
    0x0, 0x4, 0xff, 0x40, 0x0, 0x0, 0x4f, 0xf4,
    0x0, 0x0, 0x0,

    /* U+0071 "q" */
    0x1, 0xaf, 0xd4, 0xff, 0x90, 0xcf, 0xff, 0xff,
    0xf9, 0x4f, 0xfe, 0x9d, 0xff, 0x97, 0xff, 0x30,
    0x1f, 0xf9, 0x8f, 0xf0, 0x0, 0xef, 0x97, 0xff,
    0x30, 0x1f, 0xf9, 0x3f, 0xfe, 0x9d, 0xff, 0x90,
    0xcf, 0xff, 0xff, 0xf9, 0x1, 0xaf, 0xe4, 0xff,
    0x90, 0x0, 0x0, 0xf, 0xf9, 0x0, 0x0, 0x0,
    0xff, 0x90, 0x0, 0x0, 0xf, 0xf9, 0x0, 0x0,
    0x0, 0xff, 0x90,

    /* U+0072 "r" */
    0x4f, 0xf4, 0x8e, 0x84, 0xff, 0xcf, 0xf8, 0x4f,
    0xff, 0xb7, 0x34, 0xff, 0x90, 0x0, 0x4f, 0xf5,
    0x0, 0x4, 0xff, 0x40, 0x0, 0x4f, 0xf4, 0x0,
    0x4, 0xff, 0x40, 0x0, 0x4f, 0xf4, 0x0, 0x0,

    /* U+0073 "s" */
    0x4, 0xcf, 0xea, 0x10, 0x3f, 0xff, 0xff, 0xe0,
    0x7f, 0xf6, 0x5e, 0x70, 0x4f, 0xfb, 0x61, 0x0,
    0x7, 0xff, 0xff, 0x80, 0x1, 0x25, 0xbf, 0xf5,
    0x5e, 0xc4, 0x6f, 0xf7, 0x5f, 0xff, 0xff, 0xf2,
    0x4, 0xcf, 0xfb, 0x30,

    /* U+0074 "t" */
    0x9, 0xff, 0x0, 0x0, 0x9f, 0xf0, 0x0, 0xdf,
    0xff, 0xff, 0x2d, 0xff, 0xff, 0xf2, 0x5b, 0xff,
    0x66, 0x0, 0x9f, 0xf0, 0x0, 0x9, 0xff, 0x0,
    0x0, 0x8f, 0xf0, 0x0, 0x7, 0xff, 0xcb, 0x0,
    0x2f, 0xff, 0xf0, 0x0, 0x5d, 0xfc, 0x0,

    /* U+0075 "u" */
    0x4f, 0xf4, 0x3, 0xff, 0x44, 0xff, 0x40, 0x3f,
    0xf4, 0x4f, 0xf4, 0x3, 0xff, 0x44, 0xff, 0x40,
    0x3f, 0xf4, 0x4f, 0xf4, 0x3, 0xff, 0x43, 0xff,
    0x50, 0x4f, 0xf4, 0x2f, 0xfc, 0x5c, 0xff, 0x40,
    0xdf, 0xff, 0xff, 0xf4, 0x3, 0xcf, 0xc6, 0xff,
    0x40,

    /* U+0076 "v" */
    0x1f, 0xfa, 0x0, 0x1f, 0xf9, 0xb, 0xfe, 0x0,
    0x6f, 0xf3, 0x6, 0xff, 0x30, 0xbf, 0xe0, 0x0,
    0xff, 0x80, 0xff, 0x80, 0x0, 0xaf, 0xd4, 0xff,
    0x20, 0x0, 0x5f, 0xfa, 0xfc, 0x0, 0x0, 0xe,
    0xff, 0xf6, 0x0, 0x0, 0x9, 0xff, 0xf1, 0x0,
    0x0, 0x3, 0xff, 0xb0, 0x0,

    /* U+0077 "w" */
    0x1f, 0xf9, 0x0, 0xff, 0xd0, 0xc, 0xfe, 0x0,
    0xcf, 0xd0, 0x3f, 0xff, 0x0, 0xff, 0x90, 0x7,
    0xff, 0x6, 0xff, 0xf4, 0x3f, 0xf4, 0x0, 0x3f,
    0xf4, 0xaf, 0xdf, 0x76, 0xff, 0x0, 0x0, 0xef,
    0x7e, 0xf5, 0xfb, 0xaf, 0xb0, 0x0, 0x9, 0xfc,
    0xfd, 0xf, 0xed, 0xf6, 0x0, 0x0, 0x5f, 0xff,
    0x90, 0xcf, 0xff, 0x20, 0x0, 0x0, 0xff, 0xf5,
    0x8, 0xff, 0xd0, 0x0, 0x0, 0xb, 0xff, 0x10,
    0x4f, 0xf9, 0x0, 0x0,

    /* U+0078 "x" */
    0xb, 0xff, 0x30, 0xaf, 0xf4, 0x1, 0xef, 0xc3,
    0xff, 0x90, 0x0, 0x5f, 0xfe, 0xfe, 0x0, 0x0,
    0xb, 0xff, 0xf4, 0x0, 0x0, 0x4, 0xff, 0xd0,
    0x0, 0x0, 0xd, 0xff, 0xf6, 0x0, 0x0, 0x8f,
    0xfd, 0xff, 0x20, 0x4, 0xff, 0xa2, 0xff, 0xc0,
    0xe, 0xff, 0x10, 0x8f, 0xf7,

    /* U+0079 "y" */
    0x1f, 0xfa, 0x0, 0xe, 0xfd, 0xb, 0xff, 0x0,
    0x3f, 0xf7, 0x6, 0xff, 0x40, 0x7f, 0xf2, 0x1,
    0xff, 0x90, 0xcf, 0xc0, 0x0, 0xaf, 0xe1, 0xff,
    0x70, 0x0, 0x5f, 0xf8, 0xff, 0x10, 0x0, 0xf,
    0xff, 0xfb, 0x0, 0x0, 0x9, 0xff, 0xf6, 0x0,
    0x0, 0x4, 0xff, 0xf1, 0x0, 0x0, 0x0, 0xff,
    0xb0, 0x0, 0x0, 0x4, 0xff, 0x50, 0x0, 0x0,
    0xa, 0xff, 0x0, 0x0, 0x0, 0xf, 0xfa, 0x0,
    0x0,

    /* U+007A "z" */
    0x9f, 0xff, 0xff, 0xf1, 0x9f, 0xff, 0xff, 0xf1,
    0x48, 0x8b, 0xff, 0xa0, 0x0, 0x1e, 0xfd, 0x0,
    0x0, 0xbf, 0xf2, 0x0, 0x7, 0xff, 0x60, 0x0,
    0x3f, 0xfe, 0x88, 0x82, 0xaf, 0xff, 0xff, 0xf4,
    0xaf, 0xff, 0xff, 0xf4,

    /* U+007B "{" */
    0x0, 0x0, 0x22, 0x0, 0x3d, 0xfa, 0x0, 0xdf,
    0xfa, 0x1, 0xff, 0x70, 0x2, 0xff, 0x30, 0x6,
    0xff, 0x20, 0xdf, 0xfc, 0x0, 0xdf, 0xf6, 0x0,
    0x5c, 0xff, 0x10, 0x3, 0xff, 0x30, 0x2, 0xff,
    0x30, 0x0, 0xff, 0xa3, 0x0, 0xaf, 0xfa, 0x0,
    0x19, 0xea,

    /* U+007C "|" */
    0x28, 0x80, 0x4f, 0xf1, 0x4f, 0xf1, 0x4f, 0xf1,
    0x4f, 0xf1, 0x4f, 0xf1, 0x4f, 0xf1, 0x4f, 0xf1,
    0x4f, 0xf1, 0x4f, 0xf1, 0x4f, 0xf1, 0x4f, 0xf1,
    0x4f, 0xf1, 0x4f, 0xf1,

    /* U+007D "}" */
    0x32, 0x0, 0x0, 0xdf, 0xc1, 0x0, 0xdf, 0xfa,
    0x0, 0x9, 0xfe, 0x0, 0x5, 0xff, 0x0, 0x5,
    0xff, 0x40, 0x1, 0xef, 0xfa, 0x0, 0x9f, 0xfa,
    0x3, 0xff, 0xa4, 0x5, 0xff, 0x0, 0x6, 0xff,
    0x0, 0x4c, 0xfd, 0x0, 0xdf, 0xf7, 0x0, 0xcd,
    0x80, 0x0,

    /* U+007E "~" */
    0x1, 0x89, 0x30, 0x1a, 0x20, 0x1e, 0xff, 0xfc,
    0xef, 0xe0, 0x9f, 0xff, 0xff, 0xff, 0x70, 0x2b,
    0x71, 0x8e, 0xe8, 0x0, 0x0, 0x0, 0x0, 0x0,
    0x0,

    /* U+007F "" */

    /* U+00B7 "·" */
    0xef, 0xee, 0xfe, 0xef, 0xe0,

    /* U+2103 "℃" */
    0x5, 0xde, 0x80, 0x0, 0x6, 0xce, 0xeb, 0x40,
    0x2, 0xfa, 0x8f, 0x60, 0xc, 0xff, 0xff, 0xff,
    0x70, 0x6f, 0x0, 0xd9, 0x9, 0xff, 0xd8, 0x8f,
    0xfe, 0x13, 0xf9, 0x6f, 0x71, 0xff, 0xd0, 0x0,
    0x2a, 0x10, 0x6, 0xff, 0xa0, 0x5f, 0xf6, 0x0,
    0x0, 0x0, 0x0, 0x0, 0x0, 0x6, 0xff, 0x40,
    0x0, 0x0, 0x0, 0x0, 0x0, 0x0, 0x5f, 0xf5,
    0x0, 0x0, 0x0, 0x0, 0x0, 0x0, 0x3, 0xff,
    0x90, 0x0, 0x2, 0x0, 0x0, 0x0, 0x0, 0xd,
    0xff, 0x60, 0x9, 0xf8, 0x0, 0x0, 0x0, 0x0,
    0x3f, 0xff, 0xff, 0xff, 0xd0, 0x0, 0x0, 0x0,
    0x0, 0x4e, 0xff, 0xff, 0xc1, 0x0, 0x0, 0x0,
    0x0, 0x0, 0x4, 0x66, 0x30, 0x0,

    /* U+3002 "。" */
    0x1, 0x41, 0x5, 0xfd, 0xf5, 0xd5, 0x5, 0xdc,
    0x81, 0x8c, 0x2c, 0xfc, 0x20,

    /* U+4E0A "上" */
    0x0, 0x0, 0xb, 0xfb, 0x0, 0x0, 0x0, 0x0,
    0x0, 0xb, 0xfb, 0x0, 0x0, 0x0, 0x0, 0x0,
    0xb, 0xfb, 0x0, 0x0, 0x0, 0x0, 0x0, 0xb,
    0xfb, 0x11, 0x11, 0x0, 0x0, 0x0, 0xb, 0xff,
    0xff, 0xff, 0x70, 0x0, 0x0, 0xb, 0xff, 0xff,
    0xff, 0x60, 0x0, 0x0, 0xb, 0xfb, 0x0, 0x0,
    0x0, 0x0, 0x0, 0xb, 0xfb, 0x0, 0x0, 0x0,
    0x0, 0x0, 0xb, 0xfb, 0x0, 0x0, 0x0, 0x0,
    0x0, 0xb, 0xfb, 0x0, 0x0, 0x0, 0x2d, 0xdd,
    0xdf, 0xff, 0xdd, 0xdd, 0xd1, 0x3f, 0xff, 0xff,
    0xff, 0xff, 0xff, 0xf2, 0x16, 0x66, 0x66, 0x66,
    0x66, 0x66, 0x60,

    /* U+4E2D "中" */
    0x0, 0x0, 0x4f, 0xf0, 0x0, 0x0, 0x0, 0x0,
    0x4f, 0xf0, 0x0, 0x0, 0xce, 0xee, 0xef, 0xfe,
    0xee, 0xeb, 0xef, 0xff, 0xff, 0xff, 0xff, 0xfd,
    0xef, 0x53, 0x6f, 0xf3, 0x36, 0xfd, 0xef, 0x20,
    0x4f, 0xf0, 0x4, 0xfd, 0xef, 0x20, 0x4f, 0xf0,
    0x4, 0xfd, 0xef, 0xff, 0xff, 0xff, 0xff, 0xfd,
    0xef, 0xff, 0xff, 0xff, 0xff, 0xfd, 0x11, 0x11,
    0x5f, 0xf1, 0x11, 0x11, 0x0, 0x0, 0x4f, 0xf0,
    0x0, 0x0, 0x0, 0x0, 0x4f, 0xf0, 0x0, 0x0,
    0x0, 0x0, 0x4f, 0xf0, 0x0, 0x0,

    /* U+4E3B "主" */
    0x0, 0x0, 0x0, 0x24, 0x0, 0x0, 0x0, 0x0,
    0x0, 0x5, 0xff, 0x10, 0x0, 0x0, 0x0, 0x0,
    0x1, 0xfd, 0x30, 0x0, 0x0, 0x9, 0xff, 0xff,
    0xff, 0xff, 0xff, 0xa0, 0x9, 0xff, 0xff, 0xff,
    0xff, 0xff, 0xb0, 0x1, 0x11, 0x13, 0xff, 0x31,
    0x11, 0x10, 0x0, 0x0, 0x2, 0xff, 0x20, 0x0,
    0x0, 0x1, 0xff, 0xff, 0xff, 0xff, 0xff, 0x0,
    0x1, 0xff, 0xff, 0xff, 0xff, 0xff, 0x10, 0x0,
    0x11, 0x13, 0xff, 0x31, 0x11, 0x0, 0x0, 0x0,
    0x2, 0xff, 0x20, 0x0, 0x0, 0x1b, 0xbb, 0xbc,
    0xff, 0xcb, 0xbb, 0xb1, 0x1f, 0xff, 0xff, 0xff,
    0xff, 0xff, 0xf1, 0x4, 0x44, 0x44, 0x44, 0x44,
    0x44, 0x40,

    /* U+4E8B "事" */
    0x1, 0x11, 0x12, 0xfe, 0x11, 0x11, 0x10, 0x6f,
    0xff, 0xff, 0xff, 0xff, 0xff, 0xf0, 0x15, 0x99,
    0x99, 0xff, 0x99, 0x98, 0x40, 0x2, 0xff, 0xff,
    0xff, 0xff, 0xfe, 0x0, 0x2, 0xfe, 0x99, 0xff,
    0x99, 0xfe, 0x0, 0x1, 0x99, 0x99, 0xff, 0x99,
    0x98, 0x0, 0x6, 0xff, 0xff, 0xff, 0xff, 0xff,
    0x40, 0x14, 0x77, 0x77, 0xff, 0x77, 0xcf, 0x60,
    0x8f, 0xff, 0xff, 0xff, 0xff, 0xff, 0xf1, 0x15,
    0x88, 0x88, 0xff, 0x88, 0xdf, 0x60, 0x7, 0xff,
    0xff, 0xff, 0xff, 0xff, 0x40, 0x0, 0x2, 0xbc,
    0xfd, 0x0, 0x0, 0x0, 0x0, 0x0, 0xff, 0xe6,
    0x0, 0x0, 0x0,

    /* U+4E8E "于" */
    0x2, 0xff, 0xff, 0xff, 0xff, 0xff, 0x10, 0x2,
    0xff, 0xff, 0xff, 0xff, 0xff, 0x10, 0x0, 0x0,
    0x0, 0xef, 0x60, 0x0, 0x0, 0x0, 0x0, 0x0,
    0xef, 0x60, 0x0, 0x0, 0x0, 0x0, 0x0, 0xef,
    0x60, 0x0, 0x0, 0x1e, 0xee, 0xee, 0xff, 0xfe,
    0xee, 0xe1, 0x2f, 0xff, 0xff, 0xff, 0xff, 0xff,
    0xf1, 0x1, 0x11, 0x11, 0xef, 0x71, 0x11, 0x10,
    0x0, 0x0, 0x0, 0xef, 0x60, 0x0, 0x0, 0x0,
    0x0, 0x0, 0xef, 0x60, 0x0, 0x0, 0x0, 0x2,
    0x33, 0xff, 0x60, 0x0, 0x0, 0x0, 0xa, 0xff,
    0xff, 0x40, 0x0, 0x0, 0x0, 0x7, 0xff, 0xfa,
    0x0, 0x0, 0x0,

    /* U+4EAE "亮" */
    0x0, 0x0, 0x0, 0x0, 0x0, 0x0, 0x0, 0x0,
    0x0, 0x2, 0xef, 0x30, 0x0, 0x0, 0x2f, 0xff,
    0xff, 0xff, 0xff, 0xff, 0xf2, 0x19, 0x99, 0x99,
    0x99, 0x99, 0x99, 0x91, 0x0, 0x9f, 0xff, 0xff,
    0xff, 0xf9, 0x0, 0x0, 0x9f, 0xb8, 0x88, 0x8b,
    0xfa, 0x0, 0x0, 0x9f, 0xff, 0xff, 0xff, 0xfa,
    0x0, 0x6, 0x78, 0x88, 0x88, 0x88, 0x87, 0x60,
    0x1f, 0xff, 0xff, 0xff, 0xff, 0xff, 0xf2, 0x1f,
    0xe2, 0x88, 0x88, 0x88, 0xe, 0xf2, 0x3, 0x35,
    0xff, 0xff, 0xff, 0x8, 0x91, 0x0, 0xa, 0xf9,
    0x0, 0xff, 0xb, 0xf3, 0x19, 0xef, 0xf3, 0x0,
    0xff, 0xcf, 0xf1, 0xe, 0xfc, 0x30, 0x0, 0x9f,
    0xff, 0xa0, 0x3, 0x30, 0x0, 0x0, 0x0, 0x0,
    0x0,

    /* U+4EBA "人" */
    0x0, 0x0, 0x4, 0xff, 0x0, 0x0, 0x0, 0x0,
    0x0, 0x4, 0xff, 0x0, 0x0, 0x0, 0x0, 0x0,
    0x5, 0xff, 0x0, 0x0, 0x0, 0x0, 0x0, 0x6,
    0xff, 0x0, 0x0, 0x0, 0x0, 0x0, 0x8, 0xff,
    0x40, 0x0, 0x0, 0x0, 0x0, 0xc, 0xff, 0x90,
    0x0, 0x0, 0x0, 0x0, 0x2f, 0xff, 0xf1, 0x0,
    0x0, 0x0, 0x0, 0xaf, 0xec, 0xfa, 0x0, 0x0,
    0x0, 0x6, 0xff, 0x63, 0xff, 0x80, 0x0, 0x0,
    0x7f, 0xfb, 0x0, 0x9f, 0xf8, 0x0, 0x1b, 0xff,
    0xd1, 0x0, 0xc, 0xff, 0xc1, 0x1e, 0xfd, 0x10,
    0x0, 0x0, 0xcf, 0xb0, 0x4, 0xb1, 0x0, 0x0,
    0x0, 0xa, 0x20, 0x0, 0x0, 0x0, 0x0, 0x0,
    0x0, 0x0,

    /* U+4EF6 "件" */
    0x0, 0x29, 0x50, 0x0, 0xef, 0x40, 0x0, 0x0,
    0x7f, 0xc9, 0xe5, 0xef, 0x40, 0x0, 0x0, 0xdf,
    0x8d, 0xf5, 0xef, 0x50, 0x0, 0x4, 0xff, 0x4f,
    0xff, 0xff, 0xff, 0xd0, 0xc, 0xff, 0x8f, 0xfe,
    0xff, 0xee, 0xc0, 0x5f, 0xff, 0xdf, 0x60, 0xef,
    0x40, 0x0, 0x5f, 0xff, 0x27, 0x10, 0xef, 0x40,
    0x0, 0x3b, 0xff, 0x7e, 0xee, 0xff, 0xee, 0xe4,
    0x0, 0xff, 0x8f, 0xff, 0xff, 0xff, 0xf4, 0x0,
    0xff, 0x0, 0x0, 0xef, 0x50, 0x0, 0x0, 0xff,
    0x0, 0x0, 0xef, 0x40, 0x0, 0x0, 0xff, 0x0,
    0x0, 0xef, 0x40, 0x0, 0x0, 0xde, 0x0, 0x0,
    0xef, 0x40, 0x0,

    /* U+4EFB "任" */
    0x0, 0xa, 0x80, 0x0, 0x13, 0x68, 0x60, 0x0,
    0x3f, 0xeb, 0xef, 0xff, 0xff, 0xc0, 0x0, 0xaf,
    0x8b, 0xff, 0xff, 0xb8, 0x50, 0x1, 0xff, 0x22,
    0x22, 0xff, 0x20, 0x0, 0x9, 0xff, 0x20, 0x1,
    0xff, 0x20, 0x0, 0x3f, 0xff, 0x34, 0x45, 0xff,
    0x54, 0x40, 0x8f, 0xff, 0x6f, 0xff, 0xff, 0xff,
    0xf3, 0x4e, 0xff, 0x5d, 0xdd, 0xff, 0xdd, 0xd2,
    0x3, 0xef, 0x20, 0x1, 0xff, 0x20, 0x0, 0x0,
    0xef, 0x20, 0x1, 0xff, 0x20, 0x0, 0x0, 0xef,
    0x24, 0x45, 0xff, 0x64, 0x30, 0x0, 0xef, 0x2f,
    0xff, 0xff, 0xff, 0xd0, 0x0, 0xef, 0x2c, 0xcc,
    0xcc, 0xcc, 0xa0,

    /* U+4F20 "传" */
    0x0, 0xd, 0xb0, 0x9, 0xf7, 0x0, 0x0, 0x0,
    0x5f, 0xca, 0xae, 0xfc, 0xaa, 0x90, 0x0, 0xcf,
    0x6f, 0xff, 0xff, 0xff, 0xe0, 0x3, 0xff, 0x1,
    0x6f, 0xc1, 0x11, 0x10, 0xb, 0xff, 0x9e, 0xef,
    0xfe, 0xee, 0xe4, 0x4f, 0xff, 0xbf, 0xff, 0xff,
    0xff, 0xf5, 0x5f, 0xff, 0x16, 0xfe, 0x33, 0x33,
    0x20, 0x1c, 0xff, 0x7, 0xff, 0xff, 0xff, 0x90,
    0x1, 0xef, 0x5, 0xcc, 0xcc, 0xff, 0x80, 0x0,
    0xef, 0x5, 0xb5, 0x7, 0xfd, 0x10, 0x0, 0xef,
    0xa, 0xff, 0xef, 0xf2, 0x0, 0x0, 0xef, 0x0,
    0x39, 0xef, 0xfd, 0x10, 0x0, 0xef, 0x0, 0x0,
    0x5, 0xbd, 0x0, 0x0, 0x0, 0x0, 0x0, 0x0,
    0x0, 0x0,

    /* U+4F4E "低" */
    0x0, 0x1b, 0x70, 0x0, 0x2, 0x57, 0x50, 0x0,
    0x6f, 0xeb, 0xde, 0xff, 0xff, 0xb0, 0x0, 0xcf,
    0xaf, 0xff, 0xff, 0xea, 0x60, 0x3, 0xff, 0x4f,
    0xd2, 0x4f, 0xc0, 0x0, 0xa, 0xff, 0x3f, 0xd0,
    0x3f, 0xc0, 0x0, 0x3f, 0xff, 0x3f, 0xff, 0xff,
    0xff, 0xf2, 0x5f, 0xff, 0x3f, 0xfe, 0xef, 0xfe,
    0xe2, 0x2c, 0xff, 0x3f, 0xd0, 0xe, 0xf1, 0x0,
    0x1, 0xff, 0x3f, 0xd0, 0xb, 0xf3, 0x0, 0x0,
    0xff, 0x3f, 0xd2, 0x8, 0xf7, 0xd6, 0x0, 0xff,
    0x3f, 0xfb, 0xda, 0xfe, 0xf7, 0x0, 0xff, 0x7f,
    0xfa, 0xbd, 0xdf, 0xf4, 0x0, 0xff, 0x2c, 0x40,
    0x4b, 0x4e, 0xb0,

    /* U+4F7F "使" */
    0x0, 0x0, 0x0, 0x0, 0x0, 0x0, 0x0, 0x0,
    0x6e, 0x70, 0x1, 0xfe, 0x0, 0x0, 0x0, 0xcf,
    0xdc, 0xcc, 0xff, 0xcc, 0xc1, 0x1, 0xff, 0xaf,
    0xff, 0xff, 0xff, 0xf2, 0x7, 0xfd, 0x14, 0x45,
    0xfe, 0x44, 0x30, 0xd, 0xfd, 0x6f, 0xff, 0xff,
    0xff, 0xe0, 0x4f, 0xfd, 0x6f, 0xa7, 0xfe, 0x6f,
    0xe0, 0x3f, 0xfd, 0x6f, 0xca, 0xff, 0x9f, 0xe0,
    0x1a, 0xfd, 0x6f, 0xff, 0xff, 0xff, 0xe0, 0x1,
    0xfd, 0x1c, 0xe7, 0xfd, 0x22, 0x20, 0x1, 0xfd,
    0x9, 0xff, 0xf9, 0x0, 0x0, 0x1, 0xfd, 0x4,
    0xff, 0xff, 0xb7, 0x50, 0x1, 0xfd, 0xcf, 0xff,
    0xbf, 0xff, 0xf0, 0x1, 0xfd, 0x6e, 0x81, 0x1,
    0x69, 0xa0, 0x0, 0x0, 0x0, 0x0, 0x0, 0x0,
    0x0,

    /* U+4FE1 "信" */
    0x0, 0x0, 0x0, 0x0, 0x0, 0x0, 0x0, 0x0,
    0x3f, 0xa0, 0x4, 0xec, 0x0, 0x0, 0x0, 0x8f,
    0xfe, 0xee, 0xff, 0xee, 0xe6, 0x0, 0xef, 0xdf,
    0xff, 0xff, 0xff, 0xf6, 0x5, 0xfe, 0x28, 0x88,
    0x88, 0x88, 0x60, 0xc, 0xfe, 0x4f, 0xff, 0xff,
    0xff, 0xc0, 0x5f, 0xfe, 0x17, 0x77, 0x77, 0x77,
    0x50, 0x5f, 0xfe, 0x4f, 0xff, 0xff, 0xff, 0xc0,
    0x3c, 0xfe, 0x27, 0x77, 0x77, 0x77, 0x50, 0x12,
    0xfe, 0x5f, 0xff, 0xff, 0xff, 0xd0, 0x0, 0xfe,
    0x5f, 0xec, 0xcc, 0xcf, 0xd0, 0x0, 0xfe, 0x5f,
    0xc1, 0x11, 0x4f, 0xd0, 0x0, 0xfe, 0x5f, 0xff,
    0xff, 0xff, 0xd0, 0x0, 0xfe, 0x4f, 0xea, 0xaa,
    0xbf, 0xc0,

    /* U+503C "值" */
    0x0, 0x0, 0x0, 0x0, 0x0, 0x0, 0x0, 0x0,
    0x6d, 0x70, 0x2, 0xff, 0x0, 0x0, 0x0, 0xbf,
    0xef, 0xff, 0xff, 0xff, 0xf7, 0x0, 0xff, 0x7a,
    0xab, 0xff, 0xaa, 0xa4, 0x5, 0xfe, 0xb, 0xcc,
    0xff, 0xcc, 0xa0, 0xc, 0xfd, 0xf, 0xfe, 0xee,
    0xef, 0xe0, 0x4f, 0xfd, 0xf, 0xf7, 0x77, 0x7f,
    0xe0, 0x3f, 0xfd, 0xf, 0xfe, 0xee, 0xef, 0xe0,
    0xd, 0xfd, 0xf, 0xf9, 0x99, 0xaf, 0xe0, 0x2,
    0xfd, 0xf, 0xf9, 0x99, 0x9f, 0xe0, 0x1, 0xfd,
    0xf, 0xff, 0xff, 0xff, 0xe0, 0x1, 0xfd, 0xf,
    0xf6, 0x66, 0x7f, 0xe0, 0x1, 0xfd, 0x8f, 0xfa,
    0xaa, 0xaf, 0xf5, 0x1, 0xfd, 0xcf, 0xff, 0xff,
    0xff, 0xf9,

    /* U+50CF "像" */
    0x0, 0x17, 0x30, 0x6a, 0x40, 0x0, 0x0, 0x0,
    0x6f, 0xb4, 0xff, 0xff, 0xfc, 0x0, 0x0, 0xaf,
    0xbf, 0xf9, 0x8d, 0xfa, 0x0, 0x0, 0xff, 0xff,
    0xfb, 0xbf, 0xfc, 0xb0, 0x6, 0xfd, 0xff, 0xff,
    0xff, 0xff, 0xf0, 0xd, 0xfc, 0x7f, 0xa4, 0xee,
    0x4c, 0xf0, 0x4f, 0xfc, 0x3f, 0xff, 0xff, 0xff,
    0xf0, 0x2f, 0xfc, 0x18, 0xef, 0xf6, 0x5d, 0xc0,
    0xc, 0xfc, 0xdf, 0xec, 0xfd, 0xef, 0xb0, 0x1,
    0xfc, 0x57, 0xaf, 0xdf, 0xff, 0x10, 0x1, 0xfc,
    0xbf, 0xc9, 0xff, 0x9f, 0x80, 0x1, 0xfc, 0x69,
    0xcf, 0xbf, 0x7c, 0xf2, 0x1, 0xfd, 0xdf, 0xdd,
    0xcf, 0x63, 0xf5, 0x1, 0xfc, 0x74, 0xe, 0xfc,
    0x10, 0x40, 0x0, 0x0, 0x0, 0x0, 0x0, 0x0,
    0x0,

    /* U+5154 "兔" */
    0x0, 0x0, 0x23, 0x0, 0x0, 0x0, 0x0, 0x0,
    0x0, 0xdf, 0xc5, 0x55, 0x52, 0x0, 0x0, 0xb,
    0xff, 0xff, 0xff, 0xf8, 0x0, 0x0, 0xbf, 0xe7,
    0x77, 0xdf, 0xf5, 0x0, 0x1d, 0xff, 0xec, 0xcd,
    0xff, 0xec, 0xa0, 0xe, 0xff, 0xff, 0xff, 0xff,
    0xff, 0xd0, 0x6, 0xfe, 0x11, 0xbf, 0x61, 0x3f,
    0xd0, 0x1, 0xfe, 0x33, 0xcf, 0x63, 0x5f, 0xd0,
    0x1, 0xff, 0xff, 0xff, 0xff, 0xff, 0xd0, 0x0,
    0xbb, 0xbe, 0xff, 0xfd, 0xfb, 0x90, 0x0, 0x0,
    0x5f, 0xff, 0xda, 0xf9, 0xc7, 0x0, 0x2a, 0xff,
    0x9f, 0xe0, 0xa4, 0xfc, 0xb, 0xff, 0xf7, 0xf,
    0xfe, 0xee, 0xfa, 0x9, 0xfb, 0x30, 0x9, 0xff,
    0xff, 0xe4, 0x0, 0x30, 0x0, 0x0, 0x0, 0x0,
    0x0,

    /* U+5168 "全" */
    0x0, 0x0, 0x2, 0xff, 0x20, 0x0, 0x0, 0x0,
    0x0, 0x2e, 0xff, 0xe2, 0x0, 0x0, 0x0, 0x4,
    0xef, 0xbb, 0xfe, 0x40, 0x0, 0x2, 0xaf, 0xfa,
    0x0, 0xaf, 0xfa, 0x10, 0x4f, 0xff, 0xfb, 0xbb,
    0xbf, 0xff, 0xf4, 0xd, 0xbb, 0xff, 0xff, 0xff,
    0xba, 0xd0, 0x1, 0x1, 0x13, 0xff, 0x31, 0x10,
    0x0, 0x0, 0x7d, 0xdd, 0xff, 0xdd, 0xd8, 0x0,
    0x0, 0x8f, 0xff, 0xff, 0xff, 0xf9, 0x0, 0x0,
    0x1, 0x13, 0xff, 0x31, 0x11, 0x0, 0x2, 0x22,
    0x24, 0xff, 0x42, 0x22, 0x20, 0xf, 0xff, 0xff,
    0xff, 0xff, 0xff, 0xf0, 0xc, 0xcc, 0xcc, 0xcc,
    0xcc, 0xcc, 0xc0,

    /* U+5185 "内" */
    0x0, 0x0, 0x3f, 0xf0, 0x0, 0x0, 0x0, 0x0,
    0x4f, 0xf0, 0x0, 0x0, 0xdf, 0xff, 0xff, 0xff,
    0xff, 0xf7, 0xdf, 0xff, 0xff, 0xff, 0xff, 0xf7,
    0xdf, 0x40, 0x5f, 0xd0, 0xa, 0xf7, 0xdf, 0x40,
    0x9f, 0xd1, 0xa, 0xf7, 0xdf, 0x43, 0xff, 0xfd,
    0x2a, 0xf7, 0xdf, 0x7e, 0xfb, 0xdf, 0xec, 0xf7,
    0xdf, 0xef, 0xd0, 0x1c, 0xfd, 0xf7, 0xdf, 0x5a,
    0x10, 0x0, 0x5a, 0xf7, 0xdf, 0x40, 0x0, 0x0,
    0xb, 0xf7, 0xdf, 0x40, 0x0, 0xd, 0xff, 0xf6,
    0xdf, 0x40, 0x0, 0xa, 0xff, 0xd1, 0x0, 0x0,
    0x0, 0x0, 0x0, 0x0,

    /* U+51FA "出" */
    0x12, 0x10, 0x4f, 0xf0, 0x2, 0x20, 0x8f, 0x80,
    0x4f, 0xf0, 0xe, 0xf2, 0x8f, 0x80, 0x4f, 0xf0,
    0xe, 0xf2, 0x8f, 0x80, 0x4f, 0xf0, 0xe, 0xf2,
    0x8f, 0xfe, 0xef, 0xfe, 0xef, 0xf2, 0x8f, 0xff,
    0xff, 0xff, 0xff, 0xf2, 0x1, 0x11, 0x5f, 0xf1,
    0x11, 0x10, 0xce, 0x20, 0x4f, 0xf0, 0x7, 0xe7,
    0xef, 0x20, 0x4f, 0xf0, 0x8, 0xf9, 0xef, 0x20,
    0x4f, 0xf0, 0x8, 0xf9, 0xef, 0xed, 0xef, 0xfd,
    0xde, 0xf9, 0xef, 0xff, 0xff, 0xff, 0xff, 0xf9,
    0x12, 0x22, 0x22, 0x22, 0x29, 0xf9,

    /* U+5206 "分" */
    0x0, 0x0, 0x0, 0x0, 0x0, 0x0, 0x0, 0x0,
    0x0, 0x8a, 0x22, 0xcd, 0x0, 0x0, 0x0, 0x1,
    0xff, 0x30, 0xef, 0x40, 0x0, 0x0, 0xc, 0xfb,
    0x0, 0x7f, 0xe1, 0x0, 0x0, 0x9f, 0xe2, 0x0,
    0xc, 0xfc, 0x0, 0xa, 0xff, 0x50, 0x0, 0x2,
    0xff, 0xd2, 0x2f, 0xff, 0xff, 0xff, 0xff, 0xff,
    0xf4, 0x9, 0x7f, 0xff, 0xff, 0xff, 0xfc, 0xa0,
    0x0, 0x1, 0xcf, 0x61, 0x19, 0xf8, 0x0, 0x0,
    0x0, 0xff, 0x30, 0xa, 0xf7, 0x0, 0x0, 0x6,
    0xff, 0x0, 0xb, 0xf6, 0x0, 0x0, 0x5f, 0xf9,
    0x0, 0xe, 0xf5, 0x0, 0xa, 0xff, 0xc0, 0xbf,
    0xff, 0xf2, 0x0, 0x5, 0xfa, 0x0, 0x8f, 0xfe,
    0x80, 0x0, 0x0, 0x30, 0x0, 0x0, 0x0, 0x0,
    0x0,

    /* U+522B "别" */
    0xd, 0xff, 0xff, 0xfa, 0x0, 0x1f, 0xe0, 0xdf,
    0xdd, 0xdf, 0xa1, 0x22, 0xfe, 0xd, 0xf1, 0x4,
    0xfa, 0xbf, 0x4f, 0xe0, 0xdf, 0xcc, 0xdf, 0xab,
    0xf4, 0xfe, 0xd, 0xff, 0xff, 0xfa, 0xbf, 0x4f,
    0xe0, 0x3a, 0xfa, 0x44, 0x3b, 0xf4, 0xfe, 0x9,
    0xcf, 0xc9, 0x97, 0xbf, 0x4f, 0xe1, 0xff, 0xff,
    0xff, 0xcb, 0xf4, 0xfe, 0x7, 0xdf, 0xa8, 0xfc,
    0xbf, 0x4f, 0xe0, 0xe, 0xf2, 0x2f, 0xb8, 0xc3,
    0xfe, 0x6, 0xfc, 0x5, 0xfa, 0x1, 0x4f, 0xe2,
    0xff, 0x9f, 0xff, 0x87, 0xff, 0xfd, 0xb, 0x71,
    0xcb, 0x80, 0x4f, 0xfe, 0x50, 0x0, 0x0, 0x0,
    0x0, 0x0, 0x0,

    /* U+5230 "到" */
    0x2f, 0xff, 0xff, 0xfc, 0x0, 0x1f, 0xe2, 0xef,
    0xff, 0xee, 0xb2, 0x42, 0xfe, 0x0, 0xdf, 0x57,
    0x80, 0xbf, 0x4f, 0xe0, 0x9f, 0xa0, 0xef, 0x3b,
    0xf4, 0xfe, 0x1f, 0xfe, 0xef, 0xfc, 0xbf, 0x4f,
    0xe0, 0xef, 0xff, 0xff, 0xfe, 0xf4, 0xfe, 0x2,
    0x2b, 0xf4, 0x32, 0xbf, 0x4f, 0xe0, 0xcc, 0xef,
    0xdc, 0x6b, 0xf4, 0xfe, 0xf, 0xff, 0xff, 0xf8,
    0xbf, 0x4f, 0xe0, 0x55, 0xcf, 0x85, 0x2b, 0xf4,
    0xfe, 0x15, 0x7d, 0xfc, 0xb8, 0x0, 0x2f, 0xe4,
    0xff, 0xff, 0xff, 0xa3, 0xff, 0xfe, 0x19, 0x86,
    0x53, 0x20, 0xf, 0xff, 0x70,

    /* U+5236 "制" */
    0x6, 0xa6, 0xfa, 0x0, 0x0, 0xe, 0xf0, 0xbf,
    0x7f, 0xa2, 0x21, 0x52, 0xef, 0xf, 0xff, 0xff,
    0xff, 0x4f, 0x7e, 0xf5, 0xfd, 0xcf, 0xeb, 0xb4,
    0xf7, 0xef, 0x1b, 0x89, 0xfc, 0x77, 0x6f, 0x7e,
    0xf2, 0xff, 0xff, 0xff, 0xf8, 0xf7, 0xef, 0x4,
    0x47, 0xfb, 0x44, 0x5f, 0x7e, 0xf0, 0xbf, 0xff,
    0xff, 0xf9, 0xf7, 0xef, 0xb, 0xfd, 0xfe, 0xef,
    0x9f, 0x7e, 0xf0, 0xbf, 0x4f, 0xa7, 0xf8, 0xb5,
    0xef, 0xb, 0xf4, 0xfd, 0xcf, 0x40, 0xe, 0xf0,
    0xbf, 0x4f, 0xcf, 0xf2, 0xde, 0xfe, 0x1, 0x24,
    0xfa, 0x20, 0xc, 0xff, 0x80,

    /* U+524D "前" */
    0x0, 0x0, 0x30, 0x0, 0x13, 0x0, 0x0, 0x0,
    0xd, 0xf8, 0x0, 0x9f, 0xc0, 0x0, 0x2d, 0xdf,
    0xff, 0xdd, 0xff, 0xed, 0xd3, 0x3f, 0xff, 0xff,
    0xff, 0xff, 0xff, 0xf4, 0x2, 0x44, 0x44, 0x42,
    0x0, 0x27, 0x50, 0x9, 0xff, 0xff, 0xf7, 0xbf,
    0x4f, 0xa0, 0x9, 0xfb, 0x9c, 0xf7, 0xcf, 0x5f,
    0xa0, 0x9, 0xfd, 0xcd, 0xf7, 0xcf, 0x5f, 0xa0,
    0x9, 0xfe, 0xee, 0xf7, 0xcf, 0x5f, 0xa0, 0x9,
    0xfa, 0x7b, 0xf7, 0xcf, 0x5f, 0xa0, 0x9, 0xff,
    0xff, 0xf7, 0xcf, 0x5f, 0xa0, 0x9, 0xf7, 0x38,
    0xf7, 0x34, 0x5f, 0xa0, 0x9, 0xf6, 0xce, 0xf6,
    0x5f, 0xff, 0x90, 0x9, 0xf5, 0xdf, 0xe2, 0x2f,
    0xfe, 0x40, 0x0, 0x0, 0x0, 0x0, 0x0, 0x0,
    0x0,

    /* U+529F "功" */
    0x0, 0x0, 0x0, 0xc, 0xf5, 0x0, 0x0, 0xc,
    0xcc, 0xc7, 0xc, 0xf5, 0x0, 0x0, 0x1f, 0xff,
    0xf9, 0x2d, 0xf7, 0x33, 0x30, 0x7, 0xef, 0xb4,
    0xdf, 0xff, 0xff, 0xf1, 0x0, 0xcf, 0x60, 0xbf,
    0xfe, 0xdf, 0xf0, 0x0, 0xcf, 0x60, 0xe, 0xf2,
    0xf, 0xf0, 0x0, 0xcf, 0x60, 0xf, 0xf1, 0x1f,
    0xf0, 0x0, 0xcf, 0x60, 0x1f, 0xf0, 0x1f, 0xe0,
    0x0, 0xcf, 0xa6, 0x4f, 0xd0, 0x2f, 0xe0, 0x3a,
    0xff, 0xfc, 0xaf, 0x90, 0x2f, 0xd0, 0x3f, 0xff,
    0xdc, 0xff, 0x30, 0x5f, 0xc0, 0x7, 0x40, 0x2e,
    0xfb, 0xcf, 0xff, 0xa0, 0x0, 0x0, 0x1b, 0xe1,
    0x9f, 0xfd, 0x30, 0x0, 0x0, 0x0, 0x10, 0x0,
    0x0, 0x0,

    /* U+52A0 "加" */
    0x0, 0xbf, 0x40, 0x0, 0x11, 0x11, 0x10, 0xb,
    0xf4, 0x0, 0x1f, 0xff, 0xfe, 0x1f, 0xff, 0xff,
    0xf6, 0xff, 0xff, 0xe1, 0xff, 0xff, 0xff, 0x7f,
    0xd0, 0xfe, 0x1, 0xdf, 0x3c, 0xf6, 0xfd, 0xf,
    0xe0, 0xd, 0xf1, 0xcf, 0x6f, 0xd0, 0xfe, 0x0,
    0xef, 0xd, 0xf6, 0xfd, 0xf, 0xe0, 0xf, 0xf0,
    0xdf, 0x5f, 0xd0, 0xfe, 0x3, 0xfd, 0xd, 0xf5,
    0xfd, 0xf, 0xe0, 0x7f, 0x90, 0xef, 0x5f, 0xd2,
    0xfe, 0xd, 0xf6, 0x2f, 0xf5, 0xff, 0xff, 0xe4,
    0xfe, 0xaf, 0xff, 0x3f, 0xfd, 0xfe, 0xa, 0x66,
    0xfe, 0x81, 0xdb, 0xd, 0xc0, 0x0, 0x0, 0x0,
    0x0, 0x0, 0x0,

    /* U+52A1 "务" */
    0x0, 0x0, 0x0, 0x0, 0x0, 0x0, 0x0, 0x0,
    0x5, 0xfd, 0x20, 0x0, 0x0, 0x0, 0x0, 0x5f,
    0xff, 0xff, 0xff, 0xff, 0x10, 0x9, 0xff, 0xfc,
    0x99, 0xaf, 0xfe, 0x0, 0x1d, 0xfa, 0xff, 0x88,
    0xff, 0x90, 0x0, 0x2, 0x22, 0xaf, 0xff, 0xfa,
    0x20, 0x0, 0x4a, 0xef, 0xff, 0xce, 0xff, 0xfe,
    0xb1, 0x3f, 0xfc, 0x77, 0x51, 0x38, 0xcf, 0xe0,
    0x6, 0x32, 0x2f, 0xf4, 0x22, 0x23, 0x20, 0xb,
    0xff, 0xff, 0xff, 0xff, 0xff, 0x20, 0x7, 0x99,
    0xff, 0xd9, 0x99, 0xff, 0x10, 0x0, 0x3b, 0xff,
    0x20, 0x1, 0xff, 0x0, 0x1d, 0xff, 0xd3, 0x3e,
    0xef, 0xfd, 0x0, 0xa, 0xd6, 0x0, 0x1f, 0xff,
    0xe5, 0x0, 0x0, 0x0, 0x0, 0x0, 0x0, 0x0,
    0x0,

    /* U+5305 "包" */
    0x0, 0x1, 0x0, 0x0, 0x0, 0x0, 0x0, 0x0,
    0xe, 0xf7, 0x0, 0x0, 0x0, 0x0, 0x0, 0x6f,
    0xfd, 0xcc, 0xcc, 0xcc, 0x10, 0x1, 0xef, 0xff,
    0xff, 0xff, 0xff, 0x10, 0xc, 0xfd, 0x33, 0x33,
    0x32, 0xef, 0x10, 0x5f, 0xff, 0xff, 0xff, 0xd0,
    0xef, 0x10, 0xe, 0xff, 0xee, 0xef, 0xd0, 0xff,
    0x0, 0x2, 0xff, 0x0, 0x1f, 0xd0, 0xff, 0x0,
    0x0, 0xff, 0xcc, 0xcf, 0xd1, 0xff, 0x0, 0x0,
    0xff, 0xff, 0xff, 0xff, 0xfe, 0x0, 0x0, 0xff,
    0x11, 0x11, 0xee, 0xde, 0xa1, 0x0, 0xef, 0x0,
    0x0, 0x0, 0xf, 0xf1, 0x0, 0xdf, 0xff, 0xff,
    0xff, 0xff, 0xf0, 0x0, 0x6e, 0xff, 0xff, 0xff,
    0xfe, 0x60,

    /* U+5382 "厂" */
    0x0, 0xff, 0xff, 0xff, 0xff, 0xff, 0xf4, 0x0,
    0xff, 0xff, 0xff, 0xff, 0xff, 0xf4, 0x0, 0xff,
    0x73, 0x33, 0x33, 0x33, 0x30, 0x0, 0xff, 0x40,
    0x0, 0x0, 0x0, 0x0, 0x0, 0xff, 0x40, 0x0,
    0x0, 0x0, 0x0, 0x0, 0xff, 0x40, 0x0, 0x0,
    0x0, 0x0, 0x1, 0xff, 0x30, 0x0, 0x0, 0x0,
    0x0, 0x2, 0xff, 0x20, 0x0, 0x0, 0x0, 0x0,
    0x5, 0xff, 0x0, 0x0, 0x0, 0x0, 0x0, 0xa,
    0xfd, 0x0, 0x0, 0x0, 0x0, 0x0, 0x2f, 0xf8,
    0x0, 0x0, 0x0, 0x0, 0x0, 0x2d, 0xf1, 0x0,
    0x0, 0x0, 0x0, 0x0, 0x0, 0x50, 0x0, 0x0,
    0x0, 0x0, 0x0,

    /* U+5386 "历" */
    0x2, 0xff, 0xff, 0xff, 0xff, 0xff, 0xf2, 0x2,
    0xff, 0xff, 0xff, 0xff, 0xff, 0xf2, 0x2, 0xfe,
    0x0, 0x0, 0x0, 0x0, 0x0, 0x2, 0xfe, 0x0,
    0x8c, 0x30, 0x0, 0x0, 0x2, 0xfe, 0x24, 0xcf,
    0x74, 0x44, 0x30, 0x2, 0xfe, 0x9f, 0xff, 0xff,
    0xff, 0xd0, 0x2, 0xfe, 0x6b, 0xff, 0xcb, 0xcf,
    0xc0, 0x3, 0xfd, 0x0, 0xff, 0x10, 0x4f, 0xc0,
    0x5, 0xfc, 0x3, 0xfe, 0x0, 0x5f, 0xb0, 0x8,
    0xf9, 0xa, 0xfa, 0x0, 0x6f, 0xa0, 0xd, 0xf6,
    0x6f, 0xf3, 0x0, 0x9f, 0x90, 0x3f, 0xf7, 0xff,
    0x96, 0xff, 0xff, 0x70, 0x8, 0x90, 0xba, 0x2,
    0xff, 0xfb, 0x10, 0x0, 0x0, 0x0, 0x0, 0x0,
    0x0, 0x0,

    /* U+53E0 "叠" */
    0x0, 0xef, 0xff, 0xff, 0xff, 0xfd, 0x0, 0x0,
    0x5e, 0xec, 0xaa, 0xef, 0xc6, 0x0, 0x0, 0xce,
    0xfe, 0xca, 0xcf, 0xfb, 0x0, 0x6, 0xff, 0xdd,
    0xb7, 0xdd, 0xff, 0xd0, 0x2, 0xea, 0xbf, 0x93,
    0xfc, 0xcf, 0xa0, 0x5, 0xef, 0xff, 0x85, 0xef,
    0xef, 0x90, 0xb, 0xfb, 0x9d, 0xdb, 0xe9, 0x8d,
    0xf3, 0xf, 0xdb, 0xbb, 0xbb, 0xbb, 0xbb, 0xf7,
    0xd, 0xaf, 0xff, 0xff, 0xff, 0xfa, 0xd5, 0x0,
    0x3f, 0xda, 0xaa, 0xab, 0xf9, 0x0, 0x0, 0x3f,
    0xec, 0xcc, 0xcc, 0xf9, 0x0, 0x3, 0x6f, 0xa3,
    0x33, 0x35, 0xfb, 0x31, 0x1f, 0xff, 0xff, 0xff,
    0xff, 0xff, 0xf8,

    /* U+53EF "可" */
    0x1f, 0xff, 0xff, 0xff, 0xff, 0xff, 0xf9, 0x1f,
    0xff, 0xff, 0xff, 0xff, 0xff, 0xf8, 0x0, 0x0,
    0x0, 0x0, 0x0, 0xef, 0x30, 0x0, 0x0, 0x0,
    0x0, 0x0, 0xef, 0x30, 0x0, 0xdf, 0xff, 0xff,
    0xa0, 0xef, 0x30, 0x0, 0xdf, 0xee, 0xef, 0xa0,
    0xef, 0x30, 0x0, 0xdf, 0x20, 0x5f, 0xa0, 0xef,
    0x30, 0x0, 0xdf, 0x30, 0x6f, 0xa0, 0xef, 0x30,
    0x0, 0xdf, 0xff, 0xff, 0xa0, 0xef, 0x30, 0x0,
    0xbe, 0xee, 0xee, 0x90, 0xef, 0x30, 0x0, 0x0,
    0x0, 0x1, 0x23, 0xff, 0x30, 0x0, 0x0, 0x0,
    0xa, 0xff, 0xff, 0x20, 0x0, 0x0, 0x0, 0x7,
    0xff, 0xf9, 0x0,

    /* U+53F2 "史" */
    0x0, 0x0, 0x3, 0xfe, 0x0, 0x0, 0x0, 0x2,
    0x33, 0x36, 0xfe, 0x33, 0x33, 0x0, 0xc, 0xff,
    0xff, 0xff, 0xff, 0xff, 0x40, 0xc, 0xfd, 0xcc,
    0xff, 0xcc, 0xef, 0x40, 0xc, 0xf4, 0x3, 0xfe,
    0x0, 0xbf, 0x40, 0xc, 0xfd, 0xcd, 0xff, 0xcc,
    0xef, 0x40, 0xc, 0xff, 0xff, 0xff, 0xff, 0xff,
    0x40, 0x1, 0x7d, 0x25, 0xfe, 0x11, 0x11, 0x0,
    0x1, 0xff, 0xa7, 0xfc, 0x0, 0x0, 0x0, 0x0,
    0x6f, 0xff, 0xf9, 0x0, 0x0, 0x0, 0x0, 0x1b,
    0xff, 0xfd, 0x85, 0x33, 0x30, 0x4d, 0xff, 0xff,
    0xff, 0xff, 0xff, 0xe0, 0x1f, 0xfc, 0x60, 0x38,
    0xbd, 0xef, 0xb0, 0x3, 0x0, 0x0, 0x0, 0x0,
    0x0, 0x0,

    /* U+5426 "否" */
    0xe, 0xff, 0xff, 0xff, 0xff, 0xff, 0xd0, 0xd,
    0xee, 0xee, 0xff, 0xfe, 0xee, 0xb0, 0x0, 0x0,
    0x4e, 0xff, 0x35, 0x0, 0x0, 0x0, 0x3b, 0xff,
    0xff, 0x9f, 0xd5, 0x0, 0x2d, 0xff, 0xf8, 0xff,
    0x4d, 0xff, 0xc2, 0x1f, 0xfc, 0x20, 0xff, 0x0,
    0x7f, 0xe0, 0x7, 0x40, 0x0, 0x33, 0x0, 0x2,
    0x50, 0x0, 0xff, 0xff, 0xff, 0xff, 0xff, 0x0,
    0x1, 0xff, 0xee, 0xee, 0xee, 0xff, 0x0, 0x1,
    0xff, 0x0, 0x0, 0x1, 0xff, 0x0, 0x1, 0xff,
    0x33, 0x33, 0x33, 0xff, 0x0, 0x1, 0xff, 0xff,
    0xff, 0xff, 0xff, 0x0, 0x1, 0xff, 0xbb, 0xbb,
    0xbb, 0xff, 0x0,

    /* U+542F "启" */
    0x0, 0x0, 0x0, 0x1, 0x10, 0x0, 0x0, 0x0,
    0x0, 0x0, 0xcf, 0xb0, 0x0, 0x0, 0x1, 0xcc,
    0xcc, 0xef, 0xfc, 0xcc, 0xc2, 0x2, 0xff, 0xff,
    0xff, 0xff, 0xff, 0xf3, 0x2, 0xff, 0x0, 0x0,
    0x0, 0xe, 0xf3, 0x2, 0xff, 0xcc, 0xcc, 0xcc,
    0xcf, 0xf3, 0x2, 0xff, 0xff, 0xff, 0xff, 0xff,
    0xf3, 0x2, 0xfe, 0x22, 0x22, 0x22, 0x22, 0x20,
    0x3, 0xff, 0xff, 0xff, 0xff, 0xff, 0xe0, 0x5,
    0xff, 0xff, 0xee, 0xee, 0xef, 0xe0, 0x8, 0xfc,
    0xfd, 0x0, 0x0, 0x2f, 0xe0, 0xd, 0xf8, 0xfd,
    0x11, 0x11, 0x3f, 0xe0, 0x4f, 0xe4, 0xff, 0xff,
    0xff, 0xff, 0xe0, 0x8, 0x74, 0xff, 0xbb, 0xbb,
    0xbf, 0xe0,

    /* U+544A "告" */
    0x0, 0x5a, 0x50, 0xcf, 0x70, 0x0, 0x0, 0x0,
    0xcf, 0xec, 0xff, 0xec, 0xcc, 0x70, 0x3, 0xff,
    0xff, 0xff, 0xff, 0xff, 0x90, 0x8, 0xf9, 0x33,
    0xcf, 0x83, 0x33, 0x10, 0x19, 0xba, 0x99, 0xef,
    0xc9, 0x99, 0x92, 0x3f, 0xff, 0xff, 0xff, 0xff,
    0xff, 0xf4, 0x16, 0x66, 0x66, 0x66, 0x66, 0x66,
    0x61, 0x0, 0xbc, 0xcc, 0xcc, 0xcc, 0xcc, 0x0,
    0x0, 0xff, 0xff, 0xff, 0xff, 0xff, 0x10, 0x0,
    0xff, 0x20, 0x0, 0x1, 0xff, 0x10, 0x0, 0xff,
    0x53, 0x33, 0x34, 0xff, 0x10, 0x0, 0xff, 0xff,
    0xff, 0xff, 0xff, 0x10, 0x0, 0xff, 0xcb, 0xbb,
    0xbb, 0xff, 0x10,

    /* U+56FE "图" */
    0xef, 0xff, 0xff, 0xff, 0xff, 0xfe, 0xef, 0xcc,
    0xcc, 0xcc, 0xcc, 0xfe, 0xef, 0x15, 0xe8, 0x33,
    0x32, 0xfe, 0xef, 0x5f, 0xff, 0xff, 0xf8, 0xfe,
    0xef, 0xbf, 0xf9, 0x8f, 0xd3, 0xfe, 0xef, 0x25,
    0xdf, 0xfe, 0x42, 0xfe, 0xef, 0xdf, 0xfb, 0xaf,
    0xfa, 0xfe, 0xef, 0x68, 0xfe, 0xb9, 0x83, 0xfe,
    0xef, 0x17, 0x99, 0xbe, 0x51, 0xfe, 0xef, 0x3f,
    0xff, 0xeb, 0x82, 0xfe, 0xef, 0x23, 0x69, 0xce,
    0xf2, 0xfe, 0xef, 0xff, 0xff, 0xff, 0xff, 0xfe,
    0xef, 0xba, 0xaa, 0xaa, 0xab, 0xfe,

    /* U+5728 "在" */
    0x0, 0x0, 0x2, 0x0, 0x0, 0x0, 0x0, 0x0,
    0x0, 0x3f, 0xe0, 0x0, 0x0, 0x0, 0xc, 0xdd,
    0xef, 0xfd, 0xdd, 0xdd, 0xd1, 0xe, 0xff, 0xff,
    0xff, 0xff, 0xff, 0xf1, 0x1, 0x1b, 0xfb, 0x11,
    0x11, 0x11, 0x10, 0x0, 0x4f, 0xf3, 0x0, 0xcc,
    0x10, 0x0, 0x1, 0xdf, 0xb0, 0x0, 0xff, 0x10,
    0x0, 0xc, 0xff, 0x69, 0xff, 0xff, 0xff, 0xb0,
    0x5f, 0xff, 0x6a, 0xff, 0xff, 0xff, 0xc0, 0x1f,
    0xef, 0x60, 0x0, 0xff, 0x10, 0x0, 0x3, 0x9f,
    0x60, 0x0, 0xff, 0x10, 0x0, 0x0, 0x9f, 0x63,
    0x33, 0xff, 0x43, 0x30, 0x0, 0x9f, 0x7f, 0xff,
    0xff, 0xff, 0xf3, 0x0, 0x9f, 0x7b, 0xbb, 0xbb,
    0xbb, 0xb2,

    /* U+5757 "块" */
    0x0, 0xec, 0x0, 0xe, 0xf1, 0x0, 0x0, 0x0,
    0xfe, 0x0, 0xe, 0xf2, 0x0, 0x0, 0x0, 0xfe,
    0xf, 0xff, 0xff, 0xff, 0x30, 0x2a, 0xff, 0x9e,
    0xef, 0xfe, 0xff, 0x30, 0x4f, 0xff, 0xe0, 0xe,
    0xf1, 0xcf, 0x30, 0x2, 0xfe, 0x20, 0xe, 0xf1,
    0xcf, 0x30, 0x0, 0xfe, 0x4e, 0xef, 0xfe, 0xff,
    0xe1, 0x0, 0xfe, 0x4f, 0xff, 0xff, 0xff, 0xf1,
    0x0, 0xfe, 0x70, 0x5f, 0xfc, 0x0, 0x0, 0x29,
    0xff, 0xd1, 0xdf, 0xff, 0x90, 0x0, 0x4f, 0xfd,
    0x9d, 0xfb, 0x3f, 0xfd, 0x40, 0x19, 0x30, 0xef,
    0xd1, 0x4, 0xff, 0xe0, 0x0, 0x0, 0x5b, 0x10,
    0x0, 0x2b, 0x70, 0x0, 0x0, 0x0, 0x0, 0x0,
    0x0, 0x0,

    /* U+578B "型" */
    0xa, 0xdd, 0xdd, 0xdc, 0xaf, 0x4f, 0xe0, 0xb,
    0xff, 0xff, 0xfe, 0xaf, 0x4f, 0xe0, 0x0, 0xcf,
    0x2d, 0xf0, 0xaf, 0x4f, 0xe0, 0x1f, 0xff, 0xff,
    0xfe, 0xaf, 0x4f, 0xe0, 0x9, 0xff, 0x8e, 0xf7,
    0x7b, 0x3f, 0xe0, 0x8, 0xfa, 0xd, 0xf0, 0x7,
    0xbf, 0xd0, 0x1f, 0xf5, 0xd, 0xf0, 0x9, 0xff,
    0xc0, 0x5, 0xa0, 0x0, 0x67, 0x15, 0xba, 0x30,
    0x0, 0xcc, 0xcc, 0xff, 0xcc, 0xcc, 0x30, 0x1,
    0xff, 0xff, 0xff, 0xff, 0xff, 0x40, 0x0, 0x0,
    0x0, 0xff, 0x40, 0x0, 0x0, 0xd, 0xdd, 0xdd,
    0xff, 0xed, 0xdd, 0xd1, 0xf, 0xff, 0xff, 0xff,
    0xff, 0xff, 0xf2,

    /* U+5806 "堆" */
    0x0, 0x0, 0x0, 0x1, 0x0, 0x0, 0x0, 0x1,
    0xfe, 0x0, 0x8f, 0x6c, 0xc0, 0x0, 0x1, 0xfe,
    0x0, 0xef, 0x1e, 0xf1, 0x0, 0x1, 0xfe, 0x5,
    0xff, 0xcf, 0xfd, 0xc6, 0x1d, 0xff, 0xcd, 0xff,
    0xff, 0xff, 0xf7, 0x1f, 0xff, 0xff, 0xfb, 0xe,
    0xf1, 0x0, 0x3, 0xfe, 0xbf, 0xff, 0xff, 0xff,
    0xf2, 0x1, 0xfe, 0x5d, 0xfe, 0xbf, 0xfb, 0xb1,
    0x1, 0xfe, 0x3, 0xfd, 0x6f, 0xf7, 0x60, 0x1,
    0xfe, 0x53, 0xff, 0xff, 0xff, 0xf2, 0x29, 0xff,
    0xf3, 0xfc, 0x4f, 0xf4, 0x40, 0x4f, 0xfd, 0x83,
    0xfe, 0xbf, 0xfb, 0xb6, 0x7, 0x20, 0x3, 0xff,
    0xff, 0xff, 0xf9, 0x0, 0x0, 0x3, 0xfb, 0x11,
    0x11, 0x10,

    /* U+5907 "备" */
    0x0, 0x0, 0x10, 0x0, 0x0, 0x0, 0x0, 0x0,
    0x3, 0xff, 0x40, 0x0, 0x0, 0x0, 0x0, 0x3e,
    0xff, 0xff, 0xff, 0xff, 0x0, 0x7, 0xff, 0xfd,
    0xaa, 0xbf, 0xff, 0x0, 0xd, 0xfc, 0xff, 0x97,
    0xef, 0xd4, 0x0, 0x2, 0x52, 0xbf, 0xff, 0xfe,
    0x63, 0x10, 0x3d, 0xff, 0xff, 0xdd, 0xff, 0xff,
    0xf3, 0x1f, 0xff, 0xfa, 0x88, 0xae, 0xff, 0xd0,
    0x1, 0xff, 0xff, 0xff, 0xff, 0xff, 0x0, 0x0,
    0xff, 0x33, 0xff, 0x33, 0xff, 0x0, 0x0, 0xff,
    0xff, 0xff, 0xff, 0xff, 0x0, 0x0, 0xff, 0x44,
    0xff, 0x44, 0xff, 0x0, 0x0, 0xff, 0xff, 0xff,
    0xff, 0xff, 0x0, 0x0, 0xff, 0xaa, 0xaa, 0xaa,
    0xff, 0x0,

    /* U+590D "复" */
    0x0, 0x1e, 0xb1, 0x0, 0x0, 0x0, 0x0, 0x0,
    0x9f, 0xff, 0xff, 0xff, 0xff, 0xc0, 0x4, 0xfe,
    0xaa, 0xaa, 0xaa, 0xaa, 0x80, 0x2e, 0xfe, 0xcc,
    0xcc, 0xcc, 0xcc, 0x10, 0x8f, 0xff, 0xff, 0xff,
    0xff, 0xff, 0x20, 0xd, 0xff, 0x65, 0x55, 0x55,
    0xff, 0x20, 0x1, 0xef, 0xff, 0xff, 0xff, 0xff,
    0x20, 0x0, 0xef, 0xa9, 0x99, 0x99, 0xff, 0x20,
    0x0, 0x8d, 0xfd, 0x88, 0x88, 0x88, 0x10, 0x0,
    0x8f, 0xff, 0xff, 0xff, 0xff, 0x0, 0x1d, 0xff,
    0xff, 0xa8, 0xaf, 0xfd, 0x0, 0xa, 0x71, 0xaf,
    0xfe, 0xff, 0x80, 0x0, 0x19, 0xbe, 0xff, 0xfe,
    0xff, 0xff, 0xd0, 0xe, 0xfc, 0x95, 0x10, 0x26,
    0x9c, 0xb0, 0x1, 0x0, 0x0, 0x0, 0x0, 0x0,
    0x0,

    /* U+5927 "大" */
    0x0, 0x0, 0x1, 0xff, 0x20, 0x0, 0x0, 0x0,
    0x0, 0x1, 0xff, 0x20, 0x0, 0x0, 0x0, 0x0,
    0x1, 0xff, 0x20, 0x0, 0x0, 0xc, 0xff, 0xff,
    0xff, 0xff, 0xff, 0xe0, 0xc, 0xff, 0xff, 0xff,
    0xff, 0xff, 0xe0, 0x1, 0x22, 0x26, 0xff, 0x52,
    0x22, 0x10, 0x0, 0x0, 0xa, 0xff, 0xa0, 0x0,
    0x0, 0x0, 0x0, 0x2f, 0xff, 0xf3, 0x0, 0x0,
    0x0, 0x1, 0xdf, 0xdb, 0xfd, 0x10, 0x0, 0x0,
    0x3e, 0xff, 0x31, 0xef, 0xd3, 0x0, 0x8, 0xff,
    0xf4, 0x0, 0x3f, 0xff, 0x91, 0x1e, 0xfe, 0x30,
    0x0, 0x2, 0xdf, 0xe1, 0x5, 0xa1, 0x0, 0x0,
    0x0, 0x8, 0x40,

    /* U+5B58 "存" */
    0x0, 0x0, 0x7e, 0x90, 0x0, 0x0, 0x0, 0xc,
    0xcc, 0xef, 0xec, 0xcc, 0xcc, 0xc1, 0xf, 0xff,
    0xff, 0xff, 0xff, 0xff, 0xf1, 0x1, 0x1d, 0xf9,
    0x11, 0x11, 0x11, 0x10, 0x0, 0x8f, 0xe5, 0xff,
    0xff, 0xff, 0xe0, 0x5, 0xff, 0x63, 0xcc, 0xcd,
    0xff, 0xd0, 0x3f, 0xff, 0x30, 0x0, 0x7f, 0xf9,
    0x10, 0x3f, 0xff, 0x6c, 0xcc, 0xff, 0xec, 0xc4,
    0x8, 0xbf, 0x7f, 0xff, 0xff, 0xff, 0xf5, 0x0,
    0xbf, 0x41, 0x11, 0xdf, 0x51, 0x10, 0x0, 0xbf,
    0x30, 0x0, 0xef, 0x40, 0x0, 0x0, 0xbf, 0x30,
    0xcf, 0xff, 0x30, 0x0, 0x0, 0xbf, 0x30, 0xaf,
    0xe9, 0x0, 0x0,

    /* U+5B8C "完" */
    0x0, 0x0, 0x0, 0x1, 0x0, 0x0, 0x0, 0x0,
    0x0, 0x6, 0xff, 0x0, 0x0, 0x0, 0xc, 0xdd,
    0xde, 0xff, 0xdd, 0xdd, 0xc0, 0xe, 0xff, 0xff,
    0xff, 0xff, 0xff, 0xf0, 0xe, 0xf1, 0x0, 0x0,
    0x0, 0x2f, 0xf0, 0x0, 0x7b, 0xbb, 0xbb, 0xbb,
    0xb6, 0x0, 0x0, 0xaf, 0xff, 0xff, 0xff, 0xf9,
    0x0, 0x0, 0x12, 0x22, 0x22, 0x22, 0x21, 0x0,
    0xe, 0xff, 0xff, 0xff, 0xff, 0xff, 0xd0, 0xb,
    0xdd, 0xff, 0xdf, 0xfd, 0xdd, 0xa0, 0x0, 0x5,
    0xfe, 0xd, 0xf3, 0x9, 0xb2, 0x0, 0x3d, 0xfa,
    0xd, 0xf4, 0xb, 0xf3, 0xc, 0xff, 0xe1, 0xc,
    0xfe, 0xdf, 0xf1, 0x7, 0xf9, 0x10, 0x4, 0xef,
    0xff, 0x90, 0x0, 0x10, 0x0, 0x0, 0x0, 0x0,
    0x0,

    /* U+5B9E "实" */
    0x0, 0x0, 0x0, 0x0, 0x0, 0x0, 0x0, 0x0,
    0x0, 0x2, 0xff, 0x50, 0x0, 0x0, 0xf, 0xff,
    0xff, 0xff, 0xff, 0xff, 0xf0, 0xf, 0xfe, 0xee,
    0xee, 0xee, 0xef, 0xf0, 0xf, 0xf2, 0xe6, 0x5,
    0xc7, 0xf, 0xf0, 0x5, 0x55, 0xff, 0xd8, 0xfa,
    0x6, 0x60, 0x0, 0x5d, 0x7a, 0xb8, 0xf9, 0x0,
    0x0, 0x0, 0x6f, 0xfd, 0x29, 0xf8, 0x0, 0x0,
    0xb, 0xbd, 0xff, 0xbe, 0xfd, 0xbb, 0xb1, 0x1f,
    0xff, 0xff, 0xff, 0xff, 0xff, 0xf2, 0x2, 0x22,
    0x27, 0xff, 0xf7, 0x22, 0x20, 0x2, 0x59, 0xdf,
    0xff, 0xff, 0xe8, 0x10, 0xb, 0xff, 0xfe, 0x80,
    0x4c, 0xff, 0xe0, 0x5, 0xd9, 0x40, 0x0, 0x0,
    0x3a, 0x70, 0x0, 0x0, 0x0, 0x0, 0x0, 0x0,
    0x0,

    /* U+5BF8 "寸" */
    0x0, 0x0, 0x0, 0x0, 0x5f, 0xf0, 0x0, 0x0,
    0x0, 0x0, 0x0, 0x5f, 0xf0, 0x0, 0xd, 0xdd,
    0xdd, 0xdd, 0xef, 0xfd, 0xd1, 0xf, 0xff, 0xff,
    0xff, 0xff, 0xff, 0xf1, 0x4, 0x45, 0x64, 0x44,
    0x8f, 0xf4, 0x40, 0x0, 0xc, 0xd1, 0x0, 0x5f,
    0xf0, 0x0, 0x0, 0x3f, 0xfc, 0x0, 0x5f, 0xf0,
    0x0, 0x0, 0x5, 0xff, 0xb0, 0x5f, 0xf0, 0x0,
    0x0, 0x0, 0x6f, 0x60, 0x5f, 0xf0, 0x0, 0x0,
    0x0, 0x3, 0x0, 0x5f, 0xf0, 0x0, 0x0, 0x0,
    0x2, 0x22, 0x8f, 0xf0, 0x0, 0x0, 0x0, 0xc,
    0xff, 0xff, 0xd0, 0x0, 0x0, 0x0, 0x8, 0xff,
    0xfd, 0x40, 0x0,

    /* U+5C0F "小" */
    0x0, 0x0, 0x0, 0xff, 0x40, 0x0, 0x0, 0x0,
    0x0, 0x0, 0xff, 0x40, 0x0, 0x0, 0x0, 0x23,
    0x0, 0xff, 0x41, 0x60, 0x0, 0x0, 0xaf, 0x90,
    0xff, 0x4e, 0xf6, 0x0, 0x0, 0xdf, 0x50, 0xff,
    0x49, 0xfc, 0x0, 0x1, 0xff, 0x10, 0xff, 0x44,
    0xff, 0x10, 0x5, 0xfd, 0x0, 0xff, 0x40, 0xef,
    0x70, 0xb, 0xf8, 0x0, 0xff, 0x40, 0x9f, 0xc0,
    0x1f, 0xf3, 0x0, 0xff, 0x40, 0x4f, 0xf2, 0x6f,
    0xd0, 0x0, 0xff, 0x40, 0xf, 0xf6, 0x5, 0x51,
    0x23, 0xff, 0x40, 0x5, 0x20, 0x0, 0x4, 0xff,
    0xff, 0x20, 0x0, 0x0, 0x0, 0x1, 0xff, 0xf9,
    0x0, 0x0, 0x0,

    /* U+5C3A "尺" */
    0x0, 0xef, 0xff, 0xff, 0xff, 0xff, 0x40, 0x0,
    0xef, 0xff, 0xff, 0xff, 0xff, 0x40, 0x0, 0xef,
    0x51, 0x11, 0x11, 0xef, 0x40, 0x0, 0xef, 0x40,
    0x0, 0x0, 0xef, 0x40, 0x0, 0xef, 0x62, 0x22,
    0x22, 0xef, 0x40, 0x0, 0xef, 0xff, 0xff, 0xff,
    0xff, 0x40, 0x0, 0xff, 0xff, 0xff, 0xff, 0xff,
    0x30, 0x0, 0xff, 0x30, 0xdf, 0x70, 0x0, 0x0,
    0x2, 0xff, 0x10, 0x6f, 0xf3, 0x0, 0x0, 0x6,
    0xfe, 0x0, 0xc, 0xfe, 0x50, 0x0, 0xb, 0xfa,
    0x0, 0x1, 0xdf, 0xfc, 0x60, 0x3f, 0xf4, 0x0,
    0x0, 0x1b, 0xff, 0xc0, 0x3d, 0xb0, 0x0, 0x0,
    0x0, 0x5d, 0x50, 0x1, 0x20, 0x0, 0x0, 0x0,
    0x0, 0x0,

    /* U+5C4F "屏" */
    0x2, 0xff, 0xff, 0xff, 0xff, 0xff, 0xc0, 0x2,
    0xff, 0xbb, 0xbb, 0xbb, 0xcf, 0xc0, 0x2, 0xfe,
    0x0, 0x0, 0x0, 0x4f, 0xc0, 0x2, 0xff, 0xff,
    0xff, 0xff, 0xff, 0xc0, 0x2, 0xff, 0xaa, 0xdd,
    0xad, 0xda, 0x70, 0x2, 0xfe, 0x24, 0xfe, 0x3e,
    0xf7, 0x20, 0x2, 0xfe, 0x9f, 0xff, 0xff, 0xff,
    0xd0, 0x3, 0xfd, 0x37, 0xfe, 0x6e, 0xf7, 0x50,
    0x4, 0xfc, 0xbc, 0xff, 0xbf, 0xfc, 0xb2, 0x7,
    0xf9, 0xff, 0xff, 0xff, 0xff, 0xf3, 0xc, 0xf6,
    0x8, 0xfa, 0xd, 0xf3, 0x0, 0x2f, 0xf1, 0x6f,
    0xf4, 0xd, 0xf2, 0x0, 0x6, 0xa0, 0x5f, 0x90,
    0xd, 0xf2, 0x0, 0x0, 0x0, 0x2, 0x0, 0x0,
    0x0, 0x0,

    /* U+5DE5 "工" */
    0x0, 0x11, 0x11, 0x11, 0x11, 0x11, 0x0, 0x5,
    0xff, 0xff, 0xff, 0xff, 0xff, 0x60, 0x5, 0xff,
    0xff, 0xff, 0xff, 0xff, 0x60, 0x0, 0x11, 0x14,
    0xff, 0x41, 0x11, 0x0, 0x0, 0x0, 0x3, 0xff,
    0x30, 0x0, 0x0, 0x0, 0x0, 0x3, 0xff, 0x30,
    0x0, 0x0, 0x0, 0x0, 0x3, 0xff, 0x30, 0x0,
    0x0, 0x0, 0x0, 0x3, 0xff, 0x30, 0x0, 0x0,
    0x0, 0x0, 0x3, 0xff, 0x30, 0x0, 0x0, 0x0,
    0x0, 0x3, 0xff, 0x30, 0x0, 0x0, 0x2f, 0xff,
    0xff, 0xff, 0xff, 0xff, 0xf3, 0x3f, 0xff, 0xff,
    0xff, 0xff, 0xff, 0xf3, 0x2, 0x22, 0x22, 0x22,
    0x22, 0x22, 0x20,

    /* U+5E27 "帧" */
    0x0, 0x7f, 0x70, 0x0, 0xef, 0x44, 0x40, 0x7,
    0xbf, 0xb7, 0x0, 0xef, 0xff, 0xf2, 0x1f, 0xff,
    0xff, 0x0, 0xef, 0xa9, 0x91, 0x1f, 0xcf, 0xbf,
    0x7c, 0xff, 0xcc, 0xa0, 0x1f, 0x8f, 0x8f, 0x9f,
    0xff, 0xff, 0xe0, 0x1f, 0x8f, 0x8f, 0x9f, 0x37,
    0x3e, 0xe0, 0x1f, 0x8f, 0x8f, 0x9f, 0x6f, 0x6e,
    0xe0, 0x1f, 0x8f, 0x8f, 0x9f, 0x6f, 0x6e, 0xe0,
    0x1f, 0x8f, 0xaf, 0x9f, 0x7f, 0x5e, 0xe0, 0x1f,
    0x8f, 0xff, 0x46, 0xcf, 0xa4, 0x30, 0x1d, 0x8f,
    0xa7, 0x2b, 0xff, 0xfd, 0x20, 0x0, 0x5f, 0x44,
    0xff, 0xd4, 0xdf, 0xe2, 0x0, 0x5f, 0x40, 0xc8,
    0x0, 0xa, 0xb0, 0x0, 0x0, 0x0, 0x0, 0x0,
    0x0, 0x0,

    /* U+5E55 "幕" */
    0x2f, 0xff, 0xff, 0xff, 0xff, 0xff, 0xf2, 0x6,
    0x67, 0xfe, 0x66, 0xef, 0x76, 0x60, 0x2, 0xff,
    0xff, 0xff, 0xff, 0xff, 0x20, 0x2, 0xff, 0x99,
    0x99, 0x99, 0xff, 0x20, 0x2, 0xff, 0xcc, 0xcc,
    0xcc, 0xff, 0x20, 0x2, 0xff, 0x88, 0x88, 0x88,
    0xff, 0x20, 0x1, 0xaa, 0xcf, 0xfa, 0xaa, 0xaa,
    0x10, 0x4f, 0xff, 0xff, 0xff, 0xff, 0xff, 0xf4,
    0x29, 0xcf, 0xfb, 0xde, 0xbf, 0xfd, 0x92, 0x2c,
    0xff, 0xe8, 0xff, 0x8e, 0xff, 0xe3, 0xf, 0xff,
    0xfe, 0xff, 0xee, 0xfe, 0xf0, 0x2, 0x6f, 0x80,
    0xef, 0x5a, 0xf8, 0x0, 0x0, 0x5e, 0x70, 0xef,
    0xaf, 0xe3, 0x0,

    /* U+5EA6 "度" */
    0x0, 0x0, 0x0, 0x0, 0x0, 0x0, 0x0, 0x0,
    0x11, 0x11, 0x9f, 0xf3, 0x11, 0x10, 0x3, 0xff,
    0xff, 0xff, 0xff, 0xff, 0xf8, 0x3, 0xfe, 0xaf,
    0xfa, 0xaa, 0xff, 0xa5, 0x3, 0xfe, 0xaf, 0xfa,
    0xab, 0xff, 0xa4, 0x3, 0xff, 0xff, 0xff, 0xff,
    0xff, 0xf6, 0x3, 0xfb, 0xf, 0xf6, 0x67, 0xfd,
    0x0, 0x3, 0xfb, 0xe, 0xff, 0xff, 0xfc, 0x0,
    0x4, 0xfb, 0x58, 0x88, 0x88, 0x88, 0x50, 0x4,
    0xfa, 0xbf, 0xff, 0xff, 0xff, 0xa0, 0x7, 0xf8,
    0x3e, 0xfa, 0x39, 0xff, 0x30, 0xa, 0xf5, 0x5,
    0xff, 0xff, 0xf5, 0x0, 0xf, 0xfa, 0xff, 0xff,
    0xef, 0xff, 0xf5, 0x9, 0xc5, 0xfc, 0x71, 0x3,
    0x9d, 0xf1, 0x0, 0x0, 0x0, 0x0, 0x0, 0x0,
    0x0,

    /* U+5F00 "开" */
    0x7, 0xff, 0xff, 0xff, 0xff, 0xff, 0xf0, 0x7,
    0xff, 0xff, 0xff, 0xff, 0xff, 0xf0, 0x0, 0x6,
    0xfe, 0x0, 0x2f, 0xf1, 0x0, 0x0, 0x6, 0xfe,
    0x0, 0x2f, 0xf1, 0x0, 0x0, 0x6, 0xfe, 0x0,
    0x2f, 0xf1, 0x0, 0x5, 0x59, 0xfe, 0x55, 0x6f,
    0xf6, 0x52, 0x1f, 0xff, 0xff, 0xff, 0xff, 0xff,
    0xf8, 0xc, 0xce, 0xff, 0xcc, 0xcf, 0xfc, 0xc6,
    0x0, 0x9, 0xfb, 0x0, 0x2f, 0xf1, 0x0, 0x0,
    0xd, 0xf8, 0x0, 0x2f, 0xf1, 0x0, 0x0, 0x9f,
    0xf3, 0x0, 0x2f, 0xf1, 0x0, 0x9, 0xff, 0x90,
    0x0, 0x2f, 0xf1, 0x0, 0x2, 0xea, 0x0, 0x0,
    0x2f, 0xf1, 0x0, 0x0, 0x10, 0x0, 0x0, 0x0,
    0x0, 0x0,

    /* U+5F53 "当" */
    0x5, 0x60, 0x1f, 0xf2, 0x2, 0xa1, 0x2f, 0xf4,
    0x1f, 0xf2, 0x1d, 0xfa, 0x9, 0xfe, 0x3f, 0xf3,
    0xdf, 0xe1, 0x0, 0xb8, 0x1f, 0xf2, 0x8f, 0x30,
    0x7f, 0xff, 0xff, 0xff, 0xff, 0xec, 0x8f, 0xff,
    0xff, 0xff, 0xff, 0xfe, 0x1, 0x11, 0x11, 0x11,
    0x16, 0xfe, 0xd, 0xdd, 0xdd, 0xdd, 0xde, 0xfe,
    0xf, 0xff, 0xff, 0xff, 0xff, 0xfe, 0x2, 0x22,
    0x22, 0x22, 0x27, 0xfe, 0x8c, 0xcc, 0xcc, 0xcc,
    0xcd, 0xfe, 0xbf, 0xff, 0xff, 0xff, 0xff, 0xfe,
    0x24, 0x44, 0x44, 0x44, 0x48, 0xfe,

    /* U+5F55 "录" */
    0x4, 0xff, 0xff, 0xff, 0xff, 0xfe, 0x0, 0x3,
    0xbb, 0xbb, 0xbb, 0xbc, 0xfe, 0x0, 0x0, 0x77,
    0x77, 0x77, 0x79, 0xfe, 0x0, 0x0, 0xef, 0xff,
    0xff, 0xff, 0xfe, 0x0, 0x0, 0x66, 0x66, 0x66,
    0x68, 0xfe, 0x0, 0x1c, 0xcc, 0xcc, 0xcc, 0xcd,
    0xff, 0xc7, 0x1f, 0xff, 0xff, 0xff, 0xff, 0xff,
    0xf9, 0x4, 0xfc, 0x20, 0xef, 0x80, 0x7f, 0x60,
    0x0, 0xaf, 0xcd, 0xff, 0xfd, 0xff, 0x60, 0x0,
    0x5f, 0xff, 0xff, 0xff, 0xf4, 0x0, 0xc, 0xff,
    0xd5, 0xef, 0x8e, 0xff, 0xc4, 0xc, 0xe7, 0xae,
    0xff, 0x31, 0xbf, 0xf2, 0x2, 0x10, 0x8f, 0xfb,
    0x0, 0x3, 0x80,

    /* U+5F85 "待" */
    0x0, 0x1, 0x0, 0x0, 0x0, 0x0, 0x0, 0x0,
    0x5f, 0x60, 0x0, 0xef, 0x30, 0x0, 0x3, 0xff,
    0x95, 0xdd, 0xff, 0xdd, 0xc0, 0x2f, 0xfc, 0x7,
    0xff, 0xff, 0xff, 0xe0, 0x1f, 0xc5, 0x1, 0x22,
    0xef, 0x42, 0x10, 0x9, 0x5f, 0xcf, 0xff, 0xff,
    0xff, 0xf8, 0x0, 0xdf, 0xdf, 0xff, 0xff, 0xff,
    0xf8, 0xa, 0xff, 0x11, 0x11, 0x12, 0xff, 0x10,
    0x5f, 0xff, 0xf, 0xff, 0xff, 0xff, 0xf6, 0x3f,
    0xff, 0xd, 0xfe, 0xdd, 0xff, 0xd5, 0x5, 0xff,
    0x4, 0xfc, 0x11, 0xff, 0x0, 0x0, 0xff, 0x0,
    0xcf, 0x53, 0xff, 0x0, 0x0, 0xff, 0x0, 0x19,
    0xff, 0xff, 0x0, 0x0, 0xff, 0x0, 0x3, 0xff,
    0xe8, 0x0, 0x0, 0x0, 0x0, 0x0, 0x0, 0x0,
    0x0,

    /* U+5FD7 "志" */
    0x0, 0x0, 0x0, 0xef, 0x40, 0x0, 0x0, 0x3,
    0x33, 0x33, 0xef, 0x73, 0x33, 0x31, 0x1f, 0xff,
    0xff, 0xff, 0xff, 0xff, 0xf7, 0x1d, 0xdd, 0xdd,
    0xff, 0xdd, 0xdd, 0xd6, 0x0, 0x0, 0x0, 0xef,
    0x50, 0x0, 0x0, 0x2, 0xff, 0xff, 0xff, 0xff,
    0xff, 0x80, 0x2, 0xff, 0xff, 0xff, 0xff, 0xff,
    0x80, 0x0, 0x31, 0x87, 0x6f, 0x50, 0x6, 0x0,
    0x5, 0xfe, 0xfe, 0x6f, 0xe0, 0xbf, 0x60, 0xb,
    0xfa, 0xfe, 0x9, 0x4c, 0xcf, 0xe1, 0x1f, 0xf4,
    0xfe, 0x0, 0xf, 0xdc, 0xf7, 0x7, 0xa2, 0xff,
    0xff, 0xff, 0xc3, 0x70, 0x0, 0x0, 0xaf, 0xff,
    0xfe, 0x50, 0x0,

    /* U+6001 "态" */
    0x0, 0x0, 0x0, 0x0, 0x0, 0x0, 0x0, 0x0,
    0x0, 0x1, 0xff, 0x20, 0x0, 0x0, 0xd, 0xee,
    0xee, 0xff, 0xee, 0xee, 0xe0, 0xe, 0xff, 0xff,
    0xff, 0xff, 0xff, 0xf0, 0x0, 0x11, 0x4f, 0xff,
    0xf4, 0x11, 0x0, 0x0, 0x5, 0xef, 0xea, 0xff,
    0x70, 0x0, 0x6, 0xcf, 0xff, 0xfa, 0xbf, 0xfe,
    0x81, 0x1f, 0xff, 0xa5, 0xf9, 0x8, 0xff, 0xf1,
    0x9, 0xb4, 0x0, 0x47, 0x0, 0x2a, 0xa0, 0x2,
    0x86, 0xd9, 0xcf, 0x50, 0xad, 0x0, 0x8, 0xfd,
    0xfb, 0x3f, 0xd6, 0xdf, 0x80, 0xe, 0xf7, 0xfb,
    0x4, 0x4f, 0xdf, 0xf2, 0x3f, 0xb4, 0xff, 0xee,
    0xff, 0x9a, 0xb2, 0x1, 0x20, 0xcf, 0xff, 0xfe,
    0x30, 0x0,

    /* U+603B "总" */
    0x0, 0x0, 0x0, 0x0, 0x0, 0x0, 0x0, 0x0,
    0x5, 0xca, 0x0, 0x9c, 0x60, 0x0, 0x0, 0x5,
    0xff, 0x43, 0xff, 0x50, 0x0, 0x0, 0xff, 0xff,
    0xff, 0xff, 0xff, 0x0, 0x0, 0xff, 0xee, 0xee,
    0xee, 0xff, 0x0, 0x0, 0xff, 0x30, 0x0, 0x3,
    0xff, 0x0, 0x0, 0xff, 0xcc, 0xcc, 0xcc, 0xff,
    0x0, 0x0, 0xff, 0xff, 0xff, 0xff, 0xff, 0x0,
    0x0, 0x33, 0x33, 0xbf, 0x53, 0x36, 0x0, 0x6,
    0xda, 0xc8, 0xdf, 0xb0, 0xaf, 0x10, 0xb, 0xfc,
    0xfa, 0x2f, 0xa8, 0xdf, 0x90, 0x1f, 0xf7, 0xfb,
    0x1, 0x4f, 0xcf, 0xf2, 0x3d, 0xa6, 0xff, 0xff,
    0xff, 0x89, 0xc3, 0x0, 0x11, 0xdf, 0xff, 0xfd,
    0x20, 0x0,

    /* U+6062 "恢" */
    0x0, 0x0, 0x0, 0x0, 0x0, 0x0, 0x0, 0x0,
    0xcf, 0x10, 0xdf, 0x0, 0x0, 0x0, 0x0, 0xcf,
    0x1b, 0xff, 0xcc, 0xcc, 0xc2, 0xb, 0xef, 0xcf,
    0xff, 0xff, 0xff, 0xf3, 0x1f, 0xef, 0xf7, 0xfd,
    0x3b, 0x61, 0x10, 0x2f, 0xcf, 0x84, 0xfc, 0x4f,
    0x93, 0x50, 0x4e, 0xcf, 0x17, 0xff, 0x8f, 0x8c,
    0xf2, 0x6c, 0xcf, 0x1b, 0xff, 0xff, 0xcf, 0xb0,
    0x0, 0xcf, 0x3f, 0xec, 0xff, 0xff, 0x30, 0x0,
    0xcf, 0xbf, 0x81, 0xdf, 0xf4, 0x0, 0x0, 0xcf,
    0xff, 0x15, 0xff, 0xfa, 0x0, 0x0, 0xcf, 0xf7,
    0x5f, 0xf4, 0xdf, 0x70, 0x0, 0xcf, 0x38, 0xff,
    0x60, 0x4f, 0xf3, 0x0, 0xcf, 0x11, 0xd6, 0x0,
    0x6, 0x70, 0x0, 0x0, 0x0, 0x0, 0x0, 0x0,
    0x0,

    /* U+606F "息" */
    0x0, 0x0, 0x0, 0x0, 0x0, 0x0, 0x0, 0x0,
    0x0, 0xa, 0xf7, 0x0, 0x0, 0x0, 0x2, 0xff,
    0xff, 0xff, 0xff, 0xff, 0x20, 0x2, 0xff, 0x88,
    0x88, 0x88, 0xff, 0x20, 0x2, 0xff, 0xff, 0xff,
    0xff, 0xff, 0x20, 0x2, 0xff, 0x66, 0x66, 0x66,
    0xff, 0x20, 0x2, 0xff, 0xff, 0xff, 0xff, 0xff,
    0x20, 0x2, 0xff, 0x77, 0x77, 0x77, 0xff, 0x20,
    0x2, 0xff, 0xff, 0xff, 0xff, 0xff, 0x20, 0x2,
    0xa9, 0xb9, 0xcd, 0x88, 0x9c, 0x10, 0x8, 0xfe,
    0xf9, 0xef, 0x84, 0xef, 0x10, 0xe, 0xf9, 0xf8,
    0x4b, 0x8f, 0xdf, 0xb0, 0x4f, 0xb7, 0xff, 0xcc,
    0xef, 0x4d, 0xe2, 0x2, 0x22, 0xdf, 0xff, 0xfb,
    0x2, 0x10,

    /* U+60C5 "情" */
    0x0, 0xdf, 0x13, 0x36, 0xfa, 0x33, 0x30, 0x0,
    0xdf, 0x4f, 0xff, 0xff, 0xff, 0xf2, 0xa, 0xef,
    0x77, 0x79, 0xfc, 0x77, 0x70, 0x1f, 0xff, 0xff,
    0xff, 0xff, 0xff, 0xc0, 0x2f, 0xef, 0xda, 0x9b,
    0xfd, 0x99, 0x93, 0x4f, 0xdf, 0x5a, 0xaa, 0xaa,
    0xaa, 0xa3, 0x6d, 0xdf, 0xd, 0xff, 0xff, 0xff,
    0xb0, 0x0, 0xdf, 0xe, 0xf9, 0x99, 0xaf, 0xc0,
    0x0, 0xdf, 0xe, 0xff, 0xff, 0xff, 0xc0, 0x0,
    0xdf, 0xe, 0xf9, 0x99, 0xaf, 0xc0, 0x0, 0xdf,
    0xe, 0xff, 0xff, 0xff, 0xc0, 0x0, 0xdf, 0xe,
    0xf0, 0x38, 0xaf, 0xb0, 0x0, 0xdf, 0xe, 0xf0,
    0x3f, 0xff, 0x60, 0x0, 0x0, 0x0, 0x0, 0x0,
    0x0, 0x0,

    /* U+6210 "成" */
    0x0, 0x0, 0x0, 0x0, 0x0, 0x20, 0x0, 0x0,
    0x0, 0x0, 0x9, 0xf6, 0xdb, 0x0, 0x0, 0x0,
    0x0, 0x8, 0xf7, 0xdf, 0x60, 0x2, 0xff, 0xff,
    0xff, 0xff, 0xff, 0xf7, 0x2, 0xff, 0xff, 0xff,
    0xff, 0xff, 0xf8, 0x2, 0xfd, 0x0, 0x4, 0xf9,
    0x19, 0x30, 0x2, 0xff, 0xff, 0xf6, 0xfb, 0x6f,
    0xb0, 0x2, 0xff, 0xff, 0xf4, 0xfd, 0xdf, 0x50,
    0x3, 0xfc, 0xd, 0xf1, 0xff, 0xfd, 0x0, 0x4,
    0xfc, 0xe, 0xf1, 0xcf, 0xf4, 0x10, 0x6, 0xfb,
    0x2f, 0xf2, 0xef, 0xb0, 0xf8, 0xa, 0xff, 0xff,
    0xfe, 0xff, 0xe5, 0xf7, 0xf, 0xf7, 0xcb, 0xdf,
    0xba, 0xff, 0xf3, 0x7, 0xb0, 0x0, 0x16, 0x0,
    0xbf, 0x90,

    /* U+62A5 "报" */
    0x0, 0xff, 0xc, 0xff, 0xff, 0xff, 0xe0, 0x0,
    0xff, 0xd, 0xff, 0xff, 0xff, 0xf0, 0x1e, 0xff,
    0xdd, 0xf3, 0x22, 0x5f, 0xe0, 0x2f, 0xff, 0xfd,
    0xf3, 0xef, 0xff, 0xd0, 0x0, 0xff, 0xd, 0xf3,
    0x7a, 0x99, 0x30, 0x0, 0xff, 0x6d, 0xfe, 0xdd,
    0xdd, 0xd0, 0x6, 0xff, 0xdd, 0xff, 0xff, 0xff,
    0xf0, 0x3f, 0xff, 0x8d, 0xfe, 0xf6, 0x3f, 0xd0,
    0xc, 0xff, 0xd, 0xf7, 0xfd, 0xbf, 0x60, 0x0,
    0xff, 0xd, 0xf3, 0xbf, 0xfc, 0x0, 0x1, 0xff,
    0xd, 0xf5, 0xbf, 0xfd, 0x40, 0x2f, 0xfe, 0xd,
    0xff, 0xfd, 0xdf, 0xf6, 0xf, 0xf8, 0xd, 0xf9,
    0xa0, 0x8, 0xc0, 0x0, 0x0, 0x0, 0x10, 0x0,
    0x0, 0x0,

    /* U+62E3 "拣" */
    0x0, 0x0, 0x0, 0x3, 0x20, 0x0, 0x0, 0x0,
    0xff, 0x2, 0x3e, 0xf5, 0x33, 0x20, 0x0, 0xff,
    0xe, 0xff, 0xff, 0xff, 0xd0, 0x1e, 0xff, 0xbb,
    0xef, 0xec, 0xcc, 0xa0, 0x1f, 0xff, 0xc3, 0xcf,
    0x73, 0x0, 0x0, 0x0, 0xff, 0xf, 0xff, 0xff,
    0x40, 0x0, 0x0, 0xff, 0x7b, 0xfb, 0xbf, 0x40,
    0x0, 0x18, 0xff, 0xec, 0xfd, 0xef, 0xdc, 0x90,
    0x4f, 0xff, 0x9c, 0xff, 0xff, 0xff, 0xd0, 0x1d,
    0xff, 0x2, 0xa2, 0xbf, 0x7b, 0x10, 0x0, 0xff,
    0x8, 0xf7, 0xbf, 0xef, 0x50, 0x0, 0xff, 0x2f,
    0xf2, 0xcf, 0x7f, 0xd0, 0x1d, 0xff, 0x7f, 0xdf,
    0xff, 0x3b, 0xf2, 0xf, 0xfa, 0x6, 0x4f, 0xfc,
    0x3, 0x20, 0x1, 0x10, 0x0, 0x0, 0x0, 0x0,
    0x0,

    /* U+6307 "指" */
    0x0, 0xff, 0xa, 0xf5, 0x0, 0x39, 0x20, 0x0,
    0xff, 0xb, 0xf9, 0x9e, 0xff, 0x70, 0x1e, 0xff,
    0xeb, 0xff, 0xff, 0xed, 0x70, 0x2f, 0xff, 0xfa,
    0xfc, 0x62, 0x8, 0xf6, 0x0, 0xff, 0xa, 0xff,
    0xee, 0xef, 0xf5, 0x0, 0xff, 0x82, 0xde, 0xee,
    0xee, 0xb1, 0x6, 0xff, 0xf7, 0xcc, 0xcc, 0xcc,
    0xb0, 0x4f, 0xff, 0xba, 0xff, 0xff, 0xff, 0xe0,
    0x2e, 0xff, 0xa, 0xfa, 0x55, 0x6f, 0xe0, 0x0,
    0xff, 0xa, 0xff, 0xff, 0xff, 0xe0, 0x0, 0xff,
    0xa, 0xf9, 0x55, 0x6f, 0xe0, 0x4f, 0xff, 0xa,
    0xff, 0xff, 0xff, 0xe0, 0x1f, 0xf8, 0xa, 0xfd,
    0xbb, 0xbf, 0xe0, 0x0, 0x0, 0x0, 0x0, 0x0,
    0x0, 0x0,

    /* U+63A7 "控" */
    0x0, 0x0, 0x0, 0x0, 0x1, 0x0, 0x0, 0x0,
    0xfe, 0x0, 0x3, 0xfe, 0x0, 0x0, 0x0, 0xfe,
    0x1e, 0xee, 0xff, 0xee, 0xe1, 0x1e, 0xff, 0xaf,
    0xff, 0xff, 0xff, 0xf1, 0x1f, 0xff, 0xbf, 0xc3,
    0x11, 0x3d, 0xf1, 0x1, 0xfe, 0x15, 0x9f, 0x47,
    0xfa, 0x50, 0x0, 0xff, 0x58, 0xff, 0x57, 0xff,
    0xa0, 0x18, 0xff, 0xb6, 0xe4, 0x0, 0x3d, 0x80,
    0x4f, 0xff, 0x69, 0xfe, 0xee, 0xef, 0x90, 0x1d,
    0xfe, 0xa, 0xff, 0xff, 0xff, 0xa0, 0x0, 0xfe,
    0x0, 0x1, 0xff, 0x0, 0x0, 0x1, 0xfe, 0x0,
    0x1, 0xff, 0x0, 0x0, 0x3f, 0xfe, 0x7f, 0xff,
    0xff, 0xff, 0xf2, 0xf, 0xf7, 0x6e, 0xee, 0xee,
    0xee, 0xe2,

    /* U+63A8 "推" */
    0x0, 0x0, 0x0, 0x0, 0x0, 0x10, 0x0, 0x0,
    0xff, 0x0, 0xee, 0x3f, 0xe0, 0x0, 0x0, 0xff,
    0x2, 0xff, 0xe, 0xf2, 0x0, 0x1d, 0xff, 0xb8,
    0xff, 0xff, 0xff, 0xf2, 0x1f, 0xff, 0xef, 0xfd,
    0xcf, 0xfc, 0xc2, 0x2, 0xff, 0x8f, 0xf7, 0xe,
    0xf2, 0x0, 0x0, 0xff, 0x9f, 0xff, 0xff, 0xff,
    0xf1, 0x16, 0xff, 0xed, 0xfd, 0xbf, 0xfc, 0xb0,
    0x4f, 0xff, 0xa9, 0xf9, 0x4f, 0xf6, 0x40, 0x1c,
    0xff, 0x9, 0xff, 0xff, 0xff, 0xf1, 0x0, 0xff,
    0x9, 0xfa, 0x6f, 0xf7, 0x60, 0x2, 0xff, 0x9,
    0xfc, 0x9f, 0xfa, 0x93, 0x1f, 0xff, 0x9, 0xff,
    0xff, 0xff, 0xf5, 0xd, 0xe7, 0x9, 0xf8, 0x22,
    0x22, 0x20,

    /* U+6570 "数" */
    0x0, 0x0, 0x0, 0x0, 0x0, 0x0, 0x0, 0x3,
    0x85, 0xf6, 0x84, 0x3f, 0x90, 0x0, 0x8, 0xfa,
    0xfa, 0xf9, 0x7f, 0xa5, 0x53, 0x7, 0xda, 0xfb,
    0xe5, 0xdf, 0xff, 0xf8, 0xf, 0xff, 0xff, 0xfe,
    0xfe, 0xaf, 0xe5, 0x5, 0xef, 0xfe, 0x8d, 0xfc,
    0x1f, 0xb0, 0xf, 0xfc, 0xff, 0xfd, 0xfe, 0x3f,
    0x90, 0x9, 0xad, 0x82, 0x82, 0xcf, 0xaf, 0x60,
    0xa, 0xcf, 0xda, 0xa5, 0x5f, 0xff, 0x20, 0x1f,
    0xff, 0xff, 0xf7, 0xf, 0xfc, 0x0, 0x9, 0xfe,
    0x6d, 0xf2, 0x1e, 0xfc, 0x0, 0x1, 0xaf, 0xff,
    0xb2, 0xdf, 0xff, 0xd2, 0x1c, 0xff, 0xef, 0xee,
    0xfc, 0x4f, 0xf5, 0xc, 0xd7, 0x2, 0x39, 0xa0,
    0x4, 0xc0, 0x0, 0x0, 0x0, 0x0, 0x0, 0x0,
    0x0,

    /* U+6574 "整" */
    0x0, 0x0, 0x0, 0x0, 0x1, 0x0, 0x0, 0xf,
    0xff, 0xff, 0xfa, 0x9f, 0xca, 0xa5, 0x6, 0x6b,
    0xf8, 0x64, 0xef, 0xff, 0xf8, 0x4, 0x5b, 0xf7,
    0x59, 0xfd, 0xcf, 0xf6, 0xb, 0xfe, 0xfd, 0xff,
    0xfd, 0x6f, 0x80, 0xb, 0xec, 0xfa, 0xfa, 0x9f,
    0xfe, 0x10, 0x8, 0xff, 0xff, 0xd7, 0x9f, 0xff,
    0xa3, 0xe, 0xfa, 0xdb, 0xfa, 0xf9, 0x4b, 0xf3,
    0x9, 0xb8, 0x88, 0xb8, 0xa8, 0x88, 0x90, 0x7,
    0xff, 0xff, 0xff, 0xff, 0xff, 0xc0, 0x0, 0x3a,
    0x60, 0xaf, 0xb9, 0x99, 0x10, 0x0, 0x5f, 0xa0,
    0xaf, 0xb9, 0x99, 0x10, 0x1f, 0xff, 0xff, 0xff,
    0xff, 0xff, 0xf8, 0x8, 0x88, 0x88, 0x88, 0x88,
    0x88, 0x84,

    /* U+65B0 "新" */
    0x0, 0x9, 0xd5, 0x0, 0x0, 0x4, 0x80, 0x9,
    0xce, 0xfe, 0xc6, 0xce, 0xff, 0xf1, 0xc, 0xff,
    0xff, 0xf8, 0xff, 0xfc, 0x71, 0x0, 0xfd, 0x1f,
    0xc1, 0xff, 0x10, 0x0, 0xa, 0xef, 0xcf, 0xd7,
    0xff, 0x66, 0x62, 0x1f, 0xff, 0xff, 0xfb, 0xff,
    0xff, 0xf6, 0x3, 0x49, 0xf8, 0x43, 0xff, 0xbf,
    0xe3, 0xd, 0xff, 0xff, 0xf9, 0xff, 0x3f, 0xc0,
    0xa, 0xcd, 0xfd, 0xd8, 0xff, 0x2f, 0xc0, 0x6,
    0xeb, 0xfb, 0xf9, 0xfe, 0x2f, 0xc0, 0xd, 0xf8,
    0xf7, 0xee, 0xfa, 0x2f, 0xc0, 0x1d, 0xed, 0xf5,
    0x2f, 0xf6, 0x2f, 0xc0, 0x0, 0x9f, 0xf3, 0x3d,
    0xe0, 0x2f, 0xc0, 0x0, 0x13, 0x10, 0x0, 0x20,
    0x0, 0x0,

    /* U+65E5 "日" */
    0x2f, 0xff, 0xff, 0xff, 0xff, 0xf3, 0x2f, 0xff,
    0xff, 0xff, 0xff, 0xf3, 0x2f, 0xf3, 0x22, 0x22,
    0x2f, 0xf3, 0x2f, 0xf1, 0x0, 0x0, 0xf, 0xf3,
    0x2f, 0xf1, 0x0, 0x0, 0xf, 0xf3, 0x2f, 0xfd,
    0xdd, 0xdd, 0xdf, 0xf3, 0x2f, 0xff, 0xff, 0xff,
    0xff, 0xf3, 0x2f, 0xf5, 0x44, 0x44, 0x5f, 0xf3,
    0x2f, 0xf1, 0x0, 0x0, 0xf, 0xf3, 0x2f, 0xf1,
    0x0, 0x0, 0xf, 0xf3, 0x2f, 0xff, 0xff, 0xff,
    0xff, 0xf3, 0x2f, 0xff, 0xff, 0xff, 0xff, 0xf3,
    0x2f, 0xf4, 0x33, 0x33, 0x3f, 0xf3, 0x0, 0x0,
    0x0, 0x0, 0x0, 0x0,

    /* U+65F6 "时" */
    0xef, 0xff, 0xf1, 0x0, 0xf, 0xf1, 0xe, 0xff,
    0xff, 0x11, 0x11, 0xff, 0x20, 0xef, 0xe, 0xf9,
    0xff, 0xff, 0xff, 0x3e, 0xf0, 0xef, 0x9f, 0xff,
    0xff, 0xf3, 0xef, 0xe, 0xf6, 0x99, 0x9f, 0xf9,
    0x2e, 0xfd, 0xff, 0x6e, 0x40, 0xff, 0x10, 0xef,
    0xff, 0xf7, 0xfd, 0xf, 0xf1, 0xe, 0xf1, 0xef,
    0x1d, 0xf6, 0xff, 0x10, 0xef, 0xe, 0xf1, 0x5e,
    0x6f, 0xf1, 0xe, 0xf2, 0xef, 0x10, 0x0, 0xff,
    0x10, 0xef, 0xff, 0xf1, 0x12, 0x3f, 0xf1, 0xe,
    0xfd, 0xdd, 0x18, 0xff, 0xff, 0x0, 0x0, 0x0,
    0x0, 0x5f, 0xfe, 0x80, 0x0,

    /* U+662F "是" */
    0x0, 0xcf, 0xff, 0xff, 0xff, 0xff, 0x0, 0x0,
    0xcf, 0xcb, 0xbb, 0xbb, 0xff, 0x0, 0x0, 0xcf,
    0xcb, 0xbb, 0xbb, 0xff, 0x0, 0x0, 0xcf, 0xdc,
    0xcc, 0xcc, 0xff, 0x0, 0x0, 0xcf, 0xb9, 0x99,
    0x9a, 0xff, 0x0, 0x0, 0xcf, 0xff, 0xff, 0xff,
    0xff, 0x0, 0x7, 0x77, 0x77, 0x77, 0x77, 0x77,
    0x74, 0x1f, 0xff, 0xff, 0xff, 0xff, 0xff, 0xf9,
    0x5, 0x7b, 0x85, 0xdf, 0x86, 0x66, 0x53, 0x0,
    0x6f, 0x90, 0xcf, 0xff, 0xff, 0x50, 0x0, 0xdf,
    0xf5, 0xcf, 0xba, 0xaa, 0x30, 0xc, 0xfd, 0xff,
    0xff, 0xdc, 0xcc, 0xc6, 0x9, 0xe1, 0x3b, 0xef,
    0xff, 0xff, 0xf4, 0x0, 0x10, 0x0, 0x0, 0x0,
    0x0, 0x0,

    /* U+6700 "最" */
    0x0, 0xdf, 0xff, 0xff, 0xff, 0xff, 0x20, 0x0,
    0xdf, 0x85, 0x55, 0x55, 0xff, 0x20, 0x0, 0xdf,
    0xff, 0xff, 0xff, 0xff, 0x20, 0x0, 0xdf, 0xcb,
    0xbb, 0xbb, 0xff, 0x20, 0x0, 0x8a, 0xaa, 0xaa,
    0xaa, 0xaa, 0x10, 0x1f, 0xff, 0xff, 0xff, 0xff,
    0xff, 0xf8, 0xa, 0xfd, 0x9d, 0xfa, 0x99, 0x99,
    0x95, 0x3, 0xfe, 0xdf, 0xf9, 0xee, 0xee, 0xe0,
    0x3, 0xfb, 0x6c, 0xf9, 0xfd, 0xbf, 0xf0, 0x3,
    0xff, 0xff, 0xf3, 0xfe, 0xcf, 0x70, 0x3, 0xfb,
    0x7d, 0xf7, 0x7f, 0xfd, 0x0, 0xe, 0xff, 0xff,
    0xfe, 0xff, 0xff, 0xf6, 0xa, 0x86, 0x4b, 0xf5,
    0xc3, 0x18, 0xe2, 0x0, 0x0, 0x0, 0x0, 0x0,
    0x0, 0x0,

    /* U+672A "未" */
    0x0, 0x0, 0x1, 0xff, 0x10, 0x0, 0x0, 0x0,
    0x11, 0x12, 0xff, 0x21, 0x11, 0x0, 0x7, 0xff,
    0xff, 0xff, 0xff, 0xff, 0x80, 0x7, 0xff, 0xff,
    0xff, 0xff, 0xff, 0x70, 0x0, 0x0, 0x1, 0xff,
    0x10, 0x0, 0x0, 0x3f, 0xff, 0xff, 0xff, 0xff,
    0xff, 0xf3, 0x3f, 0xff, 0xff, 0xff, 0xff, 0xff,
    0xf3, 0x1, 0x11, 0x6f, 0xff, 0xf7, 0x11, 0x10,
    0x0, 0x7, 0xff, 0xff, 0xff, 0x80, 0x0, 0x2,
    0xbf, 0xfa, 0xff, 0x9f, 0xfd, 0x50, 0x2f, 0xff,
    0x81, 0xff, 0x16, 0xff, 0xf2, 0xb, 0xf5, 0x1,
    0xff, 0x10, 0x3d, 0x90, 0x2, 0x10, 0x1, 0xff,
    0x10, 0x0, 0x0,

    /* U+672C "本" */
    0x0, 0x0, 0x1, 0xff, 0x0, 0x0, 0x0, 0x1,
    0x11, 0x13, 0xff, 0x11, 0x11, 0x10, 0xe, 0xff,
    0xff, 0xff, 0xff, 0xff, 0xd0, 0xe, 0xff, 0xff,
    0xff, 0xff, 0xff, 0xc0, 0x0, 0x0, 0x5f, 0xff,
    0xf3, 0x0, 0x0, 0x0, 0x2, 0xef, 0xff, 0xfd,
    0x0, 0x0, 0x0, 0x1d, 0xf9, 0xff, 0xaf, 0xb0,
    0x0, 0x2, 0xdf, 0xc2, 0xff, 0x1d, 0xfb, 0x10,
    0x3f, 0xfd, 0x11, 0xff, 0x2, 0xef, 0xe2, 0x1f,
    0xe8, 0xff, 0xff, 0xff, 0x7e, 0xe0, 0x8, 0x16,
    0xff, 0xff, 0xff, 0x42, 0x50, 0x0, 0x0, 0x1,
    0xff, 0x0, 0x0, 0x0, 0x0, 0x0, 0x1, 0xff,
    0x0, 0x0, 0x0,

    /* U+673A "机" */
    0x0, 0xcf, 0x20, 0x88, 0x88, 0x81, 0x0, 0x0,
    0xcf, 0x21, 0xff, 0xff, 0xf2, 0x0, 0x1e, 0xff,
    0xe7, 0xff, 0xae, 0xf2, 0x0, 0x1f, 0xff, 0xf7,
    0xfd, 0xd, 0xf2, 0x0, 0x0, 0xef, 0x21, 0xfd,
    0xd, 0xf2, 0x0, 0x5, 0xff, 0xa2, 0xfd, 0xd,
    0xf2, 0x0, 0xd, 0xff, 0xff, 0xfd, 0xd, 0xf2,
    0x0, 0x3f, 0xff, 0xed, 0xfd, 0xd, 0xf2, 0x0,
    0x2f, 0xff, 0x34, 0xfc, 0xd, 0xf7, 0xa1, 0xb,
    0xcf, 0x24, 0xfa, 0xd, 0xf9, 0xf2, 0x1, 0xcf,
    0x2a, 0xf6, 0xd, 0xf9, 0xf2, 0x0, 0xcf, 0x6f,
    0xf1, 0xc, 0xff, 0xf1, 0x0, 0xcf, 0x6b, 0x50,
    0x7, 0xff, 0xb0,

    /* U+6781 "极" */
    0x0, 0xff, 0xc, 0xff, 0xff, 0xff, 0x40, 0x0,
    0xff, 0xb, 0xff, 0xee, 0xff, 0x40, 0x2e, 0xff,
    0xe0, 0xdf, 0x1, 0xfe, 0x0, 0x2f, 0xff, 0xf1,
    0xef, 0x9, 0xf8, 0x10, 0x2, 0xff, 0x10, 0xff,
    0x5d, 0xff, 0xf0, 0x9, 0xff, 0xe5, 0xff, 0xa5,
    0x6f, 0xf0, 0x1f, 0xff, 0xf6, 0xff, 0xf3, 0x8f,
    0x80, 0xaf, 0xff, 0x36, 0xfd, 0xfd, 0xff, 0x10,
    0x8c, 0xff, 0xb, 0xf4, 0xcf, 0xf8, 0x0, 0x13,
    0xff, 0x2f, 0xe2, 0xdf, 0xf9, 0x0, 0x0, 0xff,
    0xbf, 0xde, 0xfe, 0xff, 0xc1, 0x0, 0xff, 0xaf,
    0xff, 0xc1, 0x6f, 0xf1, 0x0, 0xff, 0x16, 0xa8,
    0x0, 0x4, 0x70, 0x0, 0x0, 0x0, 0x0, 0x0,
    0x0, 0x0,

    /* U+679C "果" */
    0x0, 0xff, 0xff, 0xff, 0xff, 0xff, 0x60, 0x0,
    0xff, 0xcc, 0xff, 0xdc, 0xef, 0x60, 0x0, 0xff,
    0x10, 0xdf, 0x40, 0xaf, 0x60, 0x0, 0xff, 0xff,
    0xff, 0xff, 0xff, 0x60, 0x0, 0xff, 0x88, 0xef,
    0x98, 0xdf, 0x60, 0x0, 0xff, 0xee, 0xff, 0xfe,
    0xff, 0x60, 0x0, 0x99, 0x99, 0xef, 0xb9, 0x99,
    0x30, 0xc, 0xcc, 0xcc, 0xff, 0xdc, 0xcc, 0xc6,
    0x1f, 0xff, 0xff, 0xff, 0xff, 0xff, 0xf8, 0x0,
    0x6, 0xef, 0xff, 0xff, 0x91, 0x0, 0x7, 0xdf,
    0xf9, 0xdf, 0x7e, 0xfe, 0x92, 0xe, 0xfe, 0x50,
    0xdf, 0x31, 0xaf, 0xf4, 0x7, 0x70, 0x0, 0xdf,
    0x30, 0x3, 0x90,

    /* U+6807 "标" */
    0x0, 0xfe, 0x7, 0xff, 0xff, 0xff, 0xd0, 0x3,
    0xfe, 0x36, 0xff, 0xff, 0xff, 0xd0, 0x2f, 0xff,
    0xf0, 0x0, 0x0, 0x0, 0x0, 0x2f, 0xff, 0xf0,
    0x0, 0x0, 0x0, 0x0, 0x6, 0xfe, 0x4d, 0xee,
    0xee, 0xee, 0xe4, 0x8, 0xff, 0x2e, 0xff, 0xff,
    0xff, 0xf5, 0xe, 0xff, 0xf8, 0x51, 0xef, 0x46,
    0x0, 0x5f, 0xff, 0xe9, 0xfc, 0xef, 0xef, 0x30,
    0x4e, 0xfe, 0x18, 0xf7, 0xef, 0x8f, 0xa0, 0x26,
    0xfe, 0xe, 0xf2, 0xef, 0x3f, 0xf0, 0x0, 0xfe,
    0x6f, 0xc1, 0xef, 0x2b, 0xf5, 0x0, 0xfe, 0x7,
    0xcf, 0xff, 0x23, 0x20, 0x0, 0xfe, 0x0, 0x4f,
    0xfb, 0x0, 0x0,

    /* U+6838 "核" */
    0x0, 0x0, 0x0, 0x0, 0x24, 0x0, 0x0, 0x0,
    0xff, 0x0, 0x3, 0xff, 0x10, 0x0, 0x0, 0xff,
    0xc, 0xff, 0xff, 0xff, 0xf4, 0x2e, 0xff, 0xcc,
    0xff, 0xff, 0xff, 0xf4, 0x2f, 0xff, 0xe0, 0x6f,
    0xe1, 0x94, 0x0, 0x4, 0xff, 0x3, 0xff, 0x57,
    0xfc, 0x0, 0xa, 0xff, 0x8b, 0xff, 0xff, 0xf3,
    0x0, 0x1f, 0xff, 0xfa, 0xde, 0xff, 0x5b, 0x80,
    0xaf, 0xff, 0xb0, 0x7f, 0xf6, 0x9f, 0xe1, 0xce,
    0xff, 0x3e, 0xfe, 0x49, 0xff, 0x30, 0x45, 0xff,
    0xd, 0xa4, 0xcf, 0xf7, 0x0, 0x0, 0xff, 0x2,
    0x9f, 0xff, 0xff, 0x40, 0x0, 0xff, 0x3f, 0xff,
    0xb2, 0xaf, 0xf2, 0x0, 0xff, 0x9, 0xc4, 0x0,
    0x7, 0x80, 0x0, 0x0, 0x0, 0x0, 0x0, 0x0,
    0x0,

    /* U+6846 "框" */
    0x0, 0xef, 0xe, 0xff, 0xff, 0xff, 0xf4, 0x0,
    0xef, 0xe, 0xfe, 0xee, 0xee, 0xe4, 0x1f, 0xff,
    0xee, 0xf1, 0x0, 0x0, 0x0, 0x1f, 0xff, 0xee,
    0xf8, 0xff, 0xff, 0xf0, 0x4, 0xff, 0x3e, 0xf6,
    0xbe, 0xfc, 0xb0, 0x6, 0xff, 0x2e, 0xf2, 0x5c,
    0xf7, 0x40, 0xd, 0xff, 0xff, 0xf5, 0xff, 0xff,
    0xd0, 0x3f, 0xff, 0xbe, 0xf2, 0x5c, 0xf7, 0x40,
    0x2f, 0xef, 0xe, 0xf7, 0xbe, 0xfc, 0xb1, 0x8,
    0xef, 0xe, 0xfa, 0xff, 0xff, 0xf2, 0x0, 0xef,
    0xe, 0xf1, 0x0, 0x0, 0x0, 0x0, 0xef, 0xe,
    0xfe, 0xee, 0xee, 0xe5, 0x0, 0xef, 0xe, 0xff,
    0xff, 0xff, 0xf6,

    /* U+68C0 "检" */
    0x0, 0x0, 0x0, 0x0, 0x22, 0x0, 0x0, 0x0,
    0xff, 0x0, 0x4, 0xff, 0x20, 0x0, 0x0, 0xff,
    0x0, 0xd, 0xff, 0xd0, 0x0, 0x2f, 0xff, 0xf1,
    0xbf, 0xcb, 0xfc, 0x10, 0x2f, 0xff, 0xfd, 0xfe,
    0x20, 0xcf, 0xe5, 0x3, 0xff, 0x2f, 0xfd, 0xbb,
    0xbf, 0xf5, 0x9, 0xff, 0x65, 0x3f, 0xff, 0xfc,
    0x50, 0x1f, 0xff, 0xfa, 0x94, 0xb9, 0x29, 0x50,
    0x6f, 0xff, 0xea, 0xf6, 0xec, 0xf, 0xd0, 0x5d,
    0xff, 0x14, 0xfa, 0xaf, 0x6f, 0x70, 0x36, 0xff,
    0x0, 0xfe, 0x7f, 0xef, 0x20, 0x10, 0xff, 0x1,
    0x97, 0x34, 0xed, 0x10, 0x0, 0xff, 0x3f, 0xff,
    0xff, 0xff, 0xf2, 0x0, 0xff, 0x2d, 0xdd, 0xdd,
    0xdd, 0xd2,

    /* U+6A21 "模" */
    0x0, 0xfd, 0x16, 0xdf, 0x77, 0xfd, 0x62, 0x0,
    0xfd, 0x4f, 0xff, 0xff, 0xff, 0xf7, 0x1f, 0xff,
    0xa3, 0xac, 0x33, 0xca, 0x31, 0x1f, 0xff, 0xad,
    0xff, 0xff, 0xff, 0xf0, 0x3, 0xfd, 0xd, 0xf8,
    0x88, 0x8f, 0xf0, 0x8, 0xff, 0x5d, 0xff, 0xff,
    0xff, 0xf0, 0xe, 0xff, 0xff, 0xf6, 0x66, 0x6f,
    0xf0, 0x4f, 0xff, 0xcd, 0xff, 0xff, 0xff, 0xf0,
    0x3f, 0xfd, 0x16, 0x77, 0xff, 0x77, 0x60, 0x18,
    0xfd, 0x7f, 0xff, 0xff, 0xff, 0xf7, 0x1, 0xfd,
    0x39, 0xaf, 0xff, 0xe9, 0x94, 0x0, 0xfd, 0x4b,
    0xff, 0xad, 0xfe, 0xb4, 0x0, 0xfd, 0x4e, 0x93,
    0x0, 0x6b, 0xe2, 0x0, 0x0, 0x0, 0x0, 0x0,
    0x0, 0x0,

    /* U+6B63 "正" */
    0x1, 0x22, 0x22, 0x22, 0x22, 0x22, 0x20, 0x7,
    0xff, 0xff, 0xff, 0xff, 0xff, 0xc0, 0x6, 0xff,
    0xff, 0xff, 0xff, 0xff, 0xb0, 0x0, 0x0, 0x0,
    0x4f, 0xf0, 0x0, 0x0, 0x0, 0x7f, 0xc0, 0x4f,
    0xf0, 0x0, 0x0, 0x0, 0x7f, 0xc0, 0x4f, 0xfd,
    0xdd, 0x40, 0x0, 0x7f, 0xc0, 0x4f, 0xff, 0xff,
    0x50, 0x0, 0x7f, 0xc0, 0x4f, 0xf4, 0x44, 0x10,
    0x0, 0x7f, 0xc0, 0x4f, 0xf0, 0x0, 0x0, 0x0,
    0x7f, 0xc0, 0x4f, 0xf0, 0x0, 0x0, 0x1c, 0xef,
    0xfc, 0xdf, 0xfc, 0xcc, 0xc1, 0x1f, 0xff, 0xff,
    0xff, 0xff, 0xff, 0xf2, 0x5, 0x55, 0x55, 0x55,
    0x55, 0x55, 0x50,

    /* U+6CE8 "注" */
    0x0, 0x0, 0x0, 0x0, 0x42, 0x0, 0x0, 0x3,
    0xc2, 0x0, 0xc, 0xf9, 0x0, 0x0, 0xb, 0xff,
    0x30, 0x6, 0xfc, 0x0, 0x0, 0x1, 0xad, 0x7d,
    0xde, 0xed, 0xdd, 0xd0, 0x3, 0x11, 0x8f, 0xff,
    0xff, 0xff, 0xf0, 0x1e, 0xe4, 0x13, 0x38, 0xfd,
    0x33, 0x30, 0x1c, 0xfe, 0x0, 0x6, 0xfc, 0x0,
    0x0, 0x0, 0x95, 0x4e, 0xee, 0xff, 0xee, 0xa0,
    0x0, 0x55, 0x5f, 0xff, 0xff, 0xff, 0xc0, 0x0,
    0xcf, 0x73, 0x38, 0xfd, 0x33, 0x20, 0x3, 0xff,
    0x0, 0x6, 0xfc, 0x0, 0x0, 0x9, 0xf9, 0x45,
    0x59, 0xfd, 0x55, 0x51, 0xf, 0xf3, 0xff, 0xff,
    0xff, 0xff, 0xf5, 0x2c, 0xc0, 0xcd, 0xdd, 0xdd,
    0xdd, 0xd4, 0x0, 0x0, 0x0, 0x0, 0x0, 0x0,
    0x0,

    /* U+6D41 "流" */
    0x0, 0x0, 0x0, 0x0, 0x21, 0x0, 0x0, 0x7,
    0xa0, 0x0, 0xd, 0xfa, 0x0, 0x0, 0xe, 0xfc,
    0xac, 0xce, 0xff, 0xcc, 0xb0, 0x3, 0xe7, 0xdf,
    0xff, 0xff, 0xff, 0xf0, 0x3, 0x20, 0x2b, 0xfd,
    0x26, 0xe4, 0x20, 0xe, 0xd2, 0x9f, 0xf7, 0x6e,
    0xfd, 0x0, 0x2d, 0xfb, 0xdf, 0xff, 0xff, 0xff,
    0xc0, 0x1, 0xb2, 0x69, 0x87, 0x76, 0x5e, 0x80,
    0x0, 0x51, 0x7f, 0x6f, 0xf6, 0xf9, 0x0, 0x2,
    0xfe, 0x7f, 0x6f, 0xf6, 0xf8, 0x0, 0x7, 0xfa,
    0x8f, 0x5f, 0xf6, 0xf8, 0x83, 0xc, 0xf5, 0xef,
    0x2f, 0xf6, 0xf8, 0xe7, 0x1f, 0xfa, 0xfc, 0xf,
    0xf5, 0xfe, 0xf6, 0x2a, 0xb3, 0xd2, 0xb, 0xa2,
    0xef, 0xe2, 0x0, 0x0, 0x0, 0x0, 0x0, 0x0,
    0x0,

    /* U+6D4B "测" */
    0x2, 0x0, 0x0, 0x0, 0x0, 0x1, 0x20, 0xc7,
    0x6f, 0xff, 0xff, 0x0, 0xce, 0x3f, 0xfa, 0xfd,
    0xde, 0xf0, 0x1c, 0xe0, 0x3a, 0x8f, 0x69, 0x9f,
    0xad, 0xce, 0x7, 0x26, 0xf9, 0xf9, 0xfa, 0xdc,
    0xe3, 0xfe, 0xaf, 0x9f, 0x9f, 0xad, 0xce, 0x8,
    0xf8, 0xf9, 0xf9, 0xfa, 0xdc, 0xe0, 0x2, 0x6f,
    0x9f, 0x9f, 0xad, 0xce, 0x3, 0xec, 0xfa, 0xf8,
    0xfa, 0xdc, 0xe0, 0x7f, 0x96, 0xcf, 0x36, 0xad,
    0xce, 0xb, 0xf3, 0x2f, 0xf9, 0xa, 0xcc, 0xe0,
    0xef, 0x1c, 0xff, 0xf7, 0x0, 0xce, 0x3f, 0xbc,
    0xfd, 0x2e, 0xf9, 0xcf, 0xe3, 0xc8, 0x6d, 0x10,
    0x35, 0x5f, 0xf7, 0x0, 0x0, 0x0, 0x0, 0x0,
    0x0, 0x0,

    /* U+6E29 "温" */
    0x0, 0x0, 0x0, 0x0, 0x0, 0x0, 0x0, 0x9,
    0xa0, 0xbf, 0xff, 0xff, 0xff, 0x0, 0x1e, 0xfc,
    0xcf, 0xba, 0xaa, 0xff, 0x0, 0x2, 0xed, 0xbf,
    0x97, 0x77, 0xff, 0x0, 0x19, 0x23, 0xbf, 0xff,
    0xff, 0xff, 0x0, 0xaf, 0xc1, 0xbf, 0x85, 0x55,
    0xef, 0x0, 0x2e, 0xf9, 0xbf, 0xff, 0xff, 0xff,
    0x0, 0x1, 0xa1, 0x68, 0x88, 0x88, 0x88, 0x0,
    0x1, 0x43, 0xff, 0xff, 0xff, 0xff, 0x90, 0x6,
    0xfb, 0xfe, 0xef, 0xdf, 0xcf, 0x90, 0xb, 0xf7,
    0xfb, 0xad, 0x8f, 0x5f, 0x90, 0xf, 0xf4, 0xfb,
    0xad, 0x8f, 0x5f, 0x90, 0x5f, 0xbe, 0xff, 0xff,
    0xff, 0xff, 0xf3, 0x4b, 0x69, 0xaa, 0xaa, 0xaa,
    0xaa, 0xa2,

    /* U+6E90 "源" */
    0x1, 0x0, 0x0, 0x0, 0x0, 0x0, 0x0, 0xb,
    0xc2, 0xff, 0xff, 0xff, 0xff, 0xf7, 0xd, 0xfd,
    0xff, 0xdd, 0xef, 0xed, 0xd6, 0x1, 0xd6, 0xfe,
    0x0, 0xcf, 0x50, 0x0, 0x7, 0x30, 0xfe, 0x8f,
    0xff, 0xff, 0xf0, 0x4f, 0xf5, 0xfe, 0x8f, 0xdb,
    0xbe, 0xf0, 0x9, 0xfc, 0xfe, 0x8f, 0xca, 0xae,
    0xf0, 0x0, 0x72, 0xfe, 0x8f, 0xca, 0xae, 0xf0,
    0x1, 0x42, 0xfd, 0x8f, 0xca, 0xae, 0xf0, 0x6,
    0xfb, 0xfc, 0x8f, 0xff, 0xff, 0xf0, 0xa, 0xfa,
    0xfa, 0x5c, 0x4f, 0xca, 0x30, 0xd, 0xfa, 0xf9,
    0xef, 0x4f, 0xef, 0xe1, 0x1f, 0xde, 0xfc, 0xfd,
    0xdf, 0xb7, 0xf7, 0x2a, 0x99, 0xc0, 0x55, 0xff,
    0x50, 0x50, 0x0, 0x0, 0x0, 0x0, 0x0, 0x0,
    0x0,

    /* U+7247 "片" */
    0x0, 0x0, 0x0, 0x2, 0x31, 0x0, 0x0, 0x4f,
    0xe0, 0x0, 0xdf, 0x50, 0x0, 0x4, 0xfe, 0x0,
    0xd, 0xf5, 0x0, 0x0, 0x4f, 0xe0, 0x0, 0xdf,
    0x50, 0x0, 0x4, 0xff, 0xee, 0xef, 0xff, 0xee,
    0x50, 0x4f, 0xff, 0xff, 0xff, 0xff, 0xf6, 0x4,
    0xfe, 0x22, 0x22, 0x22, 0x22, 0x10, 0x4f, 0xe1,
    0x11, 0x11, 0x10, 0x0, 0x5, 0xff, 0xff, 0xff,
    0xff, 0x10, 0x0, 0x7f, 0xff, 0xff, 0xff, 0xf1,
    0x0, 0xa, 0xfa, 0x0, 0x2, 0xff, 0x10, 0x1,
    0xff, 0x70, 0x0, 0x2f, 0xf1, 0x0, 0x8f, 0xf2,
    0x0, 0x2, 0xff, 0x10, 0x7, 0xfa, 0x0, 0x0,
    0x2f, 0xf1, 0x0, 0x1, 0x10, 0x0, 0x0, 0x0,
    0x0, 0x0,

    /* U+72B6 "状" */
    0x0, 0x0, 0x0, 0x0, 0x0, 0x0, 0x0, 0x0,
    0xe, 0xf2, 0x2, 0xff, 0x38, 0x0, 0x1, 0xe,
    0xf2, 0x2, 0xff, 0xef, 0x50, 0x4f, 0x6e, 0xf2,
    0x2, 0xff, 0x6f, 0x60, 0x2f, 0xbe, 0xf4, 0x34,
    0xff, 0x38, 0x20, 0xc, 0xff, 0xfc, 0xff, 0xff,
    0xff, 0xf0, 0x7, 0xff, 0xfb, 0xef, 0xff, 0xee,
    0xe0, 0x1, 0x4f, 0xf2, 0x5, 0xff, 0x10, 0x0,
    0x1, 0xcf, 0xf2, 0x8, 0xff, 0x70, 0x0, 0x4e,
    0xff, 0xf2, 0xe, 0xff, 0xe0, 0x0, 0x6f, 0xbf,
    0xf2, 0x9f, 0xdd, 0xf9, 0x0, 0x18, 0xe, 0xfa,
    0xff, 0x54, 0xff, 0x80, 0x0, 0xe, 0xff, 0xfa,
    0x0, 0x9f, 0xf2, 0x0, 0xe, 0xf8, 0xb0, 0x0,
    0xa, 0x70, 0x0, 0x0, 0x0, 0x0, 0x0, 0x0,
    0x0,

    /* U+7387 "率" */
    0x0, 0x0, 0x0, 0x0, 0x0, 0x0, 0x0, 0x0,
    0x0, 0x0, 0xbe, 0x60, 0x0, 0x0, 0xd, 0xff,
    0xff, 0xff, 0xff, 0xff, 0xf4, 0xc, 0xee, 0xef,
    0xff, 0xee, 0xee, 0xe4, 0x4, 0xe5, 0x3e, 0xf5,
    0xdb, 0x2c, 0xc0, 0x4, 0xff, 0xef, 0xff, 0xf6,
    0xef, 0x80, 0x0, 0x4d, 0x4c, 0xff, 0xa5, 0x9a,
    0x0, 0x7, 0xef, 0xaf, 0xf9, 0xff, 0xff, 0xc2,
    0xc, 0xf9, 0xdf, 0xff, 0xff, 0xdd, 0xf1, 0x2,
    0x20, 0x46, 0xcc, 0x56, 0x0, 0x30, 0x1f, 0xff,
    0xff, 0xff, 0xff, 0xff, 0xf8, 0x1e, 0xee, 0xee,
    0xff, 0xfe, 0xee, 0xe8, 0x0, 0x0, 0x0, 0xdf,
    0x50, 0x0, 0x0, 0x0, 0x0, 0x0, 0xdf, 0x50,
    0x0, 0x0,

    /* U+73AF "环" */
    0x0, 0x0, 0x0, 0x0, 0x0, 0x0, 0x0, 0x2f,
    0xff, 0xfc, 0xff, 0xff, 0xff, 0xf0, 0x2f, 0xff,
    0xfb, 0xff, 0xff, 0xff, 0xf0, 0x0, 0xff, 0x0,
    0x2, 0xff, 0x20, 0x0, 0x0, 0xff, 0x0, 0x8,
    0xff, 0x0, 0x0, 0xf, 0xff, 0xf1, 0x2f, 0xff,
    0x81, 0x0, 0x1f, 0xff, 0xf1, 0xcf, 0xff, 0xfd,
    0x10, 0x0, 0xff, 0x1a, 0xff, 0xff, 0xdf, 0xc0,
    0x0, 0xff, 0x6f, 0xf5, 0xff, 0x2e, 0xf4, 0x0,
    0xff, 0xbb, 0x61, 0xff, 0x3, 0x50, 0x4f, 0xff,
    0xf2, 0x1, 0xff, 0x0, 0x0, 0x2f, 0xfb, 0x81,
    0x1, 0xff, 0x0, 0x0, 0x2, 0x0, 0x0, 0x1,
    0xff, 0x0, 0x0,

    /* U+7406 "理" */
    0x1f, 0xff, 0xed, 0xff, 0xff, 0xff, 0xe0, 0x1f,
    0xff, 0xed, 0xfc, 0xff, 0xcf, 0xe0, 0x1, 0xfd,
    0xd, 0xf1, 0xff, 0xf, 0xe0, 0x1, 0xfd, 0xd,
    0xff, 0xff, 0xff, 0xe0, 0x1, 0xfd, 0xd, 0xfb,
    0xff, 0xbf, 0xe0, 0x1e, 0xff, 0xbd, 0xf2, 0xff,
    0xf, 0xe0, 0x1f, 0xff, 0xcd, 0xff, 0xff, 0xff,
    0xe0, 0x4, 0xfd, 0x39, 0xbb, 0xff, 0xbb, 0xa0,
    0x1, 0xfd, 0x6, 0x88, 0xff, 0x88, 0x70, 0x1,
    0xfd, 0x5d, 0xff, 0xff, 0xff, 0xf0, 0x18, 0xff,
    0xf4, 0x55, 0xff, 0x55, 0x50, 0x2f, 0xff, 0xff,
    0xff, 0xff, 0xff, 0xf6, 0xa, 0x61, 0x6d, 0xdd,
    0xdd, 0xdd, 0xd5,

    /* U+7528 "用" */
    0x3, 0xff, 0xff, 0xff, 0xff, 0xff, 0xe0, 0x3f,
    0xff, 0xff, 0xff, 0xff, 0xfe, 0x3, 0xfe, 0x11,
    0xef, 0x41, 0x4f, 0xe0, 0x3f, 0xe0, 0xe, 0xf3,
    0x3, 0xfe, 0x3, 0xff, 0xff, 0xff, 0xff, 0xff,
    0xe0, 0x3f, 0xff, 0xff, 0xff, 0xff, 0xfe, 0x3,
    0xfe, 0x0, 0xef, 0x40, 0x3f, 0xe0, 0x4f, 0xfc,
    0xcf, 0xfc, 0xcc, 0xfe, 0x5, 0xff, 0xff, 0xff,
    0xff, 0xff, 0xe0, 0x7f, 0xd4, 0x4f, 0xf7, 0x46,
    0xfe, 0xc, 0xf9, 0x0, 0xef, 0x30, 0x4f, 0xe2,
    0xff, 0x50, 0xe, 0xf6, 0xff, 0xfd, 0x5, 0xd0,
    0x0, 0x0, 0xf, 0xff, 0x60, 0x0, 0x0, 0x0,
    0x0, 0x0, 0x0,

    /* U+7535 "电" */
    0x0, 0x0, 0x5f, 0xd0, 0x0, 0x0, 0xa, 0xbb,
    0xbd, 0xff, 0xbb, 0xbb, 0x0, 0xef, 0xff, 0xff,
    0xff, 0xff, 0xf0, 0xe, 0xf6, 0x37, 0xfd, 0x35,
    0xff, 0x0, 0xef, 0x63, 0x7f, 0xd3, 0x5f, 0xf0,
    0xe, 0xff, 0xff, 0xff, 0xff, 0xff, 0x0, 0xef,
    0xdc, 0xdf, 0xfc, 0xcf, 0xf0, 0xe, 0xf4, 0x16,
    0xfd, 0x13, 0xff, 0x0, 0xef, 0xff, 0xff, 0xff,
    0xff, 0xf0, 0xd, 0xee, 0xef, 0xff, 0xee, 0xef,
    0xd3, 0x0, 0x0, 0x5f, 0xd0, 0x0, 0xdf, 0x30,
    0x0, 0x4, 0xff, 0xff, 0xff, 0xf2, 0x0, 0x0,
    0xb, 0xff, 0xff, 0xf9, 0x0,

    /* U+76D1 "监" */
    0x0, 0x0, 0x0, 0x0, 0x0, 0x0, 0x0, 0x5,
    0x71, 0xff, 0x15, 0xe8, 0x0, 0x0, 0xb, 0xf3,
    0xff, 0x1a, 0xfe, 0xcc, 0xc0, 0xb, 0xf3, 0xff,
    0x3f, 0xff, 0xff, 0xf1, 0xb, 0xf3, 0xff, 0x9f,
    0xd8, 0x83, 0x30, 0xb, 0xf3, 0xff, 0xff, 0x9f,
    0xf5, 0x0, 0xb, 0xf3, 0xff, 0x8c, 0x7, 0xff,
    0x10, 0x1, 0x20, 0x66, 0x0, 0x0, 0x84, 0x0,
    0x4, 0xcc, 0xcc, 0xcc, 0xcc, 0xcc, 0x10, 0x5,
    0xff, 0xff, 0xff, 0xff, 0xff, 0x20, 0x5, 0xfb,
    0x6f, 0x6a, 0xf2, 0xff, 0x20, 0x5, 0xfb, 0x6f,
    0x6a, 0xf2, 0xff, 0x20, 0x7f, 0xff, 0xff, 0xff,
    0xff, 0xff, 0xf4, 0x5c, 0xcc, 0xcc, 0xcc, 0xcc,
    0xcc, 0xc3,

    /* U+76EE "目" */
    0xf, 0xff, 0xff, 0xff, 0xff, 0xf1, 0xf, 0xff,
    0xff, 0xff, 0xff, 0xf1, 0xf, 0xf0, 0x0, 0x0,
    0xf, 0xf1, 0xf, 0xf0, 0x0, 0x0, 0xf, 0xf1,
    0xf, 0xff, 0xff, 0xff, 0xff, 0xf1, 0xf, 0xfe,
    0xee, 0xee, 0xef, 0xf1, 0xf, 0xf0, 0x0, 0x0,
    0xf, 0xf1, 0xf, 0xfe, 0xee, 0xee, 0xef, 0xf1,
    0xf, 0xff, 0xff, 0xff, 0xff, 0xf1, 0xf, 0xf0,
    0x0, 0x0, 0xf, 0xf1, 0xf, 0xfd, 0xdd, 0xdd,
    0xdf, 0xf1, 0xf, 0xff, 0xff, 0xff, 0xff, 0xf1,
    0xf, 0xf3, 0x33, 0x33, 0x3f, 0xf1, 0x0, 0x0,
    0x0, 0x0, 0x0, 0x0,

    /* U+788E "碎" */
    0x0, 0x0, 0x0, 0x0, 0x0, 0x0, 0x0, 0x4,
    0x44, 0x43, 0x0, 0x9f, 0x90, 0x0, 0xf, 0xff,
    0xfb, 0xdd, 0xef, 0xfd, 0xd1, 0x9, 0xff, 0x97,
    0xff, 0xff, 0xff, 0xf2, 0x2, 0xfc, 0x0, 0x1f,
    0xd0, 0xcf, 0x0, 0x8, 0xf9, 0x21, 0x6f, 0x91,
    0xfd, 0x0, 0x1f, 0xff, 0xfa, 0xcf, 0xf9, 0xff,
    0x70, 0x5f, 0xfb, 0xfe, 0xfd, 0xff, 0xec, 0xf2,
    0x3f, 0xf4, 0xeb, 0xa1, 0x69, 0x71, 0x40, 0x1b,
    0xf4, 0xeb, 0xbb, 0xdf, 0xdb, 0xb4, 0x6, 0xf4,
    0xec, 0xff, 0xff, 0xff, 0xf5, 0x6, 0xff, 0xfa,
    0x33, 0x9f, 0xa3, 0x31, 0x6, 0xff, 0xe9, 0x0,
    0x7f, 0x80, 0x0, 0x2, 0x71, 0x0, 0x0, 0x7f,
    0x80, 0x0,

    /* U+7A0B "程" */
    0x0, 0x0, 0x10, 0x0, 0x0, 0x0, 0x0, 0x6,
    0xad, 0xf6, 0xff, 0xff, 0xff, 0xf0, 0xd, 0xff,
    0xe6, 0xff, 0xcc, 0xcf, 0xf0, 0x7, 0xdf, 0x40,
    0xff, 0x0, 0xf, 0xf0, 0x8, 0xdf, 0xa4, 0xff,
    0xee, 0xef, 0xf0, 0x1f, 0xff, 0xf8, 0xff, 0xff,
    0xff, 0xf0, 0x1e, 0xff, 0xe7, 0x33, 0x33, 0x33,
    0x20, 0x0, 0xef, 0x44, 0xff, 0xff, 0xff, 0xf4,
    0x7, 0xff, 0xf8, 0xbb, 0xef, 0xdb, 0xb3, 0x1f,
    0xff, 0xf9, 0x77, 0xcf, 0xa7, 0x70, 0x1f, 0xef,
    0x52, 0xff, 0xff, 0xff, 0xf0, 0x6, 0xaf, 0x40,
    0x22, 0xaf, 0x82, 0x20, 0x0, 0xaf, 0x4d, 0xff,
    0xff, 0xff, 0xf8, 0x0, 0xaf, 0x48, 0xaa, 0xaa,
    0xaa, 0xa5,

    /* U+7A7A "空" */
    0x0, 0x0, 0x0, 0x2, 0x0, 0x0, 0x0, 0x0,
    0x0, 0x2, 0xff, 0x40, 0x0, 0x0, 0xf, 0xff,
    0xff, 0xff, 0xff, 0xff, 0xf1, 0xf, 0xff, 0xff,
    0xff, 0xff, 0xff, 0xf1, 0xf, 0xf1, 0x47, 0x0,
    0x85, 0x1f, 0xf1, 0x2, 0x28, 0xff, 0x22, 0xff,
    0xb5, 0x20, 0x7, 0xef, 0xfa, 0x10, 0x8f, 0xff,
    0x91, 0x1f, 0xfe, 0x50, 0x0, 0x2, 0xbf, 0xf2,
    0x8, 0xcf, 0xff, 0xff, 0xff, 0xfb, 0x70, 0x0,
    0x6e, 0xee, 0xff, 0xee, 0xe8, 0x0, 0x0, 0x0,
    0x1, 0xff, 0x20, 0x0, 0x0, 0x1, 0x11, 0x12,
    0xff, 0x31, 0x11, 0x10, 0x1f, 0xff, 0xff, 0xff,
    0xff, 0xff, 0xf0, 0xf, 0xff, 0xff, 0xff, 0xff,
    0xff, 0xf0,

    /* U+7B49 "等" */
    0x0, 0xbd, 0x40, 0x1, 0xdb, 0x10, 0x0, 0x6,
    0xff, 0xff, 0xfa, 0xff, 0xff, 0xf2, 0x2f, 0xfc,
    0xfd, 0xaf, 0xfb, 0xfe, 0x81, 0x9, 0x51, 0xc6,
    0x9c, 0x50, 0xb6, 0x0, 0x2, 0xff, 0xff, 0xff,
    0xff, 0xff, 0x20, 0x1, 0x99, 0x99, 0xff, 0x99,
    0x99, 0x10, 0x2d, 0xdd, 0xdd, 0xff, 0xdd, 0xdd,
    0xd2, 0x2b, 0xbb, 0xbb, 0xbb, 0xcf, 0xeb, 0xb2,
    0x7, 0xaa, 0xaa, 0xaa, 0xcf, 0xea, 0x90, 0xb,
    0xff, 0xff, 0xff, 0xff, 0xff, 0xd0, 0x0, 0x4f,
    0xe3, 0x0, 0x6f, 0xb0, 0x0, 0x0, 0x1b, 0xf6,
    0x9b, 0xef, 0xa0, 0x0, 0x0, 0x0, 0x40, 0xaf,
    0xfe, 0x40, 0x0,

    /* U+7C7B "类" */
    0x0, 0x0, 0x0, 0x0, 0x0, 0x0, 0x0, 0x0,
    0x4c, 0x0, 0xff, 0x20, 0xc3, 0x0, 0x0, 0xcf,
    0xc0, 0xff, 0x2b, 0xfd, 0x0, 0x1, 0x4f, 0xf6,
    0xff, 0x8f, 0xf4, 0x10, 0xd, 0xff, 0xff, 0xff,
    0xff, 0xff, 0xe0, 0x5, 0x78, 0xef, 0xff, 0xfd,
    0x97, 0x60, 0x5, 0x9f, 0xfe, 0xff, 0xef, 0xfd,
    0x80, 0xb, 0xff, 0x70, 0x66, 0x5, 0xcf, 0xd0,
    0x4, 0x71, 0x1, 0xff, 0x10, 0x5, 0x70, 0x2f,
    0xff, 0xff, 0xff, 0xff, 0xff, 0xf3, 0x1b, 0xbb,
    0xbf, 0xff, 0xfb, 0xbb, 0xb2, 0x0, 0x16, 0xdf,
    0xff, 0xfd, 0x61, 0x0, 0x2d, 0xff, 0xfd, 0x42,
    0xcf, 0xff, 0xd1, 0xe, 0xea, 0x40, 0x0, 0x4,
    0xaf, 0xe0, 0x2, 0x0, 0x0, 0x0, 0x0, 0x0,
    0x30,

    /* U+7CFB "系" */
    0x0, 0x0, 0x0, 0x0, 0x12, 0x45, 0x30, 0xa,
    0xde, 0xef, 0xff, 0xff, 0xff, 0xb0, 0xa, 0xff,
    0xff, 0xfd, 0xba, 0xd8, 0x60, 0x0, 0x4, 0xff,
    0xc0, 0x9, 0xf2, 0x0, 0x0, 0x7f, 0xfc, 0x23,
    0x8f, 0xfa, 0x0, 0x2, 0xff, 0xff, 0xff, 0xff,
    0x60, 0x0, 0x0, 0xba, 0xdf, 0xff, 0x98, 0xa0,
    0x0, 0x0, 0x5c, 0xff, 0x92, 0x2e, 0xfa, 0x0,
    0x6, 0xff, 0xff, 0xff, 0xff, 0xff, 0xa0, 0x3,
    0xff, 0xec, 0xff, 0xcb, 0x9e, 0xc0, 0x0, 0x2d,
    0xa0, 0xef, 0x4c, 0xb5, 0x10, 0x7, 0xff, 0xc1,
    0xff, 0x6e, 0xff, 0x80, 0x3f, 0xf8, 0xcf, 0xff,
    0x31, 0x9f, 0xf1, 0x7, 0x20, 0xaf, 0xfc, 0x0,
    0x3, 0x50,

    /* U+7D2F "累" */
    0x1, 0xff, 0xff, 0xff, 0xff, 0xff, 0xb0, 0x1,
    0xfe, 0x77, 0xdf, 0x87, 0x9f, 0xb0, 0x1, 0xff,
    0xee, 0xff, 0xee, 0xef, 0xb0, 0x1, 0xfe, 0x77,
    0xdf, 0x87, 0x9f, 0xb0, 0x1, 0xff, 0xff, 0xff,
    0xff, 0xff, 0xb0, 0x0, 0x7b, 0xff, 0xb7, 0xbf,
    0xe8, 0x50, 0x0, 0x8f, 0xff, 0xff, 0xfd, 0x91,
    0x0, 0x0, 0x3b, 0xff, 0xe9, 0x38, 0xfb, 0x10,
    0x2, 0xef, 0xff, 0xef, 0xff, 0xff, 0xd1, 0x1,
    0xbd, 0xfa, 0xdf, 0xbb, 0xaa, 0xd1, 0x1, 0x8f,
    0xf6, 0x9f, 0x6d, 0xfc, 0x50, 0xe, 0xff, 0x9b,
    0xef, 0x66, 0xcf, 0xf7, 0x7, 0x81, 0xf, 0xfd,
    0x20, 0x4, 0xb1,

    /* U+7ED3 "结" */
    0x0, 0x0, 0x0, 0x0, 0x0, 0x0, 0x0, 0x0,
    0x9c, 0x20, 0x0, 0xff, 0x10, 0x0, 0x1, 0xff,
    0x12, 0x22, 0xff, 0x32, 0x20, 0x8, 0xf9, 0xe,
    0xff, 0xff, 0xff, 0xf1, 0x2f, 0xf4, 0x9c, 0xcc,
    0xff, 0xcc, 0xc1, 0x6f, 0xfe, 0xf7, 0x33, 0xff,
    0x43, 0x30, 0x2f, 0xff, 0xc9, 0xff, 0xff, 0xff,
    0xd0, 0x3, 0xff, 0x24, 0x88, 0x88, 0x88, 0x70,
    0xe, 0xfe, 0xe6, 0xdd, 0xdd, 0xdd, 0x80, 0xf,
    0xff, 0xf7, 0xff, 0xff, 0xff, 0x90, 0x6, 0x52,
    0x6, 0xfa, 0x0, 0x6f, 0x90, 0x15, 0x8c, 0xf8,
    0xfa, 0x33, 0x8f, 0x90, 0x6f, 0xff, 0xf9, 0xff,
    0xff, 0xff, 0x90, 0x3a, 0x75, 0x26, 0xfd, 0xaa,
    0xcf, 0x90,

    /* U+7EDF "统" */
    0x0, 0x0, 0x0, 0x0, 0x12, 0x0, 0x0, 0x0,
    0x8b, 0x30, 0x5, 0xff, 0x10, 0x0, 0x0, 0xef,
    0x1b, 0xcc, 0xff, 0xdc, 0xc1, 0x8, 0xf9, 0x4e,
    0xff, 0xff, 0xff, 0xf2, 0x3f, 0xfa, 0xf8, 0x7f,
    0xc1, 0x92, 0x0, 0x4f, 0xff, 0xf6, 0xfe, 0x16,
    0xfc, 0x0, 0xa, 0xff, 0x8f, 0xfd, 0xbc, 0xff,
    0x80, 0x5, 0xfc, 0xd, 0xff, 0xff, 0xff, 0xe0,
    0x1f, 0xfe, 0xe2, 0xbf, 0x5f, 0xe3, 0x10, 0xe,
    0xff, 0xe0, 0xaf, 0x4f, 0xe0, 0x0, 0x5, 0x55,
    0x61, 0xdf, 0x2f, 0xe3, 0xe4, 0x4c, 0xff, 0xf9,
    0xfd, 0xf, 0xe4, 0xf6, 0x5f, 0xff, 0xef, 0xf4,
    0xf, 0xfe, 0xf5, 0x16, 0x30, 0x1d, 0x60, 0x9,
    0xff, 0xd1, 0x0, 0x0, 0x0, 0x0, 0x0, 0x0,
    0x0,

    /* U+7EED "续" */
    0x0, 0x0, 0x0, 0x0, 0x0, 0x0, 0x0, 0x0,
    0x9d, 0x21, 0x22, 0xdf, 0x52, 0x10, 0x0, 0xfe,
    0x9, 0xff, 0xff, 0xff, 0xb0, 0x7, 0xf7, 0x34,
    0x88, 0xef, 0xa8, 0x60, 0x1e, 0xe6, 0xfc, 0xbb,
    0xff, 0xcb, 0xb2, 0x4f, 0xff, 0xfa, 0xff, 0xff,
    0xff, 0xf2, 0x1e, 0xff, 0x73, 0xfb, 0x7a, 0x5c,
    0xf0, 0x3, 0xfd, 0x7, 0x8a, 0x9f, 0x87, 0x80,
    0xd, 0xfd, 0xa9, 0xfc, 0x8f, 0x80, 0x0, 0xf,
    0xff, 0xbb, 0xce, 0xdf, 0xdb, 0xb1, 0x7, 0x53,
    0x3e, 0xff, 0xff, 0xff, 0xf1, 0x2b, 0xef, 0xc0,
    0x3c, 0xff, 0xd6, 0x0, 0x2f, 0xfe, 0xae, 0xff,
    0xc9, 0xff, 0xe1, 0x4, 0x10, 0xd, 0xc5, 0x0,
    0x19, 0xa0, 0x0, 0x0, 0x0, 0x0, 0x0, 0x0,
    0x0,

    /* U+7F6E "置" */
    0x8, 0xff, 0xff, 0xff, 0xff, 0xff, 0xf0, 0x8,
    0xfa, 0x8f, 0xb6, 0xfd, 0x4f, 0xf0, 0x8, 0xff,
    0xff, 0xff, 0xff, 0xff, 0xf0, 0x4, 0x77, 0x77,
    0xef, 0x97, 0x77, 0x70, 0xd, 0xff, 0xff, 0xff,
    0xff, 0xff, 0xf4, 0x2, 0x89, 0x99, 0xef, 0xb9,
    0x99, 0x40, 0x0, 0xcf, 0xca, 0xaa, 0xaa, 0xff,
    0x40, 0x0, 0xcf, 0xfe, 0xee, 0xee, 0xff, 0x40,
    0x0, 0xcf, 0xa8, 0x88, 0x88, 0xef, 0x40, 0x0,
    0xcf, 0xa8, 0x88, 0x88, 0xef, 0x40, 0x0, 0xcf,
    0xff, 0xff, 0xff, 0xff, 0x40, 0x5, 0xdf, 0x85,
    0x55, 0x55, 0xef, 0x82, 0x1f, 0xff, 0xff, 0xff,
    0xff, 0xff, 0xf9,

    /* U+8017 "耗" */
    0x0, 0x0, 0x0, 0x0, 0x0, 0x0, 0x0, 0x0,
    0x6f, 0x80, 0x0, 0x26, 0xae, 0x80, 0xa, 0xcf,
    0xd9, 0xbf, 0xff, 0xff, 0xb0, 0xf, 0xff, 0xfd,
    0xcf, 0xff, 0x74, 0x0, 0x3, 0x8f, 0xa2, 0x1,
    0xfe, 0x45, 0x50, 0xd, 0xff, 0xfb, 0xbf, 0xff,
    0xff, 0xd0, 0x4, 0x9f, 0xa3, 0xbe, 0xff, 0x98,
    0x60, 0x1f, 0xff, 0xfd, 0x1, 0xfe, 0x13, 0x41,
    0xb, 0xef, 0xd9, 0x9c, 0xff, 0xff, 0xf3, 0x2,
    0xff, 0xc2, 0xdf, 0xff, 0xec, 0xa2, 0xd, 0xff,
    0xff, 0x84, 0xfe, 0x8, 0xa1, 0x6f, 0xff, 0xcd,
    0x1, 0xfe, 0xa, 0xf3, 0xc, 0x7f, 0x80, 0x0,
    0xff, 0xff, 0xf2, 0x0, 0x6f, 0x80, 0x0, 0x8f,
    0xff, 0xa0,

    /* U+82AF "芯" */
    0x0, 0x7, 0xfb, 0x0, 0x3f, 0xe0, 0x0, 0x1e,
    0xee, 0xff, 0xee, 0xef, 0xfe, 0xe7, 0x1f, 0xff,
    0xff, 0xff, 0xff, 0xff, 0xf8, 0x3, 0x38, 0xfc,
    0x33, 0x6f, 0xe3, 0x31, 0x0, 0x2, 0x65, 0x9e,
    0x26, 0x50, 0x0, 0x0, 0x0, 0x55, 0xff, 0x70,
    0x1, 0x0, 0x2, 0xb8, 0xff, 0x9f, 0xe0, 0xaf,
    0x10, 0x7, 0xfc, 0xff, 0x2e, 0xf4, 0xaf, 0xa0,
    0xb, 0xf8, 0xff, 0x15, 0x37, 0x5f, 0xf4, 0xf,
    0xf4, 0xff, 0x10, 0xf, 0xf9, 0xf5, 0x1c, 0xd2,
    0xff, 0x53, 0x4f, 0xf1, 0x30, 0x0, 0x11, 0xff,
    0xff, 0xff, 0xe0, 0x0, 0x0, 0x0, 0x7d, 0xee,
    0xdd, 0x50, 0x0,

    /* U+884C "行" */
    0x0, 0x7, 0x10, 0x0, 0x0, 0x0, 0x0, 0x0,
    0x6f, 0xd1, 0xff, 0xff, 0xff, 0xa0, 0x6, 0xff,
    0xb0, 0xff, 0xff, 0xff, 0xa0, 0x4f, 0xfe, 0x10,
    0x11, 0x11, 0x11, 0x0, 0xf, 0xe7, 0x30, 0x0,
    0x0, 0x0, 0x0, 0xa, 0x4e, 0xf4, 0x22, 0x22,
    0x22, 0x20, 0x0, 0xbf, 0xd7, 0xff, 0xff, 0xff,
    0xf1, 0x9, 0xff, 0x47, 0xff, 0xff, 0xff, 0xf1,
    0x6f, 0xff, 0x20, 0x0, 0xe, 0xf5, 0x0, 0x3f,
    0xff, 0x20, 0x0, 0xe, 0xf5, 0x0, 0x2, 0xef,
    0x20, 0x0, 0xe, 0xf5, 0x0, 0x0, 0xef, 0x20,
    0x1, 0x1e, 0xf5, 0x0, 0x0, 0xef, 0x20, 0x8f,
    0xff, 0xf4, 0x0, 0x0, 0xef, 0x20, 0x5f, 0xff,
    0xa0, 0x0,

    /* U+88F9 "裹" */
    0x0, 0x0, 0x0, 0x0, 0x0, 0x0, 0x0, 0x3f,
    0xff, 0xff, 0xff, 0xff, 0xff, 0xf3, 0x4, 0x66,
    0x66, 0x66, 0x66, 0x66, 0x41, 0x0, 0xff, 0xff,
    0xff, 0xff, 0xff, 0x0, 0x0, 0xff, 0x88, 0xff,
    0x88, 0xff, 0x0, 0x0, 0xff, 0xee, 0xff, 0xee,
    0xff, 0x0, 0x0, 0xff, 0xcc, 0xff, 0xcc, 0xff,
    0x0, 0x16, 0x99, 0x99, 0xff, 0x99, 0x99, 0x61,
    0x2f, 0xff, 0xff, 0xff, 0xff, 0xff, 0xf2, 0x18,
    0xbf, 0xfa, 0xdc, 0x8e, 0xfc, 0x70, 0xe, 0xa8,
    0x8e, 0xff, 0x79, 0xd9, 0xd0, 0x29, 0xdf, 0xfc,
    0x6f, 0xff, 0xc1, 0x0, 0x2f, 0xdd, 0xfe, 0xfe,
    0xaf, 0xff, 0xe2, 0x1, 0x5, 0xfc, 0x84, 0x1,
    0x6b, 0xd0, 0x0, 0x0, 0x0, 0x0, 0x0, 0x0,
    0x0,

    /* U+89C6 "视" */
    0x0, 0x14, 0x0, 0x0, 0x0, 0x0, 0x0, 0x0,
    0xdf, 0x16, 0xff, 0xff, 0xff, 0x80, 0x0, 0x9d,
    0x36, 0xff, 0xff, 0xff, 0x80, 0x2, 0x22, 0x26,
    0xf8, 0x0, 0x5f, 0x80, 0x1f, 0xff, 0xf8, 0xf8,
    0xce, 0x7f, 0x80, 0x1c, 0xcf, 0xf8, 0xf8, 0xdf,
    0x6f, 0x80, 0x0, 0x8f, 0xa6, 0xf8, 0xef, 0x6f,
    0x80, 0x6, 0xff, 0x96, 0xf8, 0xff, 0x5f, 0x80,
    0x4f, 0xff, 0xff, 0xf9, 0xfe, 0x8f, 0x80, 0x1e,
    0xef, 0x84, 0x27, 0xff, 0x85, 0x30, 0x1, 0xdf,
    0x0, 0x1e, 0xff, 0x79, 0xf2, 0x0, 0xdf, 0x4,
    0xef, 0xdf, 0x8a, 0xf1, 0x0, 0xdf, 0x5f, 0xfa,
    0x4f, 0xff, 0xf0, 0x0, 0xdf, 0xb, 0x70, 0xa,
    0xdd, 0x80, 0x0, 0x0, 0x0, 0x0, 0x0, 0x0,
    0x0,

    /* U+89C8 "览" */
    0x0, 0x0, 0x0, 0x1, 0x20, 0x0, 0x0, 0xe,
    0xf1, 0xff, 0x9, 0xfe, 0xaa, 0xa3, 0xe, 0xf1,
    0xff, 0x2f, 0xff, 0xff, 0xf6, 0xe, 0xf1, 0xff,
    0xcf, 0xbd, 0xf6, 0x31, 0xe, 0xf1, 0xff, 0xdf,
    0x3c, 0xff, 0x40, 0x3, 0x30, 0xbb, 0x17, 0x0,
    0xae, 0x10, 0x0, 0xee, 0xee, 0xee, 0xee, 0xee,
    0x0, 0x1, 0xff, 0xff, 0xff, 0xff, 0xfe, 0x0,
    0x1, 0xff, 0x21, 0x87, 0x3, 0xfe, 0x0, 0x1,
    0xff, 0x14, 0xfd, 0x13, 0xfe, 0x0, 0x0, 0xdd,
    0x1b, 0xff, 0x91, 0x8d, 0xc5, 0x0, 0x37, 0xdf,
    0xff, 0x90, 0xa, 0xf7, 0x2f, 0xff, 0xfe, 0xaf,
    0xfe, 0xef, 0xf5, 0xe, 0xeb, 0x60, 0x1c, 0xff,
    0xff, 0xb0, 0x1, 0x0, 0x0, 0x0, 0x0, 0x0,
    0x0,

    /* U+8B66 "警" */
    0x0, 0x0, 0x0, 0x0, 0x0, 0x0, 0x0, 0xd,
    0xff, 0xff, 0xff, 0x6f, 0xb3, 0x31, 0x7, 0xed,
    0x9d, 0xd9, 0xdf, 0xff, 0xf8, 0x8, 0xfe, 0xcc,
    0xcc, 0xff, 0x8f, 0xb0, 0x1e, 0xec, 0xc5, 0xea,
    0x5c, 0xff, 0x30, 0x5, 0xf9, 0xfb, 0xf9, 0xaf,
    0xff, 0xe6, 0x2, 0x77, 0x7b, 0xfc, 0xdd, 0x58,
    0xe3, 0x1f, 0xff, 0xff, 0xff, 0xff, 0xff, 0xf8,
    0x4, 0x9a, 0xaa, 0xaa, 0xaa, 0xaa, 0x62, 0x0,
    0x79, 0x99, 0x99, 0x99, 0x99, 0x20, 0x0, 0xbf,
    0xff, 0xff, 0xff, 0xff, 0x40, 0x0, 0xbb, 0xbb,
    0xbb, 0xbb, 0xbb, 0x50, 0x0, 0xff, 0x77, 0x77,
    0x77, 0xcf, 0x70, 0x0, 0xff, 0xee, 0xee, 0xee,
    0xff, 0x70,

    /* U+8BA1 "计" */
    0x0, 0x0, 0x0, 0x0, 0x0, 0x0, 0x0, 0x0,
    0xaa, 0x0, 0x0, 0xef, 0x40, 0x0, 0x3, 0xff,
    0x70, 0x0, 0xef, 0x40, 0x0, 0x0, 0x7f, 0xd0,
    0x0, 0xef, 0x40, 0x0, 0x0, 0x8, 0x10, 0x0,
    0xef, 0x40, 0x0, 0x2a, 0xaa, 0x4, 0x44, 0xff,
    0x74, 0x41, 0x4f, 0xff, 0xf, 0xff, 0xff, 0xff,
    0xf5, 0x18, 0xff, 0xc, 0xcc, 0xff, 0xdc, 0xc4,
    0x2, 0xff, 0x0, 0x0, 0xef, 0x40, 0x0, 0x2,
    0xff, 0x6, 0x0, 0xef, 0x40, 0x0, 0x2, 0xff,
    0xcf, 0x10, 0xef, 0x40, 0x0, 0x2, 0xff, 0xfd,
    0x10, 0xef, 0x40, 0x0, 0x2, 0xff, 0x90, 0x0,
    0xef, 0x40, 0x0, 0x0, 0x55, 0x0, 0x0, 0xef,
    0x40, 0x0,

    /* U+8BB0 "记" */
    0x0, 0x2, 0x0, 0x0, 0x0, 0x0, 0x0, 0x2,
    0xde, 0x10, 0xff, 0xff, 0xff, 0xe0, 0x1, 0xef,
    0xc0, 0xff, 0xff, 0xff, 0xe0, 0x0, 0x5f, 0xc0,
    0x11, 0x11, 0x3f, 0xe0, 0x0, 0x8, 0x10, 0x0,
    0x0, 0x1f, 0xe0, 0x1f, 0xfe, 0x0, 0x0, 0x0,
    0x1f, 0xe0, 0x1f, 0xfe, 0x1, 0xff, 0xff, 0xff,
    0xe0, 0x5, 0xfe, 0x1, 0xff, 0xff, 0xff, 0xe0,
    0x1, 0xfe, 0x1, 0xfe, 0x0, 0x0, 0x0, 0x1,
    0xfe, 0x1, 0xfe, 0x0, 0x2, 0x41, 0x1, 0xff,
    0xd6, 0xfe, 0x0, 0x5, 0xfb, 0x1, 0xff, 0xfa,
    0xff, 0x0, 0x7, 0xfa, 0x2, 0xff, 0xb1, 0xff,
    0xff, 0xff, 0xf8, 0x0, 0x57, 0x0, 0x9f, 0xff,
    0xff, 0xe3,

    /* U+8BBE "设" */
    0x0, 0x20, 0x0, 0x0, 0x0, 0x0, 0x0, 0x4,
    0xea, 0x0, 0xff, 0xff, 0xfd, 0x0, 0x3, 0xff,
    0x71, 0xff, 0xde, 0xfd, 0x0, 0x0, 0x7f, 0x64,
    0xfd, 0x3, 0xfe, 0x61, 0x1, 0x14, 0x2e, 0xf8,
    0x3, 0xff, 0xf2, 0x5f, 0xfe, 0xa, 0xa0, 0x0,
    0x79, 0x90, 0x4e, 0xfe, 0xb, 0xcc, 0xcc, 0xcc,
    0x80, 0x1, 0xfe, 0xe, 0xff, 0xff, 0xff, 0xb0,
    0x1, 0xfe, 0xb, 0xfa, 0x22, 0xdf, 0x80, 0x1,
    0xfe, 0x82, 0xff, 0x7b, 0xfd, 0x0, 0x1, 0xff,
    0xf3, 0x4f, 0xff, 0xe2, 0x0, 0x2, 0xff, 0xe8,
    0xdf, 0xff, 0xfc, 0x71, 0x0, 0xdc, 0xbf, 0xfe,
    0x68, 0xff, 0xf2, 0x0, 0x20, 0x2b, 0x50, 0x0,
    0x7, 0x90,

    /* U+8BC6 "识" */
    0x0, 0x50, 0x0, 0x0, 0x0, 0x0, 0x0, 0x0,
    0x7f, 0x90, 0xbf, 0xff, 0xff, 0xfe, 0x0, 0x1,
    0xef, 0x5b, 0xfe, 0xee, 0xef, 0xe0, 0x0, 0x4,
    0xc1, 0xbf, 0x40, 0x1, 0xfe, 0x0, 0x19, 0x98,
    0xb, 0xf4, 0x0, 0x1f, 0xe0, 0x3, 0xff, 0xe0,
    0xbf, 0x40, 0x1, 0xfe, 0x0, 0x16, 0xfe, 0xb,
    0xff, 0xff, 0xff, 0xe0, 0x0, 0x1f, 0xe0, 0xae,
    0xee, 0xee, 0xec, 0x0, 0x1, 0xfe, 0x50, 0x9a,
    0x10, 0x97, 0x0, 0x0, 0x1f, 0xff, 0x3f, 0xf6,
    0x5f, 0xf4, 0x0, 0x2, 0xff, 0xdd, 0xfc, 0x0,
    0xaf, 0xe1, 0x0, 0xd, 0xcc, 0xfe, 0x10, 0x0,
    0xdf, 0xb0, 0x0, 0x10, 0x5f, 0x40, 0x0, 0x3,
    0xe4, 0x0, 0x0, 0x0, 0x10, 0x0, 0x0, 0x0,
    0x0,

    /* U+8BE6 "详" */
    0x0, 0x0, 0x0, 0x1, 0x0, 0x0, 0x0, 0x1,
    0xb3, 0x0, 0xce, 0x10, 0xdc, 0x30, 0x9, 0xfe,
    0x20, 0xaf, 0x76, 0xfe, 0x0, 0x0, 0xcf, 0x5c,
    0xdf, 0xcf, 0xfe, 0xc3, 0x0, 0x14, 0xf, 0xff,
    0xff, 0xff, 0xf4, 0x2d, 0xdc, 0x2, 0x22, 0xff,
    0x42, 0x20, 0x3f, 0xfe, 0xa, 0xff, 0xff, 0xff,
    0xe0, 0x5, 0xfe, 0xa, 0xff, 0xff, 0xff, 0xe0,
    0x2, 0xfe, 0x0, 0x0, 0xff, 0x20, 0x0, 0x2,
    0xfe, 0x3d, 0xdd, 0xff, 0xdd, 0xd7, 0x2, 0xff,
    0xcf, 0xff, 0xff, 0xff, 0xf8, 0x2, 0xff, 0xf3,
    0x11, 0xff, 0x31, 0x10, 0x4, 0xff, 0x80, 0x0,
    0xff, 0x20, 0x0, 0x0, 0x74, 0x0, 0x0, 0xff,
    0x20, 0x0,

    /* U+8BF7 "请" */
    0x1, 0xa1, 0x24, 0x46, 0xfe, 0x44, 0x41, 0x9,
    0xfb, 0x7f, 0xff, 0xff, 0xff, 0xf5, 0x1, 0xef,
    0x57, 0x78, 0xfe, 0x77, 0x71, 0x0, 0x42, 0x3f,
    0xff, 0xff, 0xff, 0xf1, 0x1c, 0xc9, 0x7a, 0xaa,
    0xff, 0xaa, 0xa5, 0x2f, 0xfb, 0x7a, 0xaa, 0xaa,
    0xaa, 0xa6, 0x6, 0xfb, 0xf, 0xff, 0xff, 0xff,
    0xd0, 0x3, 0xfb, 0xf, 0xf8, 0x88, 0x9f, 0xe0,
    0x3, 0xfb, 0x1f, 0xff, 0xff, 0xff, 0xe0, 0x3,
    0xfe, 0x9f, 0xf8, 0x88, 0x9f, 0xe0, 0x3, 0xff,
    0xcf, 0xff, 0xff, 0xff, 0xe0, 0x4, 0xff, 0x5f,
    0xf0, 0x5, 0x8f, 0xd0, 0x0, 0x93, 0xf, 0xf0,
    0xa, 0xff, 0x80,

    /* U+8D44 "资" */
    0x0, 0x0, 0x0, 0x0, 0x0, 0x0, 0x0, 0x4,
    0x80, 0x7, 0xf8, 0x0, 0x0, 0x0, 0xc, 0xfd,
    0x1e, 0xff, 0xff, 0xff, 0xf1, 0x1, 0xb5, 0xcf,
    0xce, 0xfd, 0xbf, 0xf0, 0x0, 0x5b, 0x6b, 0x3e,
    0xfb, 0x4b, 0x70, 0x1a, 0xff, 0xab, 0xff, 0xff,
    0xfa, 0x61, 0x4f, 0xc2, 0xaf, 0xc5, 0x7, 0xdf,
    0xf1, 0x5, 0xab, 0xcd, 0xbb, 0xbb, 0xbd, 0x40,
    0x0, 0xef, 0xff, 0xff, 0xff, 0xfe, 0x0, 0x0,
    0xef, 0x12, 0xbb, 0x1, 0xfe, 0x0, 0x0, 0xef,
    0x16, 0xff, 0x1, 0xfe, 0x0, 0x0, 0x48, 0xaf,
    0xff, 0xfb, 0x94, 0x0, 0x3e, 0xff, 0xff, 0x77,
    0xcf, 0xff, 0xc0, 0xc, 0xda, 0x50, 0x0, 0x2,
    0x8e, 0xb0, 0x0, 0x0, 0x0, 0x0, 0x0, 0x0,
    0x10,

    /* U+8F6C "转" */
    0x0, 0x0, 0x0, 0x0, 0x0, 0x0, 0x0, 0x0,
    0x5f, 0x90, 0x0, 0xdf, 0x30, 0x0, 0x3a, 0xdf,
    0xda, 0x69, 0xff, 0xa9, 0x90, 0x5f, 0xff, 0xff,
    0xbf, 0xff, 0xff, 0xf0, 0x6, 0xfd, 0x73, 0x29,
    0xfa, 0x33, 0x30, 0x9, 0xfc, 0xf2, 0xef, 0xff,
    0xee, 0xe3, 0x1f, 0xf8, 0xf4, 0xff, 0xff, 0xff,
    0xf4, 0x2f, 0xff, 0xff, 0x5f, 0xc2, 0x22, 0x20,
    0x2c, 0xcf, 0xfc, 0x6f, 0xff, 0xff, 0xc0, 0x0,
    0xd, 0xf8, 0x5c, 0xcc, 0xef, 0xc0, 0x3d, 0xff,
    0xff, 0x3b, 0x42, 0xff, 0x30, 0x2f, 0xff, 0xf8,
    0x7f, 0xff, 0xf7, 0x0, 0x1, 0xd, 0xf2, 0x3,
    0xaf, 0xfe, 0x30, 0x0, 0xd, 0xf2, 0x0, 0x2,
    0xae, 0x0, 0x0, 0x0, 0x0, 0x0, 0x0, 0x0,
    0x0,

    /* U+8F83 "较" */
    0x0, 0x0, 0x0, 0x0, 0x0, 0x0, 0x0, 0x0,
    0x6f, 0x70, 0x0, 0xaf, 0x60, 0x0, 0x2, 0xaf,
    0x72, 0x12, 0x9f, 0x92, 0x20, 0x1f, 0xff, 0xfe,
    0xcf, 0xff, 0xff, 0xf5, 0xb, 0xfe, 0xa9, 0x9e,
    0xcc, 0xed, 0xc4, 0x7, 0xfd, 0xd0, 0x1e, 0xd3,
    0xfd, 0x0, 0xe, 0xf9, 0xf0, 0xbf, 0x80, 0xbf,
    0xb0, 0x1f, 0xff, 0xff, 0xff, 0x90, 0xcf, 0xf6,
    0xc, 0xcf, 0xf9, 0x8e, 0xf7, 0xfd, 0x80, 0x0,
    0xe, 0xf6, 0x27, 0xff, 0xf3, 0x0, 0x1c, 0xff,
    0xff, 0x41, 0xff, 0xd0, 0x0, 0xf, 0xff, 0xf8,
    0x5d, 0xff, 0xfd, 0x50, 0x1, 0xe, 0xf4, 0xff,
    0xc3, 0xdf, 0xf4, 0x0, 0xe, 0xf0, 0xc8, 0x0,
    0x8, 0x90, 0x0, 0x0, 0x0, 0x0, 0x0, 0x0,
    0x0,

    /* U+8FBE "达" */
    0x0, 0x0, 0x0, 0x0, 0x0, 0x0, 0x0, 0x3,
    0xc2, 0x0, 0x6, 0xfb, 0x0, 0x0, 0xb, 0xfd,
    0x10, 0x6, 0xfb, 0x0, 0x0, 0x1, 0xdf, 0x8a,
    0xac, 0xfe, 0xaa, 0x80, 0x0, 0x38, 0x2f, 0xff,
    0xff, 0xff, 0xd0, 0x1c, 0xcc, 0x25, 0x5b, 0xfb,
    0x55, 0x40, 0x2f, 0xff, 0x20, 0xc, 0xfa, 0x0,
    0x0, 0x2, 0xef, 0x20, 0x2f, 0xff, 0x80, 0x0,
    0x0, 0xef, 0x21, 0xdf, 0xdf, 0xf8, 0x0, 0x0,
    0xef, 0x5e, 0xff, 0x27, 0xff, 0x70, 0x0, 0xff,
    0x4f, 0xf3, 0x0, 0x9f, 0x70, 0x1c, 0xff, 0xd9,
    0x41, 0x11, 0x16, 0x10, 0x5f, 0xfd, 0xff, 0xff,
    0xff, 0xff, 0xf6, 0xc, 0x40, 0x8d, 0xff, 0xff,
    0xff, 0xf3, 0x0, 0x0, 0x0, 0x0, 0x0, 0x0,
    0x0,

    /* U+8FC7 "过" */
    0x0, 0x0, 0x0, 0x0, 0x0, 0x0, 0x0, 0x3,
    0xd2, 0x0, 0x0, 0x7, 0xfa, 0x0, 0x8, 0xfd,
    0x12, 0x22, 0x28, 0xfb, 0x20, 0x0, 0xcf, 0x8f,
    0xff, 0xff, 0xff, 0xf2, 0x0, 0x15, 0x1c, 0xcc,
    0xce, 0xfe, 0xc1, 0x4d, 0xdd, 0x26, 0xd1, 0x7,
    0xfa, 0x0, 0x5f, 0xff, 0x3b, 0xfc, 0x7, 0xfa,
    0x0, 0x14, 0xff, 0x31, 0xff, 0x47, 0xfa, 0x0,
    0x0, 0xef, 0x30, 0x65, 0x7, 0xfa, 0x0, 0x0,
    0xef, 0x30, 0x3, 0x3a, 0xfa, 0x0, 0x0, 0xff,
    0x30, 0x1f, 0xff, 0xf8, 0x0, 0x1c, 0xff, 0xb2,
    0x9, 0xba, 0x91, 0x0, 0x4f, 0xdd, 0xff, 0xff,
    0xff, 0xff, 0xf4, 0xc, 0x11, 0x9d, 0xff, 0xff,
    0xff, 0xf1, 0x0, 0x0, 0x0, 0x0, 0x0, 0x0,
    0x0,

    /* U+8FD0 "运" */
    0x0, 0x50, 0x0, 0x0, 0x0, 0x0, 0x0, 0xa,
    0xf7, 0xe, 0xff, 0xff, 0xff, 0x60, 0x6, 0xff,
    0x3e, 0xff, 0xff, 0xff, 0x60, 0x0, 0x9a, 0x0,
    0x0, 0x0, 0x0, 0x0, 0x0, 0x0, 0x59, 0x99,
    0x99, 0x99, 0x91, 0x4e, 0xee, 0x9f, 0xff, 0xff,
    0xff, 0xf2, 0x5f, 0xff, 0x47, 0xdf, 0xc7, 0xb7,
    0x71, 0x14, 0xff, 0x1, 0xff, 0x38, 0xf6, 0x0,
    0x1, 0xff, 0xb, 0xfa, 0x4, 0xfe, 0x0, 0x1,
    0xff, 0x3f, 0xfe, 0xff, 0xff, 0x70, 0x3, 0xff,
    0x1f, 0xff, 0xff, 0xff, 0xe0, 0x2e, 0xff, 0xb8,
    0x53, 0x10, 0x9, 0x20, 0x1f, 0xee, 0xff, 0xff,
    0xff, 0xff, 0xf1, 0xb, 0x21, 0x9d, 0xff, 0xff,
    0xff, 0xf0, 0x0, 0x0, 0x0, 0x0, 0x0, 0x0,
    0x0,

    /* U+8FDE "连" */
    0x2, 0x90, 0x0, 0xb, 0xa0, 0x0, 0x0, 0xd,
    0xf7, 0x47, 0x9f, 0xe7, 0x77, 0x70, 0x4, 0xff,
    0xaf, 0xff, 0xff, 0xff, 0xf2, 0x0, 0x95, 0x3a,
    0xfd, 0x99, 0x76, 0x60, 0x25, 0x55, 0xd, 0xf5,
    0xdf, 0x30, 0x0, 0x6f, 0xff, 0x5f, 0xfc, 0xff,
    0xdc, 0x90, 0x4c, 0xff, 0x5f, 0xff, 0xff, 0xff,
    0xb0, 0x2, 0xff, 0x1, 0x11, 0xdf, 0x41, 0x10,
    0x2, 0xff, 0xaf, 0xff, 0xff, 0xff, 0xf2, 0x2,
    0xff, 0x8d, 0xdd, 0xff, 0xdd, 0xd1, 0x1c, 0xff,
    0xa3, 0x10, 0xbc, 0x30, 0x0, 0x2f, 0xff, 0xff,
    0xff, 0xff, 0xff, 0xf4, 0xb, 0x33, 0xbe, 0xff,
    0xff, 0xff, 0xf1, 0x0, 0x0, 0x0, 0x0, 0x0,
    0x0, 0x0,

    /* U+9001 "送" */
    0x0, 0x0, 0x0, 0x0, 0x0, 0x10, 0x0, 0x3,
    0xa0, 0x4, 0xe9, 0x1, 0xe9, 0x0, 0xd, 0xf9,
    0x2, 0xff, 0x3a, 0xf9, 0x0, 0x3, 0xff, 0x5d,
    0xff, 0xdf, 0xfd, 0xa0, 0x0, 0x66, 0x1f, 0xff,
    0xff, 0xff, 0xc0, 0x29, 0x99, 0x0, 0x8, 0xfa,
    0x0, 0x0, 0x4f, 0xff, 0x8c, 0xce, 0xfe, 0xcc,
    0xc0, 0x27, 0xff, 0xaf, 0xff, 0xff, 0xff, 0xf1,
    0x0, 0xff, 0x0, 0x1e, 0xff, 0x60, 0x0, 0x0,
    0xff, 0x3, 0xdf, 0xef, 0xf9, 0x0, 0x2, 0xff,
    0x2f, 0xfe, 0x26, 0xff, 0x90, 0x1e, 0xff, 0xbb,
    0xb1, 0x0, 0x4e, 0x20, 0xf, 0xef, 0xff, 0xff,
    0xff, 0xff, 0xf2, 0xa, 0x32, 0xae, 0xff, 0xff,
    0xff, 0xf0, 0x0, 0x0, 0x0, 0x0, 0x0, 0x0,
    0x0,

    /* U+901A "通" */
    0x0, 0x0, 0x0, 0x0, 0x0, 0x0, 0x0, 0x4,
    0xd3, 0x7f, 0xff, 0xff, 0xff, 0xc0, 0x7, 0xfd,
    0x49, 0xcf, 0x9a, 0xff, 0xb0, 0x0, 0xdf, 0x50,
    0xaf, 0xce, 0xfa, 0x0, 0x0, 0x44, 0x5d, 0xdf,
    0xff, 0xfd, 0xd0, 0x19, 0x98, 0x6f, 0xfe, 0xff,
    0xef, 0xf1, 0x3f, 0xfe, 0x6f, 0xb7, 0xfe, 0x6e,
    0xf1, 0x2b, 0xfe, 0x6f, 0xff, 0xff, 0xff, 0xf1,
    0x2, 0xfe, 0x6f, 0xb7, 0xfe, 0x6e, 0xf1, 0x2,
    0xfe, 0x6f, 0xff, 0xff, 0xff, 0xf1, 0x2, 0xfe,
    0x6f, 0x81, 0xfd, 0x6f, 0xf0, 0xc, 0xff, 0xd9,
    0x40, 0x65, 0xce, 0xa0, 0x1f, 0xee, 0xff, 0xee,
    0xee, 0xee, 0xe6, 0x9, 0x22, 0xae, 0xff, 0xff,
    0xff, 0xf4, 0x0, 0x0, 0x0, 0x0, 0x0, 0x0,
    0x0,

    /* U+901F "速" */
    0x2, 0xb2, 0x12, 0x23, 0xfe, 0x22, 0x20, 0xb,
    0xfa, 0x8f, 0xff, 0xff, 0xff, 0xf6, 0x2, 0xff,
    0x9b, 0xbb, 0xff, 0xbb, 0xb4, 0x0, 0x87, 0x2a,
    0xab, 0xff, 0xaa, 0x90, 0x28, 0x87, 0x2f, 0xff,
    0xff, 0xff, 0xe0, 0x4f, 0xfe, 0x2f, 0xb1, 0xfe,
    0xf, 0xe0, 0x2b, 0xfe, 0x2f, 0xff, 0xff, 0xff,
    0xe0, 0x2, 0xfe, 0x19, 0xcf, 0xff, 0xfa, 0x80,
    0x2, 0xfe, 0x19, 0xff, 0xff, 0xfe, 0x60, 0x3,
    0xff, 0x9f, 0xe5, 0xfe, 0x7f, 0xe0, 0x1d, 0xff,
    0xcc, 0x10, 0x76, 0x3, 0x40, 0x2f, 0xee, 0xff,
    0xfe, 0xee, 0xee, 0xe7, 0xb, 0x22, 0xbe, 0xff,
    0xff, 0xff, 0xf4, 0x0, 0x0, 0x0, 0x0, 0x0,
    0x0, 0x0,

    /* U+90E8 "部" */
    0x0, 0x4, 0x82, 0x0, 0x0, 0x0, 0x0, 0x0,
    0xa, 0xf6, 0x0, 0xdf, 0xff, 0xf8, 0xa, 0xbe,
    0xfd, 0xb7, 0xdf, 0xff, 0xf8, 0xe, 0xff, 0xff,
    0xf9, 0xdf, 0x29, 0xf6, 0x2, 0xfc, 0xe, 0xf1,
    0xdf, 0x2e, 0xf0, 0x4, 0xff, 0x7f, 0xd4, 0xdf,
    0x5f, 0xa0, 0x3f, 0xff, 0xff, 0xfe, 0xdf, 0xaf,
    0x90, 0x17, 0x77, 0x77, 0x76, 0xdf, 0x5f, 0xf2,
    0x8, 0xbb, 0xbb, 0xb5, 0xdf, 0x28, 0xf8, 0xb,
    0xff, 0xff, 0xf7, 0xdf, 0x24, 0xfa, 0xb, 0xf3,
    0x8, 0xf7, 0xdf, 0x7b, 0xf9, 0xb, 0xfc, 0xbd,
    0xf7, 0xdf, 0xbf, 0xf3, 0xb, 0xff, 0xff, 0xf7,
    0xdf, 0x55, 0x20, 0x8, 0xc3, 0x0, 0x0, 0xdf,
    0x20, 0x0,

    /* U+914D "配" */
    0x1f, 0xff, 0xff, 0xfb, 0xff, 0xff, 0xf1, 0xa,
    0xef, 0xdf, 0xa7, 0xff, 0xff, 0xf1, 0x0, 0xaf,
    0xaf, 0x0, 0x0, 0xd, 0xf1, 0xb, 0xff, 0xef,
    0xe7, 0x0, 0xd, 0xf1, 0xd, 0xff, 0xff, 0xf8,
    0x0, 0xd, 0xf1, 0xd, 0x8f, 0xa6, 0xf8, 0xff,
    0xff, 0xf1, 0xd, 0xcd, 0xaa, 0xf8, 0xff, 0xee,
    0xe0, 0xd, 0xf8, 0x7f, 0xf8, 0xff, 0x0, 0x0,
    0xd, 0xd8, 0x8b, 0xf8, 0xff, 0x2, 0x51, 0xd,
    0xff, 0xff, 0xf8, 0xff, 0x5, 0xf8, 0xd, 0xb2,
    0x27, 0xf8, 0xff, 0x6, 0xf7, 0xd, 0xff, 0xff,
    0xf8, 0xef, 0xff, 0xf6, 0xd, 0xd8, 0x88, 0x84,
    0x8f, 0xff, 0xd1,

    /* U+91CD "重" */
    0x0, 0x0, 0x0, 0x0, 0x0, 0x12, 0x10, 0x0,
    0xdd, 0xee, 0xff, 0xff, 0xff, 0x80, 0x0, 0xba,
    0xa9, 0xef, 0xa7, 0x66, 0x30, 0x1f, 0xff, 0xff,
    0xff, 0xff, 0xff, 0xf8, 0x9, 0x99, 0x99, 0xef,
    0xb9, 0x99, 0x94, 0x0, 0xef, 0xff, 0xff, 0xff,
    0xff, 0x60, 0x0, 0xff, 0x76, 0xef, 0x96, 0xcf,
    0x70, 0x0, 0xff, 0xff, 0xff, 0xff, 0xff, 0x70,
    0x0, 0xff, 0x66, 0xef, 0x86, 0xcf, 0x70, 0x0,
    0xef, 0xff, 0xff, 0xff, 0xff, 0x60, 0x2, 0x99,
    0x99, 0xef, 0xb9, 0x99, 0x70, 0x2, 0x99, 0x99,
    0xef, 0xb9, 0x99, 0x70, 0x1f, 0xff, 0xff, 0xff,
    0xff, 0xff, 0xf8, 0x7, 0x77, 0x77, 0x77, 0x77,
    0x77, 0x73,

    /* U+91CF "量" */
    0x1, 0xff, 0xff, 0xff, 0xff, 0xff, 0x80, 0x1,
    0xff, 0x33, 0x33, 0x33, 0xaf, 0x80, 0x1, 0xff,
    0xdd, 0xdd, 0xdd, 0xff, 0x80, 0x0, 0xdd, 0xcc,
    0xcc, 0xcc, 0xcd, 0x60, 0x1d, 0xdd, 0xdd, 0xdd,
    0xdd, 0xdd, 0xd6, 0x4, 0x88, 0x88, 0x88, 0x88,
    0x88, 0x62, 0x0, 0xff, 0xcc, 0xff, 0xdc, 0xef,
    0x60, 0x0, 0xff, 0xee, 0xff, 0xee, 0xff, 0x60,
    0x0, 0xff, 0x99, 0xef, 0xb9, 0xdf, 0x60, 0x0,
    0xbb, 0xbb, 0xff, 0xcb, 0xbb, 0x40, 0x4, 0xff,
    0xff, 0xff, 0xff, 0xff, 0xb0, 0x3, 0x44, 0x44,
    0xdf, 0x74, 0x44, 0x41, 0x1f, 0xff, 0xff, 0xff,
    0xff, 0xff, 0xf8,

    /* U+957F "长" */
    0x0, 0x0, 0x0, 0x0, 0x0, 0x0, 0x0, 0x0,
    0x6f, 0xa0, 0x0, 0x4, 0xd6, 0x0, 0x0, 0x6f,
    0xa0, 0x3, 0xaf, 0xfd, 0x0, 0x0, 0x6f, 0xa4,
    0xcf, 0xff, 0xc3, 0x0, 0x0, 0x6f, 0xa7, 0xff,
    0xc5, 0x0, 0x0, 0x0, 0x6f, 0xa2, 0xa4, 0x0,
    0x0, 0x0, 0x1f, 0xff, 0xff, 0xff, 0xff, 0xff,
    0xf0, 0x2f, 0xff, 0xff, 0xff, 0xff, 0xff, 0xf1,
    0x1, 0x7f, 0xa1, 0x7f, 0xc1, 0x11, 0x10, 0x0,
    0x6f, 0xa0, 0xd, 0xf7, 0x0, 0x0, 0x0, 0x6f,
    0xa0, 0x46, 0xff, 0xa1, 0x0, 0x0, 0x6f, 0xee,
    0xf7, 0x5f, 0xff, 0xa0, 0x0, 0xbf, 0xff, 0xd4,
    0x2, 0xcf, 0xa0, 0x0, 0x6e, 0x82, 0x0, 0x0,
    0x4, 0x20, 0x0, 0x0, 0x0, 0x0, 0x0, 0x0,
    0x0,

    /* U+95F2 "闲" */
    0x4, 0x0, 0x0, 0x0, 0x0, 0x0, 0x5f, 0xc1,
    0xef, 0xff, 0xff, 0xfe, 0x1d, 0xfa, 0xce, 0xee,
    0xee, 0xfe, 0x1, 0xc1, 0x0, 0x0, 0x0, 0xfe,
    0x89, 0x0, 0xf, 0xf0, 0x0, 0xfe, 0xef, 0x5d,
    0xdf, 0xfd, 0xd4, 0xfe, 0xef, 0x6f, 0xff, 0xff,
    0xf5, 0xfe, 0xef, 0x10, 0xaf, 0xf2, 0x0, 0xfe,
    0xef, 0x16, 0xff, 0xff, 0x50, 0xfe, 0xef, 0x9f,
    0xff, 0xfe, 0xf7, 0xfe, 0xef, 0xcf, 0x7f, 0xf1,
    0xc3, 0xfe, 0xef, 0x47, 0xf, 0xf0, 0x0, 0xfe,
    0xef, 0x10, 0xf, 0xf1, 0xde, 0xfd, 0xef, 0x10,
    0x0, 0x0, 0xff, 0xe6,

    /* U+95F4 "间" */
    0x4, 0x0, 0x0, 0x0, 0x0, 0x0, 0x6f, 0xc1,
    0xef, 0xff, 0xff, 0xfd, 0x3f, 0xfa, 0xef, 0xff,
    0xff, 0xfd, 0x6, 0xf2, 0x0, 0x0, 0x3, 0xfd,
    0x78, 0x4b, 0xbb, 0xbb, 0xb3, 0xfd, 0xef, 0x3f,
    0xff, 0xff, 0xf4, 0xfd, 0xef, 0x3f, 0xd0, 0xe,
    0xf4, 0xfd, 0xef, 0x3f, 0xff, 0xff, 0xf4, 0xfd,
    0xef, 0x3f, 0xfb, 0xbf, 0xf4, 0xfd, 0xef, 0x3f,
    0xd0, 0xe, 0xf4, 0xfd, 0xef, 0x3f, 0xff, 0xff,
    0xf4, 0xfd, 0xef, 0x2c, 0xcc, 0xcc, 0xc5, 0xfd,
    0xef, 0x10, 0x0, 0x9, 0xef, 0xfc, 0xef, 0x10,
    0x0, 0x6, 0xff, 0xe4,

    /* U+9608 "阈" */
    0x0, 0x60, 0x0, 0x0, 0x0, 0x0, 0x0, 0xcf,
    0x69, 0xff, 0xff, 0xff, 0xfd, 0x5, 0xfd, 0x6b,
    0xbb, 0xbb, 0xbf, 0xd0, 0x7, 0x10, 0x0, 0x76,
    0x63, 0xed, 0x9, 0xa6, 0xaa, 0xaf, 0xee, 0xbe,
    0xd0, 0xef, 0xaf, 0xff, 0xff, 0xfd, 0xed, 0xe,
    0xf4, 0x88, 0x7c, 0xc7, 0x3e, 0xd0, 0xef, 0x8f,
    0xff, 0xbe, 0xe9, 0xed, 0xe, 0xf8, 0xd7, 0xfa,
    0xff, 0x2e, 0xd0, 0xef, 0x8f, 0xff, 0x7f, 0xa7,
    0xed, 0xe, 0xf3, 0x79, 0xab, 0xf9, 0xff, 0xd0,
    0xef, 0xbf, 0xff, 0xff, 0xfa, 0xed, 0xe, 0xf5,
    0x64, 0x4a, 0x3d, 0x8f, 0xc0, 0xef, 0x0, 0x0,
    0x0, 0xaf, 0xe5,

    /* U+9694 "隔" */
    0xff, 0xff, 0xbf, 0xff, 0xff, 0xff, 0x3f, 0xfe,
    0xf6, 0x99, 0x99, 0x99, 0x91, 0xfc, 0xce, 0x6,
    0x66, 0x66, 0x64, 0xf, 0xce, 0xb1, 0xff, 0xff,
    0xff, 0xb0, 0xfd, 0xf8, 0x1f, 0xd8, 0x89, 0xfb,
    0xf, 0xef, 0x91, 0xbb, 0xbb, 0xbb, 0x70, 0xfc,
    0xde, 0xaf, 0xff, 0xff, 0xff, 0x4f, 0xc9, 0xfc,
    0xfa, 0xd8, 0xcb, 0xf5, 0xfc, 0x8f, 0xdf, 0x9e,
    0x7f, 0x9f, 0x5f, 0xff, 0xfc, 0xfa, 0xef, 0xfa,
    0xf5, 0xfd, 0xc8, 0xaf, 0x9e, 0xfc, 0xaf, 0x5f,
    0xc0, 0xa, 0xf0, 0x8f, 0x6a, 0xf4, 0xfc, 0x0,
    0xaf, 0x5, 0xa9, 0xfe, 0x10, 0x0, 0x1, 0x20,
    0x0, 0x12, 0x0,

    /* U+97F5 "韵" */
    0x0, 0x19, 0x80, 0x0, 0xb9, 0x0, 0x0, 0x1c,
    0xcf, 0xfc, 0x93, 0xfd, 0x11, 0x10, 0x1f, 0xff,
    0xff, 0xca, 0xff, 0xff, 0xf0, 0x4, 0xf7, 0x9f,
    0x5f, 0xfd, 0xdf, 0xf0, 0x3b, 0xfd, 0xef, 0xca,
    0xa1, 0xe, 0xf0, 0x5e, 0xee, 0xee, 0xe3, 0xfd,
    0x1f, 0xf0, 0x9, 0x99, 0x99, 0x50, 0xae, 0x4f,
    0xf0, 0xf, 0xff, 0xff, 0x90, 0x19, 0xff, 0xe0,
    0xf, 0xf6, 0x9f, 0xa8, 0xff, 0xff, 0xe0, 0xf,
    0xff, 0xff, 0xcf, 0xfa, 0x3f, 0xd0, 0xf, 0xf5,
    0x8f, 0x98, 0x30, 0x2f, 0xd0, 0xf, 0xff, 0xff,
    0x90, 0x7f, 0xff, 0xc0, 0xf, 0xfa, 0xaa, 0x60,
    0x5f, 0xfe, 0x40,

    /* U+9884 "预" */
    0x3f, 0xff, 0xff, 0xaf, 0xff, 0xff, 0xf2, 0x2d,
    0xdd, 0xff, 0x7c, 0xdf, 0xdc, 0xc1, 0x3, 0xb7,
    0xfa, 0x12, 0x9f, 0x72, 0x10, 0x8, 0xff, 0xe1,
    0x9f, 0xff, 0xff, 0xd0, 0x1, 0xef, 0x70, 0x9f,
    0xee, 0xef, 0xd0, 0x4f, 0xff, 0xff, 0xaf, 0x49,
    0x4f, 0xd0, 0x3d, 0xff, 0xef, 0xaf, 0x7f, 0x8f,
    0xd0, 0x0, 0xcf, 0x9f, 0x9f, 0x7f, 0x7f, 0xd0,
    0x0, 0xcf, 0x9c, 0x9f, 0x8f, 0x6f, 0xd0, 0x0,
    0xcf, 0x0, 0x5a, 0xcf, 0xcb, 0x80, 0x0, 0xcf,
    0x0, 0x1a, 0xff, 0xfe, 0x40, 0x2f, 0xfe, 0x7,
    0xff, 0xe2, 0x9f, 0xf3, 0xf, 0xf8, 0x3, 0xfb,
    0x10, 0x7, 0xc0, 0x0, 0x0, 0x0, 0x20, 0x0,
    0x0, 0x0,

    /* U+9891 "频" */
    0x0, 0x4, 0xf7, 0xb, 0xcc, 0xcc, 0xc6, 0x9,
    0xf5, 0xfd, 0x7f, 0xff, 0xff, 0xf8, 0x9, 0xf5,
    0xff, 0xa1, 0x1f, 0xf2, 0x10, 0x9, 0xf5, 0xf8,
    0x1c, 0xff, 0xff, 0xf4, 0x2f, 0xff, 0xff, 0xec,
    0xfe, 0xef, 0xf4, 0x1c, 0xce, 0xfd, 0xbc, 0xe6,
    0xa8, 0xf4, 0x1, 0x38, 0xf4, 0x1c, 0xea, 0xf8,
    0xf4, 0x7, 0xfc, 0xfb, 0xee, 0xea, 0xf8, 0xf4,
    0xd, 0xe8, 0xff, 0xdc, 0xec, 0xf7, 0xf4, 0x1c,
    0x84, 0xff, 0x47, 0xbf, 0xf9, 0x92, 0x1, 0x8f,
    0xf7, 0x5, 0xef, 0xff, 0x80, 0x1f, 0xff, 0x70,
    0xbf, 0xfa, 0x4f, 0xf7, 0xa, 0xa2, 0x0, 0x3e,
    0x60, 0x3, 0xc0, 0x0, 0x0, 0x0, 0x0, 0x0,
    0x0, 0x0,

    /* U+FF0C "，" */
    0xa, 0xba, 0xe, 0xfe, 0xe, 0xfe, 0x0, 0x7d,
    0x0, 0xba, 0xc, 0xe2, 0x5, 0x10
};


/*---------------------
 *  GLYPH DESCRIPTION
 *--------------------*/

static const lv_font_fmt_txt_glyph_dsc_t glyph_dsc[] = {
    {.bitmap_index = 0, .adv_w = 0, .box_w = 0, .box_h = 0, .ofs_x = 0, .ofs_y = 0} /* id = 0 reserved */,
    {.bitmap_index = 0, .adv_w = 67, .box_w = 0, .box_h = 0, .ofs_x = 0, .ofs_y = 0},
    {.bitmap_index = 0, .adv_w = 67, .box_w = 0, .box_h = 0, .ofs_x = 0, .ofs_y = 0},
    {.bitmap_index = 0, .adv_w = 77, .box_w = 4, .box_h = 12, .ofs_x = 0, .ofs_y = 0},
    {.bitmap_index = 24, .adv_w = 106, .box_w = 7, .box_h = 6, .ofs_x = 0, .ofs_y = 8},
    {.bitmap_index = 45, .adv_w = 172, .box_w = 11, .box_h = 12, .ofs_x = 0, .ofs_y = 0},
    {.bitmap_index = 111, .adv_w = 143, .box_w = 9, .box_h = 15, .ofs_x = 0, .ofs_y = -2},
    {.bitmap_index = 179, .adv_w = 209, .box_w = 13, .box_h = 12, .ofs_x = 0, .ofs_y = 0},
    {.bitmap_index = 257, .adv_w = 179, .box_w = 12, .box_h = 12, .ofs_x = 0, .ofs_y = 0},
    {.bitmap_index = 329, .adv_w = 55, .box_w = 3, .box_h = 6, .ofs_x = 0, .ofs_y = 8},
    {.bitmap_index = 338, .adv_w = 88, .box_w = 5, .box_h = 14, .ofs_x = 1, .ofs_y = -1},
    {.bitmap_index = 373, .adv_w = 88, .box_w = 5, .box_h = 14, .ofs_x = 0, .ofs_y = -1},
    {.bitmap_index = 408, .adv_w = 101, .box_w = 6, .box_h = 6, .ofs_x = 0, .ofs_y = 6},
    {.bitmap_index = 426, .adv_w = 148, .box_w = 9, .box_h = 9, .ofs_x = 0, .ofs_y = 2},
    {.bitmap_index = 467, .adv_w = 72, .box_w = 4, .box_h = 7, .ofs_x = 0, .ofs_y = -4},
    {.bitmap_index = 481, .adv_w = 111, .box_w = 7, .box_h = 3, .ofs_x = 0, .ofs_y = 5},
    {.bitmap_index = 492, .adv_w = 69, .box_w = 4, .box_h = 3, .ofs_x = 0, .ofs_y = 0},
    {.bitmap_index = 498, .adv_w = 107, .box_w = 7, .box_h = 12, .ofs_x = 0, .ofs_y = 0},
    {.bitmap_index = 540, .adv_w = 154, .box_w = 10, .box_h = 12, .ofs_x = 0, .ofs_y = 0},
    {.bitmap_index = 600, .adv_w = 118, .box_w = 6, .box_h = 12, .ofs_x = 0, .ofs_y = 0},
    {.bitmap_index = 636, .adv_w = 144, .box_w = 9, .box_h = 12, .ofs_x = 0, .ofs_y = 0},
    {.bitmap_index = 690, .adv_w = 144, .box_w = 9, .box_h = 12, .ofs_x = 0, .ofs_y = 0},
    {.bitmap_index = 744, .adv_w = 149, .box_w = 10, .box_h = 12, .ofs_x = 0, .ofs_y = 0},
    {.bitmap_index = 804, .adv_w = 145, .box_w = 9, .box_h = 12, .ofs_x = 0, .ofs_y = 0},
    {.bitmap_index = 858, .adv_w = 151, .box_w = 9, .box_h = 12, .ofs_x = 0, .ofs_y = 0},
    {.bitmap_index = 912, .adv_w = 134, .box_w = 9, .box_h = 12, .ofs_x = 0, .ofs_y = 0},
    {.bitmap_index = 966, .adv_w = 155, .box_w = 10, .box_h = 12, .ofs_x = 0, .ofs_y = 0},
    {.bitmap_index = 1026, .adv_w = 151, .box_w = 9, .box_h = 12, .ofs_x = 0, .ofs_y = 0},
    {.bitmap_index = 1080, .adv_w = 69, .box_w = 4, .box_h = 9, .ofs_x = 0, .ofs_y = 0},
    {.bitmap_index = 1098, .adv_w = 72, .box_w = 4, .box_h = 13, .ofs_x = 0, .ofs_y = -4},
    {.bitmap_index = 1124, .adv_w = 148, .box_w = 9, .box_h = 11, .ofs_x = 0, .ofs_y = 0},
    {.bitmap_index = 1174, .adv_w = 148, .box_w = 9, .box_h = 7, .ofs_x = 0, .ofs_y = 2},
    {.bitmap_index = 1206, .adv_w = 148, .box_w = 9, .box_h = 11, .ofs_x = 0, .ofs_y = 0},
    {.bitmap_index = 1256, .adv_w = 129, .box_w = 8, .box_h = 12, .ofs_x = 0, .ofs_y = 0},
    {.bitmap_index = 1304, .adv_w = 200, .box_w = 13, .box_h = 12, .ofs_x = 0, .ofs_y = 0},
    {.bitmap_index = 1382, .adv_w = 176, .box_w = 11, .box_h = 12, .ofs_x = 0, .ofs_y = 0},
    {.bitmap_index = 1448, .adv_w = 165, .box_w = 10, .box_h = 12, .ofs_x = 0, .ofs_y = 0},
    {.bitmap_index = 1508, .adv_w = 169, .box_w = 11, .box_h = 12, .ofs_x = 0, .ofs_y = 0},
    {.bitmap_index = 1574, .adv_w = 180, .box_w = 11, .box_h = 12, .ofs_x = 0, .ofs_y = 0},
    {.bitmap_index = 1640, .adv_w = 145, .box_w = 9, .box_h = 12, .ofs_x = 0, .ofs_y = 0},
    {.bitmap_index = 1694, .adv_w = 141, .box_w = 9, .box_h = 12, .ofs_x = 0, .ofs_y = 0},
    {.bitmap_index = 1748, .adv_w = 176, .box_w = 11, .box_h = 12, .ofs_x = 0, .ofs_y = 0},
    {.bitmap_index = 1814, .adv_w = 183, .box_w = 11, .box_h = 12, .ofs_x = 0, .ofs_y = 0},
    {.bitmap_index = 1880, .adv_w = 70, .box_w = 4, .box_h = 12, .ofs_x = 0, .ofs_y = 0},
    {.bitmap_index = 1904, .adv_w = 130, .box_w = 8, .box_h = 12, .ofs_x = 0, .ofs_y = 0},
    {.bitmap_index = 1952, .adv_w = 173, .box_w = 11, .box_h = 12, .ofs_x = 0, .ofs_y = 0},
    {.bitmap_index = 2018, .adv_w = 140, .box_w = 9, .box_h = 12, .ofs_x = 0, .ofs_y = 0},
    {.bitmap_index = 2072, .adv_w = 218, .box_w = 13, .box_h = 12, .ofs_x = 0, .ofs_y = 0},
    {.bitmap_index = 2150, .adv_w = 178, .box_w = 11, .box_h = 12, .ofs_x = 0, .ofs_y = 0},
    {.bitmap_index = 2216, .adv_w = 184, .box_w = 11, .box_h = 12, .ofs_x = 0, .ofs_y = 0},
    {.bitmap_index = 2282, .adv_w = 157, .box_w = 10, .box_h = 12, .ofs_x = 0, .ofs_y = 0},
    {.bitmap_index = 2342, .adv_w = 185, .box_w = 12, .box_h = 14, .ofs_x = 0, .ofs_y = -2},
    {.bitmap_index = 2426, .adv_w = 161, .box_w = 10, .box_h = 12, .ofs_x = 0, .ofs_y = 0},
    {.bitmap_index = 2486, .adv_w = 151, .box_w = 10, .box_h = 12, .ofs_x = 0, .ofs_y = 0},
    {.bitmap_index = 2546, .adv_w = 150, .box_w = 10, .box_h = 12, .ofs_x = 0, .ofs_y = 0},
    {.bitmap_index = 2606, .adv_w = 175, .box_w = 11, .box_h = 12, .ofs_x = 0, .ofs_y = 0},
    {.bitmap_index = 2672, .adv_w = 177, .box_w = 12, .box_h = 12, .ofs_x = 0, .ofs_y = 0},
    {.bitmap_index = 2744, .adv_w = 262, .box_w = 17, .box_h = 12, .ofs_x = 0, .ofs_y = 0},
    {.bitmap_index = 2846, .adv_w = 183, .box_w = 12, .box_h = 12, .ofs_x = 0, .ofs_y = 0},
    {.bitmap_index = 2918, .adv_w = 173, .box_w = 11, .box_h = 12, .ofs_x = 0, .ofs_y = 0},
    {.bitmap_index = 2984, .adv_w = 157, .box_w = 10, .box_h = 12, .ofs_x = 0, .ofs_y = 0},
    {.bitmap_index = 3044, .adv_w = 86, .box_w = 5, .box_h = 14, .ofs_x = 1, .ofs_y = -1},
    {.bitmap_index = 3079, .adv_w = 94, .box_w = 6, .box_h = 12, .ofs_x = 0, .ofs_y = 0},
    {.bitmap_index = 3115, .adv_w = 86, .box_w = 5, .box_h = 14, .ofs_x = 0, .ofs_y = -1},
    {.bitmap_index = 3150, .adv_w = 113, .box_w = 7, .box_h = 5, .ofs_x = 0, .ofs_y = 9},
    {.bitmap_index = 3168, .adv_w = 108, .box_w = 7, .box_h = 3, .ofs_x = 0, .ofs_y = -3},
    {.bitmap_index = 3179, .adv_w = 80, .box_w = 5, .box_h = 5, .ofs_x = 0, .ofs_y = 9},
    {.bitmap_index = 3192, .adv_w = 136, .box_w = 8, .box_h = 9, .ofs_x = 0, .ofs_y = 0},
    {.bitmap_index = 3228, .adv_w = 150, .box_w = 9, .box_h = 12, .ofs_x = 0, .ofs_y = 0},
    {.bitmap_index = 3282, .adv_w = 135, .box_w = 9, .box_h = 9, .ofs_x = 0, .ofs_y = 0},
    {.bitmap_index = 3323, .adv_w = 150, .box_w = 9, .box_h = 12, .ofs_x = 0, .ofs_y = 0},
    {.bitmap_index = 3377, .adv_w = 141, .box_w = 9, .box_h = 9, .ofs_x = 0, .ofs_y = 0},
    {.bitmap_index = 3418, .adv_w = 96, .box_w = 6, .box_h = 12, .ofs_x = 0, .ofs_y = 0},
    {.bitmap_index = 3454, .adv_w = 149, .box_w = 9, .box_h = 13, .ofs_x = 0, .ofs_y = -4},
    {.bitmap_index = 3513, .adv_w = 145, .box_w = 9, .box_h = 12, .ofs_x = 0, .ofs_y = 0},
    {.bitmap_index = 3567, .adv_w = 69, .box_w = 4, .box_h = 13, .ofs_x = 0, .ofs_y = 0},
    {.bitmap_index = 3593, .adv_w = 70, .box_w = 6, .box_h = 17, .ofs_x = -2, .ofs_y = -4},
    {.bitmap_index = 3644, .adv_w = 145, .box_w = 10, .box_h = 12, .ofs_x = 0, .ofs_y = 0},
    {.bitmap_index = 3704, .adv_w = 71, .box_w = 5, .box_h = 12, .ofs_x = 0, .ofs_y = 0},
    {.bitmap_index = 3734, .adv_w = 216, .box_w = 13, .box_h = 9, .ofs_x = 0, .ofs_y = 0},
    {.bitmap_index = 3793, .adv_w = 145, .box_w = 9, .box_h = 9, .ofs_x = 0, .ofs_y = 0},
    {.bitmap_index = 3834, .adv_w = 146, .box_w = 9, .box_h = 9, .ofs_x = 0, .ofs_y = 0},
    {.bitmap_index = 3875, .adv_w = 149, .box_w = 9, .box_h = 13, .ofs_x = 0, .ofs_y = -4},
    {.bitmap_index = 3934, .adv_w = 149, .box_w = 9, .box_h = 13, .ofs_x = 0, .ofs_y = -4},
    {.bitmap_index = 3993, .adv_w = 109, .box_w = 7, .box_h = 9, .ofs_x = 0, .ofs_y = 0},
    {.bitmap_index = 4025, .adv_w = 124, .box_w = 8, .box_h = 9, .ofs_x = 0, .ofs_y = 0},
    {.bitmap_index = 4061, .adv_w = 103, .box_w = 7, .box_h = 11, .ofs_x = 0, .ofs_y = 0},
    {.bitmap_index = 4100, .adv_w = 145, .box_w = 9, .box_h = 9, .ofs_x = 0, .ofs_y = 0},
    {.bitmap_index = 4141, .adv_w = 136, .box_w = 10, .box_h = 9, .ofs_x = -1, .ofs_y = 0},
    {.bitmap_index = 4186, .adv_w = 205, .box_w = 15, .box_h = 9, .ofs_x = -1, .ofs_y = 0},
    {.bitmap_index = 4254, .adv_w = 136, .box_w = 10, .box_h = 9, .ofs_x = -1, .ofs_y = 0},
    {.bitmap_index = 4299, .adv_w = 140, .box_w = 10, .box_h = 13, .ofs_x = -1, .ofs_y = -4},
    {.bitmap_index = 4364, .adv_w = 122, .box_w = 8, .box_h = 9, .ofs_x = 0, .ofs_y = 0},
    {.bitmap_index = 4400, .adv_w = 93, .box_w = 6, .box_h = 14, .ofs_x = 0, .ofs_y = -1},
    {.bitmap_index = 4442, .adv_w = 62, .box_w = 4, .box_h = 14, .ofs_x = 0, .ofs_y = -1},
    {.bitmap_index = 4470, .adv_w = 93, .box_w = 6, .box_h = 14, .ofs_x = 0, .ofs_y = -1},
    {.bitmap_index = 4512, .adv_w = 148, .box_w = 10, .box_h = 5, .ofs_x = 0, .ofs_y = 3},
    {.bitmap_index = 4537, .adv_w = 0, .box_w = 0, .box_h = 0, .ofs_x = 0, .ofs_y = 0},
    {.bitmap_index = 4537, .adv_w = 112, .box_w = 3, .box_h = 3, .ofs_x = 2, .ofs_y = 4},
    {.bitmap_index = 4542, .adv_w = 266, .box_w = 17, .box_h = 12, .ofs_x = 0, .ofs_y = -1},
    {.bitmap_index = 4644, .adv_w = 224, .box_w = 5, .box_h = 5, .ofs_x = 1, .ofs_y = -1},
    {.bitmap_index = 4657, .adv_w = 224, .box_w = 14, .box_h = 13, .ofs_x = 0, .ofs_y = -1},
    {.bitmap_index = 4748, .adv_w = 224, .box_w = 12, .box_h = 13, .ofs_x = 1, .ofs_y = -1},
    {.bitmap_index = 4826, .adv_w = 224, .box_w = 14, .box_h = 14, .ofs_x = 0, .ofs_y = -1},
    {.bitmap_index = 4924, .adv_w = 224, .box_w = 14, .box_h = 13, .ofs_x = 0, .ofs_y = -1},
    {.bitmap_index = 5015, .adv_w = 224, .box_w = 14, .box_h = 13, .ofs_x = 0, .ofs_y = -1},
    {.bitmap_index = 5106, .adv_w = 224, .box_w = 14, .box_h = 15, .ofs_x = 0, .ofs_y = -2},
    {.bitmap_index = 5211, .adv_w = 224, .box_w = 14, .box_h = 14, .ofs_x = 0, .ofs_y = -2},
    {.bitmap_index = 5309, .adv_w = 224, .box_w = 14, .box_h = 13, .ofs_x = 0, .ofs_y = -1},
    {.bitmap_index = 5400, .adv_w = 224, .box_w = 14, .box_h = 13, .ofs_x = 0, .ofs_y = -1},
    {.bitmap_index = 5491, .adv_w = 224, .box_w = 14, .box_h = 14, .ofs_x = 0, .ofs_y = -2},
    {.bitmap_index = 5589, .adv_w = 224, .box_w = 14, .box_h = 13, .ofs_x = 0, .ofs_y = -1},
    {.bitmap_index = 5680, .adv_w = 224, .box_w = 14, .box_h = 15, .ofs_x = 0, .ofs_y = -2},
    {.bitmap_index = 5785, .adv_w = 224, .box_w = 14, .box_h = 14, .ofs_x = 0, .ofs_y = -1},
    {.bitmap_index = 5883, .adv_w = 224, .box_w = 14, .box_h = 14, .ofs_x = 0, .ofs_y = -1},
    {.bitmap_index = 5981, .adv_w = 224, .box_w = 14, .box_h = 15, .ofs_x = 0, .ofs_y = -2},
    {.bitmap_index = 6086, .adv_w = 224, .box_w = 14, .box_h = 15, .ofs_x = 0, .ofs_y = -2},
    {.bitmap_index = 6191, .adv_w = 224, .box_w = 14, .box_h = 13, .ofs_x = 0, .ofs_y = -1},
    {.bitmap_index = 6282, .adv_w = 224, .box_w = 12, .box_h = 14, .ofs_x = 1, .ofs_y = -2},
    {.bitmap_index = 6366, .adv_w = 224, .box_w = 12, .box_h = 13, .ofs_x = 1, .ofs_y = -1},
    {.bitmap_index = 6444, .adv_w = 224, .box_w = 14, .box_h = 15, .ofs_x = 0, .ofs_y = -2},
    {.bitmap_index = 6549, .adv_w = 224, .box_w = 13, .box_h = 14, .ofs_x = 0, .ofs_y = -2},
    {.bitmap_index = 6640, .adv_w = 224, .box_w = 13, .box_h = 13, .ofs_x = 0, .ofs_y = -1},
    {.bitmap_index = 6725, .adv_w = 224, .box_w = 13, .box_h = 13, .ofs_x = 0, .ofs_y = -1},
    {.bitmap_index = 6810, .adv_w = 224, .box_w = 14, .box_h = 15, .ofs_x = 0, .ofs_y = -2},
    {.bitmap_index = 6915, .adv_w = 224, .box_w = 14, .box_h = 14, .ofs_x = 0, .ofs_y = -2},
    {.bitmap_index = 7013, .adv_w = 224, .box_w = 13, .box_h = 14, .ofs_x = 0, .ofs_y = -2},
    {.bitmap_index = 7104, .adv_w = 224, .box_w = 14, .box_h = 15, .ofs_x = 0, .ofs_y = -2},
    {.bitmap_index = 7209, .adv_w = 224, .box_w = 14, .box_h = 14, .ofs_x = 0, .ofs_y = -1},
    {.bitmap_index = 7307, .adv_w = 224, .box_w = 14, .box_h = 13, .ofs_x = 0, .ofs_y = -1},
    {.bitmap_index = 7398, .adv_w = 224, .box_w = 14, .box_h = 14, .ofs_x = 0, .ofs_y = -2},
    {.bitmap_index = 7496, .adv_w = 224, .box_w = 14, .box_h = 13, .ofs_x = 0, .ofs_y = -1},
    {.bitmap_index = 7587, .adv_w = 224, .box_w = 14, .box_h = 13, .ofs_x = 0, .ofs_y = -1},
    {.bitmap_index = 7678, .adv_w = 224, .box_w = 14, .box_h = 14, .ofs_x = 0, .ofs_y = -2},
    {.bitmap_index = 7776, .adv_w = 224, .box_w = 14, .box_h = 13, .ofs_x = 0, .ofs_y = -1},
    {.bitmap_index = 7867, .adv_w = 224, .box_w = 14, .box_h = 14, .ofs_x = 0, .ofs_y = -1},
    {.bitmap_index = 7965, .adv_w = 224, .box_w = 14, .box_h = 13, .ofs_x = 0, .ofs_y = -1},
    {.bitmap_index = 8056, .adv_w = 224, .box_w = 12, .box_h = 13, .ofs_x = 1, .ofs_y = -1},
    {.bitmap_index = 8134, .adv_w = 224, .box_w = 14, .box_h = 14, .ofs_x = 0, .ofs_y = -1},
    {.bitmap_index = 8232, .adv_w = 224, .box_w = 14, .box_h = 14, .ofs_x = 0, .ofs_y = -2},
    {.bitmap_index = 8330, .adv_w = 224, .box_w = 14, .box_h = 13, .ofs_x = 0, .ofs_y = -1},
    {.bitmap_index = 8421, .adv_w = 224, .box_w = 14, .box_h = 14, .ofs_x = 0, .ofs_y = -1},
    {.bitmap_index = 8519, .adv_w = 224, .box_w = 14, .box_h = 14, .ofs_x = 0, .ofs_y = -1},
    {.bitmap_index = 8617, .adv_w = 224, .box_w = 14, .box_h = 15, .ofs_x = 0, .ofs_y = -2},
    {.bitmap_index = 8722, .adv_w = 224, .box_w = 14, .box_h = 13, .ofs_x = 0, .ofs_y = -1},
    {.bitmap_index = 8813, .adv_w = 224, .box_w = 14, .box_h = 13, .ofs_x = 0, .ofs_y = -1},
    {.bitmap_index = 8904, .adv_w = 224, .box_w = 14, .box_h = 15, .ofs_x = 0, .ofs_y = -2},
    {.bitmap_index = 9009, .adv_w = 224, .box_w = 14, .box_h = 15, .ofs_x = 0, .ofs_y = -2},
    {.bitmap_index = 9114, .adv_w = 224, .box_w = 14, .box_h = 13, .ofs_x = 0, .ofs_y = -1},
    {.bitmap_index = 9205, .adv_w = 224, .box_w = 14, .box_h = 13, .ofs_x = 0, .ofs_y = -1},
    {.bitmap_index = 9296, .adv_w = 224, .box_w = 14, .box_h = 14, .ofs_x = 0, .ofs_y = -2},
    {.bitmap_index = 9394, .adv_w = 224, .box_w = 14, .box_h = 14, .ofs_x = 0, .ofs_y = -2},
    {.bitmap_index = 9492, .adv_w = 224, .box_w = 14, .box_h = 13, .ofs_x = 0, .ofs_y = -1},
    {.bitmap_index = 9583, .adv_w = 224, .box_w = 14, .box_h = 14, .ofs_x = 0, .ofs_y = -2},
    {.bitmap_index = 9681, .adv_w = 224, .box_w = 14, .box_h = 13, .ofs_x = 0, .ofs_y = -1},
    {.bitmap_index = 9772, .adv_w = 224, .box_w = 14, .box_h = 15, .ofs_x = 0, .ofs_y = -2},
    {.bitmap_index = 9877, .adv_w = 224, .box_w = 14, .box_h = 14, .ofs_x = 0, .ofs_y = -2},
    {.bitmap_index = 9975, .adv_w = 224, .box_w = 12, .box_h = 13, .ofs_x = 1, .ofs_y = -1},
    {.bitmap_index = 10053, .adv_w = 224, .box_w = 14, .box_h = 13, .ofs_x = 0, .ofs_y = -1},
    {.bitmap_index = 10144, .adv_w = 224, .box_w = 14, .box_h = 15, .ofs_x = 0, .ofs_y = -2},
    {.bitmap_index = 10249, .adv_w = 224, .box_w = 14, .box_h = 13, .ofs_x = 0, .ofs_y = -1},
    {.bitmap_index = 10340, .adv_w = 224, .box_w = 14, .box_h = 14, .ofs_x = 0, .ofs_y = -1},
    {.bitmap_index = 10438, .adv_w = 224, .box_w = 14, .box_h = 14, .ofs_x = 0, .ofs_y = -1},
    {.bitmap_index = 10536, .adv_w = 224, .box_w = 14, .box_h = 15, .ofs_x = 0, .ofs_y = -2},
    {.bitmap_index = 10641, .adv_w = 224, .box_w = 14, .box_h = 14, .ofs_x = 0, .ofs_y = -1},
    {.bitmap_index = 10739, .adv_w = 224, .box_w = 14, .box_h = 14, .ofs_x = 0, .ofs_y = -2},
    {.bitmap_index = 10837, .adv_w = 224, .box_w = 14, .box_h = 14, .ofs_x = 0, .ofs_y = -1},
    {.bitmap_index = 10935, .adv_w = 224, .box_w = 14, .box_h = 14, .ofs_x = 0, .ofs_y = -2},
    {.bitmap_index = 11033, .adv_w = 224, .box_w = 14, .box_h = 15, .ofs_x = 0, .ofs_y = -2},
    {.bitmap_index = 11138, .adv_w = 224, .box_w = 14, .box_h = 14, .ofs_x = 0, .ofs_y = -2},
    {.bitmap_index = 11236, .adv_w = 224, .box_w = 14, .box_h = 14, .ofs_x = 0, .ofs_y = -1},
    {.bitmap_index = 11334, .adv_w = 224, .box_w = 14, .box_h = 14, .ofs_x = 0, .ofs_y = -1},
    {.bitmap_index = 11432, .adv_w = 224, .box_w = 14, .box_h = 15, .ofs_x = 0, .ofs_y = -2},
    {.bitmap_index = 11537, .adv_w = 224, .box_w = 14, .box_h = 14, .ofs_x = 0, .ofs_y = -1},
    {.bitmap_index = 11635, .adv_w = 224, .box_w = 14, .box_h = 14, .ofs_x = 0, .ofs_y = -2},
    {.bitmap_index = 11733, .adv_w = 224, .box_w = 12, .box_h = 14, .ofs_x = 1, .ofs_y = -2},
    {.bitmap_index = 11817, .adv_w = 224, .box_w = 13, .box_h = 13, .ofs_x = 1, .ofs_y = -1},
    {.bitmap_index = 11902, .adv_w = 224, .box_w = 14, .box_h = 14, .ofs_x = 0, .ofs_y = -2},
    {.bitmap_index = 12000, .adv_w = 224, .box_w = 14, .box_h = 14, .ofs_x = 0, .ofs_y = -2},
    {.bitmap_index = 12098, .adv_w = 224, .box_w = 14, .box_h = 13, .ofs_x = 0, .ofs_y = -1},
    {.bitmap_index = 12189, .adv_w = 224, .box_w = 14, .box_h = 13, .ofs_x = 0, .ofs_y = -1},
    {.bitmap_index = 12280, .adv_w = 224, .box_w = 14, .box_h = 13, .ofs_x = 0, .ofs_y = -1},
    {.bitmap_index = 12371, .adv_w = 224, .box_w = 14, .box_h = 14, .ofs_x = 0, .ofs_y = -2},
    {.bitmap_index = 12469, .adv_w = 224, .box_w = 14, .box_h = 13, .ofs_x = 0, .ofs_y = -1},
    {.bitmap_index = 12560, .adv_w = 224, .box_w = 14, .box_h = 13, .ofs_x = 0, .ofs_y = -1},
    {.bitmap_index = 12651, .adv_w = 224, .box_w = 14, .box_h = 15, .ofs_x = 0, .ofs_y = -2},
    {.bitmap_index = 12756, .adv_w = 224, .box_w = 14, .box_h = 13, .ofs_x = 0, .ofs_y = -1},
    {.bitmap_index = 12847, .adv_w = 224, .box_w = 14, .box_h = 14, .ofs_x = 0, .ofs_y = -1},
    {.bitmap_index = 12945, .adv_w = 224, .box_w = 14, .box_h = 14, .ofs_x = 0, .ofs_y = -2},
    {.bitmap_index = 13043, .adv_w = 224, .box_w = 14, .box_h = 13, .ofs_x = 0, .ofs_y = -1},
    {.bitmap_index = 13134, .adv_w = 224, .box_w = 14, .box_h = 15, .ofs_x = 0, .ofs_y = -2},
    {.bitmap_index = 13239, .adv_w = 224, .box_w = 14, .box_h = 15, .ofs_x = 0, .ofs_y = -2},
    {.bitmap_index = 13344, .adv_w = 224, .box_w = 13, .box_h = 15, .ofs_x = 0, .ofs_y = -2},
    {.bitmap_index = 13442, .adv_w = 224, .box_w = 14, .box_h = 14, .ofs_x = 0, .ofs_y = -1},
    {.bitmap_index = 13540, .adv_w = 224, .box_w = 14, .box_h = 15, .ofs_x = 0, .ofs_y = -2},
    {.bitmap_index = 13645, .adv_w = 224, .box_w = 13, .box_h = 15, .ofs_x = 1, .ofs_y = -2},
    {.bitmap_index = 13743, .adv_w = 224, .box_w = 14, .box_h = 15, .ofs_x = 0, .ofs_y = -2},
    {.bitmap_index = 13848, .adv_w = 224, .box_w = 14, .box_h = 14, .ofs_x = 0, .ofs_y = -1},
    {.bitmap_index = 13946, .adv_w = 224, .box_w = 14, .box_h = 13, .ofs_x = 0, .ofs_y = -1},
    {.bitmap_index = 14037, .adv_w = 224, .box_w = 14, .box_h = 13, .ofs_x = 0, .ofs_y = -1},
    {.bitmap_index = 14128, .adv_w = 224, .box_w = 13, .box_h = 14, .ofs_x = 0, .ofs_y = -2},
    {.bitmap_index = 14219, .adv_w = 224, .box_w = 13, .box_h = 13, .ofs_x = 1, .ofs_y = -1},
    {.bitmap_index = 14304, .adv_w = 224, .box_w = 14, .box_h = 14, .ofs_x = 0, .ofs_y = -1},
    {.bitmap_index = 14402, .adv_w = 224, .box_w = 12, .box_h = 14, .ofs_x = 1, .ofs_y = -2},
    {.bitmap_index = 14486, .adv_w = 224, .box_w = 14, .box_h = 14, .ofs_x = 0, .ofs_y = -1},
    {.bitmap_index = 14584, .adv_w = 224, .box_w = 14, .box_h = 14, .ofs_x = 0, .ofs_y = -1},
    {.bitmap_index = 14682, .adv_w = 224, .box_w = 14, .box_h = 14, .ofs_x = 0, .ofs_y = -1},
    {.bitmap_index = 14780, .adv_w = 224, .box_w = 14, .box_h = 13, .ofs_x = 0, .ofs_y = -1},
    {.bitmap_index = 14871, .adv_w = 224, .box_w = 14, .box_h = 15, .ofs_x = 0, .ofs_y = -2},
    {.bitmap_index = 14976, .adv_w = 224, .box_w = 14, .box_h = 14, .ofs_x = 0, .ofs_y = -1},
    {.bitmap_index = 15074, .adv_w = 224, .box_w = 14, .box_h = 13, .ofs_x = 0, .ofs_y = -1},
    {.bitmap_index = 15165, .adv_w = 224, .box_w = 14, .box_h = 14, .ofs_x = 0, .ofs_y = -1},
    {.bitmap_index = 15263, .adv_w = 224, .box_w = 14, .box_h = 15, .ofs_x = 0, .ofs_y = -2},
    {.bitmap_index = 15368, .adv_w = 224, .box_w = 14, .box_h = 15, .ofs_x = 0, .ofs_y = -2},
    {.bitmap_index = 15473, .adv_w = 224, .box_w = 14, .box_h = 13, .ofs_x = 0, .ofs_y = -1},
    {.bitmap_index = 15564, .adv_w = 224, .box_w = 14, .box_h = 14, .ofs_x = 0, .ofs_y = -1},
    {.bitmap_index = 15662, .adv_w = 224, .box_w = 14, .box_h = 13, .ofs_x = 0, .ofs_y = -1},
    {.bitmap_index = 15753, .adv_w = 224, .box_w = 14, .box_h = 14, .ofs_x = 0, .ofs_y = -1},
    {.bitmap_index = 15851, .adv_w = 224, .box_w = 14, .box_h = 15, .ofs_x = 0, .ofs_y = -2},
    {.bitmap_index = 15956, .adv_w = 224, .box_w = 14, .box_h = 15, .ofs_x = 0, .ofs_y = -2},
    {.bitmap_index = 16061, .adv_w = 224, .box_w = 14, .box_h = 15, .ofs_x = 0, .ofs_y = -2},
    {.bitmap_index = 16166, .adv_w = 224, .box_w = 14, .box_h = 14, .ofs_x = 0, .ofs_y = -1},
    {.bitmap_index = 16264, .adv_w = 224, .box_w = 14, .box_h = 14, .ofs_x = 0, .ofs_y = -1},
    {.bitmap_index = 16362, .adv_w = 224, .box_w = 14, .box_h = 14, .ofs_x = 0, .ofs_y = -1},
    {.bitmap_index = 16460, .adv_w = 224, .box_w = 14, .box_h = 14, .ofs_x = 0, .ofs_y = -1},
    {.bitmap_index = 16558, .adv_w = 224, .box_w = 15, .box_h = 14, .ofs_x = 0, .ofs_y = -2},
    {.bitmap_index = 16663, .adv_w = 224, .box_w = 14, .box_h = 14, .ofs_x = 0, .ofs_y = -1},
    {.bitmap_index = 16761, .adv_w = 224, .box_w = 14, .box_h = 13, .ofs_x = 0, .ofs_y = -1},
    {.bitmap_index = 16852, .adv_w = 224, .box_w = 14, .box_h = 15, .ofs_x = 0, .ofs_y = -2},
    {.bitmap_index = 16957, .adv_w = 224, .box_w = 14, .box_h = 15, .ofs_x = 0, .ofs_y = -2},
    {.bitmap_index = 17062, .adv_w = 224, .box_w = 14, .box_h = 15, .ofs_x = 0, .ofs_y = -2},
    {.bitmap_index = 17167, .adv_w = 224, .box_w = 14, .box_h = 15, .ofs_x = 0, .ofs_y = -2},
    {.bitmap_index = 17272, .adv_w = 224, .box_w = 14, .box_h = 15, .ofs_x = 0, .ofs_y = -2},
    {.bitmap_index = 17377, .adv_w = 224, .box_w = 14, .box_h = 15, .ofs_x = 0, .ofs_y = -2},
    {.bitmap_index = 17482, .adv_w = 224, .box_w = 14, .box_h = 14, .ofs_x = 0, .ofs_y = -2},
    {.bitmap_index = 17580, .adv_w = 224, .box_w = 14, .box_h = 15, .ofs_x = 0, .ofs_y = -2},
    {.bitmap_index = 17685, .adv_w = 224, .box_w = 14, .box_h = 15, .ofs_x = 0, .ofs_y = -2},
    {.bitmap_index = 17790, .adv_w = 224, .box_w = 14, .box_h = 14, .ofs_x = 0, .ofs_y = -2},
    {.bitmap_index = 17888, .adv_w = 224, .box_w = 14, .box_h = 14, .ofs_x = 0, .ofs_y = -1},
    {.bitmap_index = 17986, .adv_w = 224, .box_w = 14, .box_h = 13, .ofs_x = 0, .ofs_y = -1},
    {.bitmap_index = 18077, .adv_w = 224, .box_w = 14, .box_h = 14, .ofs_x = 0, .ofs_y = -1},
    {.bitmap_index = 18175, .adv_w = 224, .box_w = 14, .box_h = 13, .ofs_x = 0, .ofs_y = -1},
    {.bitmap_index = 18266, .adv_w = 224, .box_w = 14, .box_h = 15, .ofs_x = 0, .ofs_y = -2},
    {.bitmap_index = 18371, .adv_w = 224, .box_w = 12, .box_h = 14, .ofs_x = 1, .ofs_y = -1},
    {.bitmap_index = 18455, .adv_w = 224, .box_w = 12, .box_h = 14, .ofs_x = 1, .ofs_y = -1},
    {.bitmap_index = 18539, .adv_w = 224, .box_w = 13, .box_h = 14, .ofs_x = 0, .ofs_y = -1},
    {.bitmap_index = 18630, .adv_w = 224, .box_w = 13, .box_h = 14, .ofs_x = 1, .ofs_y = -2},
    {.bitmap_index = 18721, .adv_w = 224, .box_w = 14, .box_h = 13, .ofs_x = 0, .ofs_y = -1},
    {.bitmap_index = 18812, .adv_w = 224, .box_w = 14, .box_h = 14, .ofs_x = 0, .ofs_y = -2},
    {.bitmap_index = 18910, .adv_w = 224, .box_w = 14, .box_h = 14, .ofs_x = 0, .ofs_y = -2},
    {.bitmap_index = 19008, .adv_w = 224, .box_w = 4, .box_h = 7, .ofs_x = 1, .ofs_y = -4}
};

/*---------------------
 *  CHARACTER MAPPING
 *--------------------*/

static const uint16_t unicode_list_2[] = {
    0x0, 0x204c, 0x2f4b, 0x4d53, 0x4d76, 0x4d84, 0x4dd4, 0x4dd7,
    0x4df7, 0x4e03, 0x4e3f, 0x4e44, 0x4e69, 0x4e97, 0x4ec8, 0x4f2a,
    0x4f85, 0x5018, 0x509d, 0x50b1, 0x50ce, 0x5143, 0x514f, 0x5174,
    0x5179, 0x517f, 0x5196, 0x51e8, 0x51e9, 0x51ea, 0x524e, 0x52cb,
    0x52cf, 0x5329, 0x5338, 0x533b, 0x536f, 0x5378, 0x5393, 0x5647,
    0x5671, 0x56a0, 0x56d4, 0x574f, 0x5850, 0x5856, 0x5870, 0x5aa1,
    0x5ad5, 0x5ae7, 0x5b41, 0x5b58, 0x5b83, 0x5b98, 0x5d2e, 0x5d70,
    0x5d9e, 0x5def, 0x5e49, 0x5e9c, 0x5e9e, 0x5ece, 0x5f20, 0x5f4a,
    0x5f84, 0x5fab, 0x5fb8, 0x600e, 0x6159, 0x61ee, 0x622c, 0x6250,
    0x62f0, 0x62f1, 0x64b9, 0x64bd, 0x64f9, 0x652e, 0x653f, 0x6578,
    0x6649, 0x6673, 0x6675, 0x6683, 0x66ca, 0x66e5, 0x6750, 0x6781,
    0x678f, 0x6809, 0x696a, 0x6aac, 0x6c31, 0x6c8a, 0x6c94, 0x6d72,
    0x6dd9, 0x7190, 0x71ff, 0x72d0, 0x72f8, 0x734f, 0x7471, 0x747e,
    0x761a, 0x7637, 0x77d7, 0x7954, 0x79c3, 0x7a92, 0x7bc4, 0x7c44,
    0x7c78, 0x7e1c, 0x7e28, 0x7e36, 0x7eb7, 0x7f60, 0x81f8, 0x8795,
    0x8842, 0x890f, 0x8911, 0x8aaf, 0x8aea, 0x8af9, 0x8b07, 0x8b0f,
    0x8b2f, 0x8b40, 0x8c8d, 0x8eb5, 0x8ecc, 0x8f07, 0x8f10, 0x8f19,
    0x8f27, 0x8f4a, 0x8f63, 0x8f68, 0x9031, 0x9096, 0x9116, 0x9118,
    0x94c8, 0x953b, 0x953d, 0x9551, 0x95dd, 0x973e, 0x97cd, 0x97da,
    0xfe55
};

/*Collect the unicode lists and glyph_id offsets*/
static const lv_font_fmt_txt_cmap_t cmaps[] =
{
    {
        .range_start = 10, .range_length = 1, .glyph_id_start = 1,
        .unicode_list = NULL, .glyph_id_ofs_list = NULL, .list_length = 0, .type = LV_FONT_FMT_TXT_CMAP_FORMAT0_TINY
    },
    {
        .range_start = 32, .range_length = 96, .glyph_id_start = 2,
        .unicode_list = NULL, .glyph_id_ofs_list = NULL, .list_length = 0, .type = LV_FONT_FMT_TXT_CMAP_FORMAT0_TINY
    },
    {
        .range_start = 183, .range_length = 65110, .glyph_id_start = 98,
        .unicode_list = unicode_list_2, .glyph_id_ofs_list = NULL, .list_length = 153, .type = LV_FONT_FMT_TXT_CMAP_SPARSE_TINY
    }
};

/*-----------------
 *    KERNING
 *----------------*/


/*Map glyph_ids to kern left classes*/
static const uint8_t kern_left_class_mapping[] =
{
    0, 0, 0, 0, 1, 0, 0, 0,
    2, 1, 3, 0, 0, 0, 4, 5,
    4, 6, 7, 0, 8, 9, 10, 11,
    12, 13, 14, 15, 0, 0, 0, 0,
    0, 16, 17, 18, 19, 20, 21, 22,
    23, 24, 0, 0, 25, 26, 27, 0,
    0, 21, 28, 29, 30, 31, 32, 33,
    34, 35, 36, 37, 38, 3, 0, 0,
    0, 39, 0, 40, 41, 42, 0, 41,
    43, 44, 40, 45, 45, 46, 47, 40,
    40, 41, 41, 44, 48, 49, 50, 51,
    52, 53, 54, 52, 55, 3, 0, 0,
    0, 0, 0, 0, 0, 0, 0, 0,
    0, 0, 0, 0, 0, 0, 0, 0,
    0, 0, 0, 0, 0, 0, 0, 0,
    0, 0, 0, 0, 0, 0, 0, 0,
    0, 0, 0, 0, 0, 0, 0, 0,
    0, 0, 0, 0, 0, 0, 0, 0,
    0, 0, 0, 0, 0, 0, 0, 0,
    0, 0, 0, 0, 0, 0, 0, 0,
    0, 0, 0, 0, 0, 0, 0, 0,
    0, 0, 0, 0, 0, 0, 0, 0,
    0, 0, 0, 0, 0, 0, 0, 0,
    0, 0, 0, 0, 0, 0, 0, 0,
    0, 0, 0, 0, 0, 0, 0, 0,
    0, 0, 0, 0, 0, 0, 0, 0,
    0, 0, 0, 0, 0, 0, 0, 0,
    0, 0, 0, 0, 0, 0, 0, 0,
    0, 0, 0, 0, 0, 0, 0, 0,
    0, 0, 0, 0, 0, 0, 0, 0,
    0, 0, 0, 0, 0, 0, 0, 0,
    0, 0, 4
};

/*Map glyph_ids to kern right classes*/
static const uint8_t kern_right_class_mapping[] =
{
    0, 0, 0, 0, 1, 0, 0, 0,
    2, 1, 0, 0, 0, 0, 3, 4,
    3, 5, 6, 7, 8, 9, 10, 11,
    12, 13, 14, 15, 0, 0, 0, 0,
    0, 16, 17, 18, 0, 19, 0, 0,
    0, 19, 0, 0, 20, 0, 0, 0,
    0, 19, 0, 19, 0, 21, 22, 23,
    24, 25, 26, 27, 28, 0, 0, 29,
    0, 30, 0, 31, 32, 33, 33, 33,
    34, 35, 32, 36, 37, 32, 38, 39,
    39, 33, 39, 33, 39, 40, 41, 42,
    43, 44, 45, 43, 46, 0, 0, 0,
    0, 0, 0, 0, 0, 0, 0, 0,
    0, 0, 0, 0, 0, 0, 0, 0,
    0, 0, 0, 0, 0, 0, 0, 0,
    0, 0, 0, 0, 0, 0, 0, 0,
    0, 0, 0, 0, 0, 0, 0, 0,
    0, 0, 0, 0, 0, 0, 0, 0,
    0, 0, 0, 0, 0, 0, 0, 0,
    0, 0, 0, 0, 0, 0, 0, 0,
    0, 0, 0, 0, 0, 0, 0, 0,
    0, 0, 0, 0, 0, 0, 0, 0,
    0, 0, 0, 0, 0, 0, 0, 0,
    0, 0, 0, 0, 0, 0, 0, 0,
    0, 0, 0, 0, 0, 0, 0, 0,
    0, 0, 0, 0, 0, 0, 0, 0,
    0, 0, 0, 0, 0, 0, 0, 0,
    0, 0, 0, 0, 0, 0, 0, 0,
    0, 0, 0, 0, 0, 0, 0, 0,
    0, 0, 0, 0, 0, 0, 0, 0,
    0, 0, 0, 0, 0, 0, 0, 0,
    0, 0, 3
};

/*Kern values between classes*/
static const int8_t kern_class_values[] =
{
    0, 0, 0, 0, 0, 0, 0, 0,
    0, -22, 0, -12, 5, 0, 0, 0,
    0, 0, 0, 0, 0, 0, 0, 0,
    0, 0, 0, 0, 0, 0, 0, 0,
    0, 0, 0, 0, 0, 0, 0, 0,
    0, 0, 0, 0, 0, 0, 0, 0,
    0, 0, 0, 0, -13, 0, -13, -9,
    0, -13, -13, 0, -11, 0, 0, 0,
    0, 0, 0, 0, 0, 0, 0, 0,
    0, 0, 0, 0, 0, 0, 0, 0,
    0, 0, 0, 0, 0, 0, 0, 0,
    0, 0, 0, 0, 0, 0, 0, 0,
    0, 0, 0, 0, 0, 0, 0, 0,
    0, 0, 0, 0, 0, 0, 0, 0,
    0, 0, 0, 0, 0, 0, 0, 0,
    0, 0, 0, 0, 0, 0, 0, 0,
    9, 0, 0, 0, 0, 0, 0, 0,
    0, 0, 0, 0, 0, 0, 0, -4,
    -25, 0, -4, 0, -3, -2, -4, 0,
    -20, 0, 0, 0, 0, 0, 0, 0,
    0, 0, 0, 0, 0, 0, 0, 0,
    0, 0, 0, 0, 0, 0, 0, 0,
    0, 0, 0, 0, 0, 0, 0, 0,
    0, 0, 0, 0, 0, 0, 0, -4,
    -7, 0, 0, 0, -2, 0, 0, 0,
    0, 0, 0, 0, 0, 0, 0, 0,
    0, 0, 0, 0, 0, 0, 0, 0,
    0, 0, 0, 0, 0, 0, 0, 0,
    0, 0, 0, 0, 0, 0, 0, 0,
    0, 0, 0, 0, 0, 0, 0, -18,
    0, -11, 0, 0, 0, 0, 0, 0,
    0, 0, 0, 0, 0, 0, 0, 0,
    0, 0, 0, 0, 0, 0, 0, 0,
    0, 0, 0, 0, 0, 0, 0, 0,
    0, 0, 0, 0, 0, 0, -4, 0,
    0, 0, 0, -3, -6, 0, 0, 0,
    0, 0, 0, 0, 0, -8, 0, -6,
    0, -5, 0, -8, -4, 0, -12, 0,
    0, 0, 0, 0, 0, 0, 0, 0,
    0, 0, 0, 0, 0, 0, 0, 0,
    0, 0, 0, 0, 0, 0, 0, -2,
    0, 0, -4, -7, 0, -4, 0, 0,
    0, 0, 0, 0, 0, 0, 0, 0,
    0, -4, 0, 0, -9, 0, 0, 0,
    0, 0, 0, 0, 0, 0, 0, 0,
    0, 0, 0, 0, 0, 0, 0, 0,
    0, 0, -2, 0, 0, 0, 0, -2,
    0, 0, 0, 0, 0, 0, -2, -4,
    0, 0, 0, 0, 0, 0, 0, 0,
    0, -4, -4, 0, 0, 0, 0, 0,
    0, 0, 0, 0, 0, 0, 0, 0,
    0, 0, 0, 0, 0, 0, -6, 0,
    0, 0, 0, 0, -2, 0, -3, 0,
    0, 0, -6, 0, -4, -7, 0, 0,
    0, 0, 0, -7, 0, -4, 0, 0,
    -9, 1, 0, 0, 0, 0, 0, 0,
    0, 0, 0, 0, 0, 0, 0, 0,
    0, 0, 0, 0, 0, 0, -2, 0,
    0, 0, -4, 0, 0, 0, 0, 0,
    -3, 0, 0, -6, 0, 0, 0, 0,
    0, 0, 0, -4, 0, -11, 0, 0,
    0, 0, 0, 0, 0, 0, 0, 0,
    0, 0, 0, 0, 0, 0, 0, 0,
    0, 0, -19, 0, -2, 0, 0, 0,
    -12, 0, 0, 0, 0, 0, -7, 0,
    -2, -11, 0, 0, 0, 0, 0, -19,
    0, -13, 0, -11, -22, 0, 0, 0,
    0, 0, 0, 0, 0, 0, 0, 0,
    0, 0, 0, 0, -7, 0, -7, -3,
    5, -13, -27, -2, -16, -2, 0, 0,
    0, -16, 0, -13, 7, -6, 0, 4,
    0, -26, 0, -29, 0, 0, 0, 0,
    0, 0, 0, 0, 0, 0, -13, 0,
    -12, -2, -13, 0, 0, 0, -6, -9,
    0, -5, 0, 0, -2, -3, 0, 0,
    0, 0, 0, 0, 0, 0, 0, 0,
    0, 0, -2, 0, -4, -2, 0, 0,
    0, 0, 0, -4, 0, -8, 0, 0,
    -9, 0, 0, 0, 0, 0, 0, 0,
    0, 0, 0, 0, 0, 0, 0, 0,
    0, 0, -4, 0, 0, -11, -20, 0,
    -11, 0, 0, 0, 0, -6, 0, -4,
    0, -4, 0, 0, 0, -16, 0, -22,
    0, 0, 0, -3, 0, -15, -9, 0,
    0, 0, -7, 0, -5, 3, 0, 0,
    0, 0, 0, 0, 2, 0, 0, 0,
    0, 0, 0, 0, 0, 0, 0, 0,
    0, 0, -4, -15, 0, -9, 2, -2,
    0, 0, 0, 0, 0, 0, 0, 0,
    0, 0, 0, 0, 0, 0, 0, 0,
    0, 0, 0, 0, 0, 0, 0, 0,
    0, 0, 0, 0, 0, 0, 0, 0,
    0, 0, 0, 0, 0, 0, 0, 0,
    0, 0, 0, 0, 0, 0, 0, 0,
    0, -11, 0, 0, 0, 0, 0, 0,
    0, -13, 0, 0, 0, 0, 0, 0,
    0, 0, 0, 0, 0, 0, 0, 0,
    0, 0, 0, 0, 0, 0, -27, 0,
    0, -16, 0, -8, -18, 0, 0, 0,
    0, 0, 0, 0, -19, -20, 0, 0,
    -9, 0, 0, -18, -7, -27, -18, 0,
    -27, 0, 0, 0, 0, 0, -3, -7,
    -3, 0, 0, -4, 0, 0, -11, -6,
    -13, -11, 0, 0, -7, 0, -2, 0,
    0, 0, 0, 0, 0, 0, 0, 0,
    0, 0, 0, -6, 0, -4, 0, -3,
    0, -5, 0, -7, -4, -7, -10, -1,
    0, 0, 0, 0, 0, 0, 0, 0,
    0, 0, 0, 0, 0, 0, 0, 0,
    -1, -1, 0, 0, 0, -11, 0, 0,
    0, 0, 0, 0, 0, 0, 0, 0,
    0, 0, 0, -7, -3, 0, 0, -1,
    0, 0, 0, -9, -13, -2, 0, 0,
    -4, 0, -6, 0, -6, 0, 0, 0,
    0, 0, 0, 0, -4, -2, -2, 0,
    -5, 0, -7, 0, 0, 0, 0, 0,
    0, 0, 0, 0, 0, 0, 0, -6,
    0, -9, 0, -9, 0, -8, 0, -7,
    -4, -15, -13, -7, 0, 0, 0, 0,
    0, 0, 0, 0, 0, 0, 0, 0,
    0, 0, 0, 0, 0, -3, 0, 0,
    0, 0, 0, 0, 0, 0, 0, 0,
    0, 0, 0, 0, 0, 0, 0, 0,
    0, 0, 0, 0, 0, 0, 0, 0,
    0, 0, 0, 0, 0, 0, 0, 0,
    0, 0, 0, 0, 0, 0, 0, 0,
    -2, 0, 0, 0, 2, -4, -14, 0,
    0, 0, 0, 0, 0, -4, 0, -3,
    0, 0, 0, 0, 0, -14, 0, -27,
    -3, 0, 0, 0, 0, -4, 0, 0,
    0, 0, -8, 0, -7, 0, -6, 0,
    0, 0, -3, -4, 0, -4, -2, -2,
    -4, -2, 0, 0, -4, 0, 0, 0,
    0, 0, 0, 0, 0, 0, 0, 0,
    0, -4, 0, -5, 0, 0, 0, -7,
    0, -7, -3, -10, -11, -2, 0, 0,
    0, 0, 0, 0, 0, 0, 0, 0,
    0, -2, 0, 0, -2, -2, -4, 0,
    0, 0, -6, 0, 0, 0, 0, 0,
    0, 0, 0, 0, 0, 0, 0, 0,
    0, 0, 0, -6, 0, 0, 0, 0,
    0, -4, 0, 0, 0, 0, 0, 0,
    0, 0, 0, 0, 0, 0, 0, 0,
    0, 0, 0, 0, 0, 0, 0, -9,
    1, -25, 0, -11, -9, 0, 0, -7,
    0, 0, 0, 0, -16, -12, 0, 0,
    -9, -4, -9, 0, -7, 0, 0, 0,
    0, 0, 0, 0, -4, 0, -12, -11,
    -11, 0, 0, -7, -3, 0, -11, -7,
    -13, -11, 0, 0, -24, 0, 4, -22,
    0, 0, -25, 0, 0, 0, 0, 0,
    -3, 0, -22, -25, 0, 0, -4, 0,
    0, -20, -7, -16, -18, 0, -40, 0,
    0, 0, 0, 0, -4, -4, -2, 0,
    0, 0, 0, 0, -15, -2, -16, -11,
    0, 0, 0, -9, -20, 0, 0, 0,
    0, -4, 0, -8, 0, 0, 0, 0,
    0, 0, 0, -17, 0, -27, 0, -4,
    0, -8, -3, -16, -11, -4, 0, 0,
    -9, 0, -4, 2, -4, 0, 0, 0,
    0, -2, 2, 0, 2, 2, 0, 0,
    0, 0, 0, 0, 0, 0, 0, 0,
    0, 0, 0, 0, 0, 0, 0, 0,
    0, -6, 0, -7, 0, -7, 0, -4,
    -4, -10, -11, -2, 0, 0, 0, 0,
    0, 0, 0, 0, 0, 0, 0, 0,
    0, 0, 0, 0, 0, 0, 0, -3,
    0, 0, 0, 0, 0, 0, 0, 0,
    0, 0, 0, 0, 0, 0, 0, 0,
    0, -7, 0, -3, 0, -6, -2, 0,
    -10, 0, 0, 0, 0, 0, -2, 0,
    -1, 0, 0, 0, 0, 0, 0, 0,
    0, 0, 0, 0, 0, 0, 0, 0,
    0, 0, 0, 0, 0, 0, 0, 0,
    0, 0, 0, 0, 0, 0, 0, 0,
    0, -3, 0, -7, 0, -7, -9, 0,
    0, 0, 0, 0, 0, 0, 0, 0,
    0, 0, 0, 0, 0, 0, 0, -1,
    -2, -1, 6, -13, -22, -18, 0, -5,
    0, 0, 0, -20, 0, -16, 0, -4,
    0, 0, 0, -18, -8, -29, -4, 0,
    0, -2, 0, -7, 0, 0, 0, 0,
    -20, -9, -22, -9, -25, 0, 0, 0,
    -13, -21, -4, -9, -11, -9, -7, -9,
    0, 0, -6, 0, 0, 0, 0, 0,
    0, 0, 0, 0, 0, 0, 0, 0,
    0, -7, 0, -9, 0, 0, 0, 0,
    0, -4, 0, 0, 0, 0, 0, 0,
    0, 0, 0, 0, 0, 0, 0, 0,
    0, 0, 0, 0, 0, 0, 0, -15,
    -30, -13, 0, -8, 0, -7, 0, -18,
    -1, -13, 0, -8, 0, 0, 0, -27,
    -7, -34, -6, 0, 0, 0, 0, 0,
    0, 0, 0, 0, -20, -13, -20, -6,
    -20, 0, 0, 0, -11, -18, -4, -12,
    -9, -7, -11, -9, 0, -9, -20, -8,
    0, -4, 0, 0, 0, -16, 0, 0,
    0, 0, 0, 0, 0, -18, -4, -22,
    -2, 0, 0, 0, 0, 0, 0, 0,
    0, 0, -16, 0, -15, -3, -15, 0,
    0, 0, -9, -12, -2, -10, -2, -3,
    -9, -7, 0, -9, 0, -22, 0, 0,
    -4, 0, -4, -9, -4, -9, 0, 0,
    -11, -4, -9, 0, -15, -10, -7, -7,
    -4, 0, 0, 0, 0, 0, 0, 0,
    -8, 0, -15, -11, -13, 0, 0, -2,
    -3, -9, -12, -12, -16, -13, 0, 0,
    0, -20, -34, -18, 0, -12, -4, -4,
    -4, -27, 0, -22, 0, -9, -8, -2,
    -13, -27, -13, -36, -11, 0, 0, 0,
    0, 0, 0, 0, 0, 0, -29, -11,
    -27, -11, -29, 0, 0, 0, -18, -25,
    -10, -18, -13, -12, -18, -16, 0, -9,
    0, -9, 0, 0, 0, 0, 0, 0,
    0, 0, 0, 0, 0, 0, 0, 0,
    -7, 0, 0, 0, -2, 0, 0, 0,
    0, 0, 0, 0, 0, 0, -3, 0,
    0, 0, 0, 0, 0, 0, -6, -4,
    -6, -7, 0, 0, 0, 0, 0, 0,
    0, 0, 0, 0, 0, 0, 0, 0,
    0, 0, 0, 0, 0, 0, 0, 0,
    0, 0, 0, 0, 0, 0, 0, 0,
    0, 0, 0, 0, -4, 0, 0, 0,
    27, 0, 0, 0, 0, 0, 0, 0,
    0, 0, -5, 0, 0, 0, 0, 0,
    -7, 0, 0, 0, 0, 0, -4, 0,
    -4, -9, 0, 0, 0, 0, -2, -22,
    0, -18, -12, -7, -22, 0, 0, 0,
    0, 0, 0, 0, 0, 0, 0, 0,
    0, 0, 0, 0, 0, 0, 0, 0,
    -9, 0, -3, 0, 0, 0, 0, 0,
    0, 0, 0, 0, -9, 0, -6, -15,
    0, -4, 0, -2, -3, -22, 0, -20,
    -15, -15, -27, -2, 0, -4, 0, 0,
    0, 0, 0, 0, 0, 0, 0, 0,
    0, 0, -2, -3, -4, 0, -4, 0,
    0, 0, 0, 0, 0, 0, 0, 0,
    0, 0, 0, 0, 0, -4, 0, -4,
    0, 0, -4, -18, 0, -15, -10, -13,
    -27, 0, 0, 0, -4, 0, -1, 0,
    0, -2, 0, -2, 0, 0, 0, 0,
    -4, 0, -7, 0, 7, -4, -16, 9,
    0, 0, 0, 0, 0, -11, 0, 0,
    6, 0, 3, 0, 0, -15, 0, -16,
    0, 0, 0, 7, 4, 0, 0, 0,
    7, 0, -6, 0, -2, 0, -3, 0,
    0, 0, 0, -3, 2, 0, 0, 0,
    0, 0, 0, 0, 0, 0, 0, 0,
    0, 0, 0, 0, 0, 0, 0, 0,
    0, 0, 0, 0, 0, 0, 0, -16,
    0, -13, -10, 0, -16, 0, 0, 0,
    0, 0, 0, 0, 0, 0, 11, 0,
    0, 0, 0, 0, 0, 0, 0, 0,
    0, 0, 0, 0, 0, 0, 0, 0,
    0, 0, 0, 0, 0, 0, 0, 0,
    0, 0, 0, 0, 0, 0, 0, 0,
    0, 0, 0, 0, 0, 0, 0, 0,
    0, 0, 0, 0, 2, 0, 0, 0,
    0, 0, 0, 0, 0, 0, -7, -3,
    1, -11, 0, 0, 0, 0, 0, -9,
    0, -7, 0, -8, -4, -2, 0, 0,
    -6, 0, 0, -13, -3, -13, -7, 0,
    -18, 0, 0, 0, -2, 0, -8, 0,
    -4, 0, 0, -3, 0, -6, -4, -4,
    0, 0, 0, 0, 0, 2, 4, -1,
    0, 0, 0, 0, 0, 0, 0, 0,
    0, 0, 0, -6, 0, 0, -2, 0,
    0, -7, 0, 0, 0, 0, -9, 0,
    0, 0, 1, 0, 0, 0, 0, 0,
    0, 0, 0, 0, 0, 0, 0, 0,
    0, 0, 0, -9, -25, 0, 0, 0,
    0, -2, -7, -11, 0, -7, 0, 0,
    2, 0, 0, -20, 0, -27, 0, -4,
    0, -4, -4, -15, -13, -7, 0, 0,
    -7, 0, -4, 0, -4, 0, 0, 0,
    0, -4, 0, -4, 3, 4, 0, 0,
    -9, 0, 0, 0, 0, 0, -4, 0,
    0, 0, 0, 0, -4, 0, 0, -11,
    0, 0, 0, 0, 0, -21, 0, -18,
    -12, -9, -25, 0, 0, 0, 0, 0,
    0, 0, 0, 0, 0, 0, 0, 0,
    0, 0, -3, -2, -4, 0, 0, 0,
    0, 0, 0, 0, 0, 0, 0, 0,
    0, 0, 0, 0, 2, 0, 0, 0,
    0, 0, 0, -4, 0, -8, -2, 0,
    -13, 0, 0, 0, 0, 0, 0, 1,
    0, 0, 0, 0, 0, -2, 0, -1,
    0, 0, 0, 0, 0, 0, 0, 0,
    0, 0, 0, 0, 0, 0, 0, 0,
    0, 0, 0, -2, 0, 0, 0, 0,
    0, -7, 0, -11, -9, -2, -16, 0,
    0, 0, 0, 0, 0, 0, 0, 0,
    2, 0, 0, 0, 0, 0, 0, 0,
    0, 0, 0, -9, -19, 0, 0, 0,
    0, 0, 0, -11, 0, -8, 0, 0,
    0, 0, 0, -16, 0, -22, 0, -11,
    0, -4, -2, -16, -13, -6, 0, 0,
    -3, 0, -2, 0, -2, 0, 0, 0,
    0, -3, 0, 0, 9, 0, 0, 0,
    0, -4, -17, 0, 0, 0, 0, 0,
    0, 0, 0, 0, 0, 0, 0, 0,
    0, -12, 0, -15, 0, -9, 0, -7,
    -3, -13, -12, -7, 0, 0, -7, 0,
    -3, 0, 0, 0, 0, 0, 0, -2,
    0, 0, 0, 7, 0, 0, 0, -3,
    0, -9, 0, 0, 0, 0, 0, -4,
    0, -7, -2, -4, 0, 0, 0, 0,
    -2, 0, 0, -7, 0, -11, -9, 0,
    -18, 0, 0, 0, -2, 0, -4, 0,
    0, 0, 0, -2, 0, -4, 0, -2,
    0, 0, 0, 0, 0, -2, 0, -1,
    0, 0, 0, 0, 0, -1, 0, -3,
    0, 0, 0, 0, 0, 0, -2, 0,
    0, -9, 0, -9, -7, 0, -16, 0,
    0, 0, 0, 0, 0, 0, -1, 0,
    0, 0, 0, -2, 0, -2, 0, 0,
    0, 0
};


/*Collect the kern class' data in one place*/
static const lv_font_fmt_txt_kern_classes_t kern_classes =
{
    .class_pair_values   = kern_class_values,
    .left_class_mapping  = kern_left_class_mapping,
    .right_class_mapping = kern_right_class_mapping,
    .left_class_cnt      = 55,
    .right_class_cnt     = 46,
};

/*--------------------
 *  ALL CUSTOM DATA
 *--------------------*/

#if LVGL_VERSION_MAJOR == 8
/*Store all the custom data of the font*/
static  lv_font_fmt_txt_glyph_cache_t cache;
#endif

#if LVGL_VERSION_MAJOR >= 8
static const lv_font_fmt_txt_dsc_t font_dsc = {
#else
static lv_font_fmt_txt_dsc_t font_dsc = {
#endif
    .glyph_bitmap = glyph_bitmap,
    .glyph_dsc = glyph_dsc,
    .cmaps = cmaps,
    .kern_dsc = &kern_classes,
    .kern_scale = 16,
    .cmap_num = 3,
    .bpp = 4,
    .kern_classes = 1,
    .bitmap_format = 0,
#if LVGL_VERSION_MAJOR == 8
    .cache = &cache
#endif
};



/*-----------------
 *  PUBLIC FONT
 *----------------*/

/*Initialize a public general font descriptor*/
#if LVGL_VERSION_MAJOR >= 8
const lv_font_t lv_font_Misans_Heavy_14_14 = {
#else
lv_font_t lv_font_Misans_Heavy_14_14 = {
#endif
    .get_glyph_dsc = lv_font_get_glyph_dsc_fmt_txt,    /*Function pointer to get glyph's data*/
    .get_glyph_bitmap = lv_font_get_bitmap_fmt_txt,    /*Function pointer to get glyph's bitmap*/
    .line_height = 18,          /*The maximum line height required by the font*/
    .base_line = 4,             /*Baseline measured from the bottom of the line*/
#if !(LVGL_VERSION_MAJOR == 6 && LVGL_VERSION_MINOR == 0)
    .subpx = LV_FONT_SUBPX_NONE,
#endif
#if LV_VERSION_CHECK(7, 4, 0) || LVGL_VERSION_MAJOR >= 8
    .underline_position = -1,
    .underline_thickness = 1,
#endif
    .dsc = &font_dsc,          /*The custom font data. Will be accessed by `get_glyph_bitmap/dsc` */
#if LV_VERSION_CHECK(8, 2, 0) || LVGL_VERSION_MAJOR >= 9
    .fallback = NULL,
#endif
    .user_data = NULL,
};



#endif /*#if LV_FONT_MISANS_HEAVY_14_14*/

