/*******************************************************************************
 * Size: 24 px
 * Bpp: 4
 * Opts: --font C:\Users\16604\Desktop\anyui_test\test9 - 副本\import\font\MiSans_Heavy.ttf --output C:\Users\16604\Desktop\anyui_test\test9 - 副本\generated\fonts\lv_font_MiSans_Heavy_24_24.c --size 24 --bpp 4 --format lvgl --no-compress --no-prefilter --range 0x20-0x7F --symbols QWERTYUIOPASDFGHJKLZXCVBNMqwertyuiopasdfghjklzxcvbnm1234567890实时监测|极兔%中检测结果/%推理耗时电机转速设备温度℃当前识别类型极兔累计分拣件数成功率%·帧韵达中通小大全部℃事件详情日志记录分类识别置信度成功检测到包裹传送中运行中推理完成极兔较低置信度警告时间类型结果尺寸推理耗时状态备注包裹分类成功。亮于人值在复工新核正流程请过阈，


 ******************************************************************************/

#include "lvgl.h"

#ifndef LV_FONT_MISANS_HEAVY_24_24
#define LV_FONT_MISANS_HEAVY_24_24 1
#endif

#if LV_FONT_MISANS_HEAVY_24_24

/*-----------------
 *    BITMAPS
 *----------------*/

/*Store the image of the glyphs*/
static LV_ATTRIBUTE_LARGE_CONST const uint8_t glyph_bitmap[] = {
    /* U+000A "\n" */

    /* U+0020 " " */

    /* U+0021 "!" */
    0x7f, 0xff, 0xfa, 0x6f, 0xff, 0xf9, 0x5f, 0xff,
    0xf8, 0x4f, 0xff, 0xf8, 0x3f, 0xff, 0xf7, 0x3f,
    0xff, 0xf6, 0x2f, 0xff, 0xf5, 0x1f, 0xff, 0xf4,
    0xf, 0xff, 0xf4, 0xf, 0xff, 0xf3, 0xf, 0xff,
    0xf2, 0xe, 0xff, 0xf1, 0xd, 0xff, 0xf1, 0x3,
    0x44, 0x40, 0x4f, 0xff, 0xf8, 0x4f, 0xff, 0xf8,
    0x4f, 0xff, 0xf8, 0x4f, 0xff, 0xf8, 0x4f, 0xff,
    0xf8,

    /* U+0022 "\"" */
    0x66, 0x66, 0x16, 0x66, 0x62, 0xef, 0xff, 0x3d,
    0xff, 0xf4, 0xcf, 0xff, 0x1b, 0xff, 0xf2, 0xaf,
    0xff, 0xa, 0xff, 0xf0, 0x8f, 0xfd, 0x8, 0xff,
    0xe0, 0x7f, 0xfc, 0x6, 0xff, 0xc0, 0x5f, 0xfa,
    0x4, 0xff, 0xa0, 0x3f, 0xf8, 0x2, 0xff, 0x90,
    0x1f, 0xf6, 0x1, 0xff, 0x70,

    /* U+0023 "#" */
    0x0, 0x0, 0xb, 0xff, 0xa0, 0xc, 0xff, 0x90,
    0x0, 0x0, 0x0, 0xef, 0xf6, 0x0, 0xff, 0xf5,
    0x0, 0x0, 0x0, 0x2f, 0xff, 0x20, 0x4f, 0xff,
    0x10, 0x0, 0x0, 0x6, 0xff, 0xe0, 0x8, 0xff,
    0xd0, 0x0, 0x3f, 0xff, 0xff, 0xff, 0xff, 0xff,
    0xff, 0xff, 0x63, 0xff, 0xff, 0xff, 0xff, 0xff,
    0xff, 0xff, 0xf6, 0x3f, 0xff, 0xff, 0xff, 0xff,
    0xff, 0xff, 0xff, 0x60, 0x22, 0x5f, 0xff, 0x42,
    0x6f, 0xff, 0x32, 0x21, 0x0, 0x5, 0xff, 0xf0,
    0x6, 0xff, 0xe0, 0x0, 0x0, 0x0, 0x8f, 0xfd,
    0x0, 0x9f, 0xfc, 0x0, 0x0, 0x22, 0x2b, 0xff,
    0xc2, 0x2c, 0xff, 0xb2, 0x21, 0xf, 0xff, 0xff,
    0xff, 0xff, 0xff, 0xff, 0xff, 0xa0, 0xff, 0xff,
    0xff, 0xff, 0xff, 0xff, 0xff, 0xfa, 0xf, 0xff,
    0xff, 0xff, 0xff, 0xff, 0xff, 0xff, 0xa0, 0x0,
    0x6f, 0xff, 0x0, 0x7f, 0xfe, 0x0, 0x0, 0x0,
    0x9, 0xff, 0xc0, 0xa, 0xff, 0xb0, 0x0, 0x0,
    0x0, 0xcf, 0xf9, 0x0, 0xdf, 0xf7, 0x0, 0x0,
    0x0, 0xf, 0xff, 0x50, 0x1f, 0xff, 0x40, 0x0,
    0x0, 0x2, 0xff, 0xf2, 0x4, 0xff, 0xf1, 0x0,
    0x0, 0x0,

    /* U+0024 "$" */
    0x0, 0x0, 0x1, 0x44, 0x43, 0x0, 0x0, 0x0,
    0x0, 0x0, 0x3f, 0xff, 0xc0, 0x0, 0x0, 0x0,
    0x0, 0x3, 0xff, 0xfc, 0x0, 0x0, 0x0, 0x0,
    0x18, 0xef, 0xff, 0xfc, 0x50, 0x0, 0x0, 0x3e,
    0xff, 0xff, 0xff, 0xff, 0xb0, 0x0, 0x2f, 0xff,
    0xff, 0xff, 0xff, 0xff, 0xb0, 0xa, 0xff, 0xff,
    0xff, 0xff, 0xff, 0xff, 0x50, 0xff, 0xff, 0x92,
    0x1, 0x7f, 0xff, 0xe4, 0x2f, 0xff, 0xd0, 0x0,
    0x0, 0x3f, 0xb1, 0x0, 0xff, 0xff, 0x20, 0x0,
    0x0, 0x20, 0x0, 0xe, 0xff, 0xff, 0x94, 0x0,
    0x0, 0x0, 0x0, 0x6f, 0xff, 0xff, 0xff, 0xb6,
    0x0, 0x0, 0x0, 0x9f, 0xff, 0xff, 0xff, 0xff,
    0x70, 0x0, 0x0, 0x4c, 0xff, 0xff, 0xff, 0xff,
    0x90, 0x0, 0x0, 0x2, 0x7c, 0xff, 0xff, 0xff,
    0x40, 0x0, 0x0, 0x0, 0x1, 0x7f, 0xff, 0xfa,
    0x0, 0x4c, 0x0, 0x0, 0x0, 0x4f, 0xff, 0xc0,
    0x8f, 0xfa, 0x0, 0x0, 0x4, 0xff, 0xfc, 0x8f,
    0xff, 0xfd, 0x64, 0x48, 0xef, 0xff, 0xa2, 0xff,
    0xff, 0xff, 0xff, 0xff, 0xff, 0xf3, 0x5, 0xff,
    0xff, 0xff, 0xff, 0xff, 0xf9, 0x0, 0x4, 0xef,
    0xff, 0xff, 0xff, 0xf8, 0x0, 0x0, 0x0, 0x6c,
    0xff, 0xfe, 0x82, 0x0, 0x0, 0x0, 0x0, 0x3f,
    0xff, 0xc0, 0x0, 0x0, 0x0, 0x0, 0x3, 0xff,
    0xfc, 0x0, 0x0, 0x0,

    /* U+0025 "%" */
    0x0, 0x6c, 0xfe, 0xb4, 0x0, 0x0, 0x0, 0x4,
    0xff, 0xfd, 0x0, 0xa, 0xff, 0xff, 0xff, 0x70,
    0x0, 0x0, 0x1e, 0xff, 0xf3, 0x0, 0x4f, 0xff,
    0xee, 0xff, 0xf1, 0x0, 0x0, 0xbf, 0xff, 0x60,
    0x0, 0x8f, 0xf7, 0x0, 0xaf, 0xf5, 0x0, 0x7,
    0xff, 0xfb, 0x0, 0x0, 0x8f, 0xf7, 0x0, 0xbf,
    0xf5, 0x0, 0x3f, 0xff, 0xe1, 0x0, 0x0, 0x4f,
    0xff, 0xee, 0xff, 0xf1, 0x1, 0xef, 0xff, 0x30,
    0x0, 0x0, 0xa, 0xff, 0xff, 0xff, 0x70, 0xb,
    0xff, 0xf7, 0x0, 0x0, 0x0, 0x0, 0x6c, 0xff,
    0xb4, 0x0, 0x7f, 0xff, 0xb0, 0x0, 0x0, 0x0,
    0x0, 0x0, 0x0, 0x0, 0x3, 0xff, 0xfe, 0x10,
    0x0, 0x0, 0x0, 0x0, 0x0, 0x0, 0x0, 0xd,
    0xff, 0xf4, 0x0, 0x0, 0x0, 0x0, 0x0, 0x0,
    0x0, 0x0, 0xaf, 0xff, 0x80, 0x19, 0xef, 0xd8,
    0x0, 0x0, 0x0, 0x0, 0x6, 0xff, 0xfc, 0x1,
    0xdf, 0xff, 0xff, 0xd0, 0x0, 0x0, 0x0, 0x2f,
    0xff, 0xe1, 0x9, 0xff, 0xfd, 0xff, 0xf7, 0x0,
    0x0, 0x0, 0xdf, 0xff, 0x40, 0xe, 0xff, 0x30,
    0x4f, 0xfd, 0x0, 0x0, 0x9, 0xff, 0xf8, 0x0,
    0xf, 0xfd, 0x0, 0xf, 0xfe, 0x0, 0x0, 0x5f,
    0xff, 0xc0, 0x0, 0xe, 0xff, 0x30, 0x4f, 0xfd,
    0x0, 0x2, 0xff, 0xff, 0x20, 0x0, 0x9, 0xff,
    0xfd, 0xff, 0xf8, 0x0, 0xc, 0xff, 0xf5, 0x0,
    0x0, 0x1, 0xef, 0xff, 0xff, 0xd0, 0x0, 0x9f,
    0xff, 0x90, 0x0, 0x0, 0x0, 0x19, 0xef, 0xd8,
    0x0,

    /* U+0026 "&" */
    0x0, 0x0, 0x4, 0xbe, 0xfe, 0xa3, 0x0, 0x0,
    0x0, 0x0, 0x0, 0x0, 0xaf, 0xff, 0xff, 0xff,
    0x80, 0x0, 0x0, 0x0, 0x0, 0x8, 0xff, 0xff,
    0xff, 0xff, 0xf7, 0x0, 0x0, 0x0, 0x0, 0xf,
    0xff, 0xff, 0xff, 0xff, 0xff, 0x10, 0x0, 0x0,
    0x0, 0x3f, 0xff, 0xf8, 0x39, 0xff, 0xff, 0x70,
    0x0, 0x0, 0x0, 0x4f, 0xff, 0xf0, 0x0, 0xcf,
    0xea, 0x50, 0x0, 0x0, 0x0, 0x1f, 0xff, 0xf7,
    0x0, 0x33, 0x0, 0x0, 0x0, 0x0, 0x0, 0xb,
    0xff, 0xff, 0x50, 0x0, 0x0, 0x0, 0x0, 0x0,
    0x0, 0x7, 0xff, 0xff, 0xf5, 0x0, 0x0, 0x0,
    0x0, 0x0, 0x0, 0x9f, 0xff, 0xff, 0xff, 0x50,
    0x1f, 0xc8, 0x40, 0x0, 0x6, 0xff, 0xff, 0xff,
    0xff, 0xf5, 0x7f, 0xff, 0xf1, 0x0, 0xe, 0xff,
    0xfd, 0x7f, 0xff, 0xff, 0xef, 0xff, 0xb0, 0x0,
    0x2f, 0xff, 0xf3, 0x4, 0xff, 0xff, 0xff, 0xff,
    0x50, 0x0, 0x3f, 0xff, 0xf3, 0x0, 0x3f, 0xff,
    0xff, 0xfc, 0x0, 0x0, 0x1f, 0xff, 0xfd, 0x53,
    0x5c, 0xff, 0xff, 0xf7, 0x0, 0x0, 0xb, 0xff,
    0xff, 0xff, 0xff, 0xff, 0xff, 0xff, 0x30, 0x0,
    0x3, 0xff, 0xff, 0xff, 0xff, 0xff, 0xff, 0xff,
    0xe1, 0x0, 0x0, 0x4e, 0xff, 0xff, 0xff, 0xff,
    0xcf, 0xff, 0xfc, 0x0, 0x0, 0x1, 0x7c, 0xef,
    0xec, 0x82, 0xc, 0xff, 0xff, 0x90,

    /* U+0027 "'" */
    0x16, 0x66, 0x60, 0x2f, 0xff, 0xf0, 0xf, 0xff,
    0xd0, 0xe, 0xff, 0xc0, 0xc, 0xff, 0xa0, 0xb,
    0xff, 0x80, 0x9, 0xff, 0x60, 0x7, 0xff, 0x40,
    0x5, 0xff, 0x20,

    /* U+0028 "(" */
    0x0, 0x2, 0x88, 0x85, 0x0, 0xb, 0xff, 0xf5,
    0x0, 0x3f, 0xff, 0xd0, 0x0, 0x9f, 0xff, 0x70,
    0x0, 0xef, 0xff, 0x20, 0x3, 0xff, 0xfd, 0x0,
    0x7, 0xff, 0xf8, 0x0, 0xa, 0xff, 0xf5, 0x0,
    0xd, 0xff, 0xf2, 0x0, 0xf, 0xff, 0xf0, 0x0,
    0xf, 0xff, 0xf0, 0x0, 0x1f, 0xff, 0xe0, 0x0,
    0x1f, 0xff, 0xf0, 0x0, 0xf, 0xff, 0xf0, 0x0,
    0xe, 0xff, 0xf1, 0x0, 0xc, 0xff, 0xf4, 0x0,
    0x9, 0xff, 0xf7, 0x0, 0x6, 0xff, 0xfa, 0x0,
    0x1, 0xff, 0xff, 0x0, 0x0, 0xcf, 0xff, 0x40,
    0x0, 0x6f, 0xff, 0xa0, 0x0, 0xe, 0xff, 0xf2,
    0x0, 0x7, 0xff, 0xf9,

    /* U+0029 ")" */
    0x18, 0x88, 0x70, 0x0, 0xd, 0xff, 0xf3, 0x0,
    0x6, 0xff, 0xfa, 0x0, 0x0, 0xff, 0xff, 0x10,
    0x0, 0xaf, 0xff, 0x60, 0x0, 0x5f, 0xff, 0xb0,
    0x0, 0x1f, 0xff, 0xf0, 0x0, 0xe, 0xff, 0xf2,
    0x0, 0xb, 0xff, 0xf5, 0x0, 0x9, 0xff, 0xf7,
    0x0, 0x8, 0xff, 0xf8, 0x0, 0x7, 0xff, 0xf9,
    0x0, 0x7, 0xff, 0xf8, 0x0, 0x8, 0xff, 0xf7,
    0x0, 0xa, 0xff, 0xf6, 0x0, 0xc, 0xff, 0xf3,
    0x0, 0xf, 0xff, 0xf0, 0x0, 0x3f, 0xff, 0xd0,
    0x0, 0x8f, 0xff, 0x80, 0x0, 0xdf, 0xff, 0x30,
    0x2, 0xff, 0xfe, 0x0, 0xa, 0xff, 0xf6, 0x0,
    0x1f, 0xff, 0xe0, 0x0,

    /* U+002A "*" */
    0x0, 0x0, 0xff, 0xd0, 0x0, 0x0, 0xc2, 0xbf,
    0x94, 0xb0, 0x7, 0xfe, 0x9f, 0x8f, 0xf4, 0xc,
    0xff, 0xff, 0xff, 0xf9, 0x0, 0x2b, 0xff, 0xfa,
    0x10, 0xb, 0xff, 0xff, 0xff, 0xf9, 0x7, 0xfe,
    0x9f, 0x8f, 0xf4, 0x0, 0xc2, 0xbf, 0x94, 0xb0,
    0x0, 0x0, 0xff, 0xd0, 0x0, 0x0, 0x0, 0x0,
    0x0, 0x0,

    /* U+002B "+" */
    0x0, 0x0, 0x16, 0x66, 0x60, 0x0, 0x0, 0x0,
    0x0, 0x3f, 0xff, 0xf1, 0x0, 0x0, 0x0, 0x0,
    0x3f, 0xff, 0xf1, 0x0, 0x0, 0x0, 0x0, 0x3f,
    0xff, 0xf1, 0x0, 0x0, 0x0, 0x0, 0x3f, 0xff,
    0xf1, 0x0, 0x0, 0x7f, 0xff, 0xff, 0xff, 0xff,
    0xff, 0xf5, 0x7f, 0xff, 0xff, 0xff, 0xff, 0xff,
    0xf5, 0x7f, 0xff, 0xff, 0xff, 0xff, 0xff, 0xf5,
    0x7f, 0xff, 0xff, 0xff, 0xff, 0xff, 0xf5, 0x13,
    0x33, 0x6f, 0xff, 0xf4, 0x33, 0x31, 0x0, 0x0,
    0x3f, 0xff, 0xf1, 0x0, 0x0, 0x0, 0x0, 0x3f,
    0xff, 0xf1, 0x0, 0x0, 0x0, 0x0, 0x3f, 0xff,
    0xf1, 0x0, 0x0, 0x0, 0x0, 0x3f, 0xff, 0xf1,
    0x0, 0x0,

    /* U+002C "," */
    0x0, 0x0, 0x0, 0x6f, 0xff, 0xf6, 0x6f, 0xff,
    0xf6, 0x6f, 0xff, 0xf6, 0x6f, 0xff, 0xf6, 0x6f,
    0xff, 0xf6, 0x0, 0xc, 0xf5, 0x0, 0xe, 0xf3,
    0x0, 0x5f, 0xe0, 0x5, 0xff, 0x80, 0x8f, 0xfd,
    0x0, 0x3f, 0xb1, 0x0, 0x3, 0x0, 0x0,

    /* U+002D "-" */
    0x3, 0x33, 0x33, 0x33, 0x33, 0x30, 0x2f, 0xff,
    0xff, 0xff, 0xff, 0xf0, 0x2f, 0xff, 0xff, 0xff,
    0xff, 0xf0, 0x2f, 0xff, 0xff, 0xff, 0xff, 0xf0,
    0x2f, 0xff, 0xff, 0xff, 0xff, 0xf0,

    /* U+002E "." */
    0x0, 0x0, 0x0, 0xbf, 0xff, 0xf1, 0xbf, 0xff,
    0xf1, 0xbf, 0xff, 0xf1, 0xbf, 0xff, 0xf1, 0xbf,
    0xff, 0xf1,

    /* U+002F "/" */
    0x0, 0x0, 0x0, 0xaf, 0xff, 0x80, 0x0, 0x0,
    0xf, 0xff, 0xf3, 0x0, 0x0, 0x4, 0xff, 0xfe,
    0x0, 0x0, 0x0, 0x9f, 0xff, 0x90, 0x0, 0x0,
    0xd, 0xff, 0xf4, 0x0, 0x0, 0x2, 0xff, 0xff,
    0x0, 0x0, 0x0, 0x7f, 0xff, 0xb0, 0x0, 0x0,
    0xc, 0xff, 0xf6, 0x0, 0x0, 0x1, 0xff, 0xff,
    0x10, 0x0, 0x0, 0x5f, 0xff, 0xd0, 0x0, 0x0,
    0xa, 0xff, 0xf8, 0x0, 0x0, 0x0, 0xef, 0xff,
    0x30, 0x0, 0x0, 0x4f, 0xff, 0xe0, 0x0, 0x0,
    0x8, 0xff, 0xfa, 0x0, 0x0, 0x0, 0xdf, 0xff,
    0x50, 0x0, 0x0, 0x2f, 0xff, 0xf0, 0x0, 0x0,
    0x7, 0xff, 0xfb, 0x0, 0x0, 0x0, 0xbf, 0xff,
    0x60, 0x0, 0x0, 0xf, 0xff, 0xf2, 0x0, 0x0,
    0x0,

    /* U+0030 "0" */
    0x0, 0x1, 0x7c, 0xef, 0xea, 0x40, 0x0, 0x0,
    0x4, 0xef, 0xff, 0xff, 0xff, 0x90, 0x0, 0x2,
    0xff, 0xff, 0xff, 0xff, 0xff, 0x90, 0x0, 0xcf,
    0xff, 0xff, 0xff, 0xff, 0xff, 0x30, 0x3f, 0xff,
    0xff, 0x86, 0xcf, 0xff, 0xfa, 0x8, 0xff, 0xff,
    0x60, 0x0, 0xef, 0xff, 0xf0, 0xbf, 0xff, 0xe0,
    0x0, 0x7, 0xff, 0xff, 0x2d, 0xff, 0xfb, 0x0,
    0x0, 0x4f, 0xff, 0xf5, 0xef, 0xff, 0x90, 0x0,
    0x2, 0xff, 0xff, 0x6f, 0xff, 0xf9, 0x0, 0x0,
    0x1f, 0xff, 0xf7, 0xef, 0xff, 0x90, 0x0, 0x2,
    0xff, 0xff, 0x6e, 0xff, 0xfb, 0x0, 0x0, 0x4f,
    0xff, 0xf5, 0xbf, 0xff, 0xe0, 0x0, 0x7, 0xff,
    0xff, 0x38, 0xff, 0xff, 0x50, 0x0, 0xdf, 0xff,
    0xf0, 0x3f, 0xff, 0xff, 0x86, 0xcf, 0xff, 0xfa,
    0x0, 0xcf, 0xff, 0xff, 0xff, 0xff, 0xff, 0x30,
    0x3, 0xff, 0xff, 0xff, 0xff, 0xff, 0x90, 0x0,
    0x4, 0xef, 0xff, 0xff, 0xff, 0xa0, 0x0, 0x0,
    0x1, 0x8c, 0xef, 0xea, 0x40, 0x0, 0x0,

    /* U+0031 "1" */
    0x0, 0x3, 0xbf, 0xff, 0xd0, 0x2a, 0xff, 0xff,
    0xfd, 0x9f, 0xff, 0xff, 0xff, 0xdf, 0xff, 0xff,
    0xff, 0xfd, 0xff, 0xff, 0xff, 0xff, 0xdf, 0xfe,
    0x7a, 0xff, 0xfd, 0xd7, 0x0, 0xaf, 0xff, 0xd0,
    0x0, 0xa, 0xff, 0xfd, 0x0, 0x0, 0xaf, 0xff,
    0xd0, 0x0, 0xa, 0xff, 0xfd, 0x0, 0x0, 0xaf,
    0xff, 0xd0, 0x0, 0xa, 0xff, 0xfd, 0x0, 0x0,
    0xaf, 0xff, 0xd0, 0x0, 0xa, 0xff, 0xfd, 0x0,
    0x0, 0xaf, 0xff, 0xd0, 0x0, 0xa, 0xff, 0xfd,
    0x0, 0x0, 0xaf, 0xff, 0xd0, 0x0, 0xa, 0xff,
    0xfd, 0x0, 0x0, 0xaf, 0xff, 0xd0,

    /* U+0032 "2" */
    0x0, 0x0, 0x6b, 0xef, 0xec, 0x70, 0x0, 0x0,
    0x1, 0xdf, 0xff, 0xff, 0xff, 0xe3, 0x0, 0x1,
    0xdf, 0xff, 0xff, 0xff, 0xff, 0xe1, 0x0, 0x9f,
    0xff, 0xff, 0xff, 0xff, 0xff, 0x80, 0xb, 0xff,
    0xfe, 0x64, 0x8f, 0xff, 0xfd, 0x0, 0x5, 0xee,
    0x10, 0x0, 0xbf, 0xff, 0xf0, 0x0, 0x1, 0x40,
    0x0, 0x9, 0xff, 0xfe, 0x0, 0x0, 0x0, 0x0,
    0x0, 0xef, 0xff, 0xa0, 0x0, 0x0, 0x0, 0x0,
    0x9f, 0xff, 0xf3, 0x0, 0x0, 0x0, 0x0, 0x8f,
    0xff, 0xfa, 0x0, 0x0, 0x0, 0x0, 0x8f, 0xff,
    0xfc, 0x0, 0x0, 0x0, 0x0, 0x8f, 0xff, 0xfd,
    0x10, 0x0, 0x0, 0x0, 0x9f, 0xff, 0xfd, 0x10,
    0x0, 0x0, 0x0, 0x9f, 0xff, 0xfd, 0x10, 0x0,
    0x0, 0x0, 0x9f, 0xff, 0xff, 0x75, 0x55, 0x55,
    0x20, 0xaf, 0xff, 0xff, 0xff, 0xff, 0xff, 0xf6,
    0x1f, 0xff, 0xff, 0xff, 0xff, 0xff, 0xff, 0x61,
    0xff, 0xff, 0xff, 0xff, 0xff, 0xff, 0xf6, 0x1f,
    0xff, 0xff, 0xff, 0xff, 0xff, 0xff, 0x60,

    /* U+0033 "3" */
    0x4f, 0xff, 0xff, 0xff, 0xff, 0xff, 0x90, 0x4f,
    0xff, 0xff, 0xff, 0xff, 0xff, 0x90, 0x4f, 0xff,
    0xff, 0xff, 0xff, 0xff, 0x90, 0x4f, 0xff, 0xff,
    0xff, 0xff, 0xff, 0x90, 0x15, 0x55, 0x55, 0xdf,
    0xff, 0xfa, 0x0, 0x0, 0x0, 0xa, 0xff, 0xff,
    0x70, 0x0, 0x0, 0x1, 0xcf, 0xff, 0xe4, 0x0,
    0x0, 0x0, 0x2d, 0xff, 0xff, 0xc8, 0x20, 0x0,
    0x0, 0x3f, 0xff, 0xff, 0xff, 0xf8, 0x0, 0x0,
    0x4, 0xff, 0xff, 0xff, 0xff, 0x60, 0x0, 0x0,
    0x69, 0x58, 0xff, 0xff, 0xe0, 0x0, 0x0, 0x0,
    0x0, 0x4f, 0xff, 0xf4, 0x0, 0x4, 0x0, 0x0,
    0xf, 0xff, 0xf6, 0x4, 0xef, 0x20, 0x0, 0x2f,
    0xff, 0xf6, 0x9f, 0xff, 0xe6, 0x35, 0xdf, 0xff,
    0xf3, 0x8f, 0xff, 0xff, 0xff, 0xff, 0xff, 0xd0,
    0xc, 0xff, 0xff, 0xff, 0xff, 0xff, 0x30, 0x0,
    0xcf, 0xff, 0xff, 0xff, 0xe4, 0x0, 0x0, 0x5,
    0xbe, 0xfe, 0xc7, 0x10, 0x0,

    /* U+0034 "4" */
    0x0, 0x0, 0x0, 0x2f, 0xff, 0xff, 0xf4, 0x0,
    0x0, 0x0, 0x0, 0xaf, 0xff, 0xff, 0xf4, 0x0,
    0x0, 0x0, 0x3, 0xff, 0xff, 0xff, 0xf4, 0x0,
    0x0, 0x0, 0xb, 0xff, 0xff, 0xff, 0xf4, 0x0,
    0x0, 0x0, 0x3f, 0xff, 0xff, 0xff, 0xf4, 0x0,
    0x0, 0x0, 0xcf, 0xff, 0xbf, 0xff, 0xf4, 0x0,
    0x0, 0x4, 0xff, 0xff, 0x4f, 0xff, 0xf4, 0x0,
    0x0, 0xc, 0xff, 0xf8, 0x2f, 0xff, 0xf4, 0x0,
    0x0, 0x5f, 0xff, 0xf1, 0x2f, 0xff, 0xf4, 0x0,
    0x0, 0xdf, 0xff, 0x80, 0x2f, 0xff, 0xf4, 0x0,
    0x6, 0xff, 0xff, 0x10, 0x2f, 0xff, 0xf4, 0x0,
    0xd, 0xff, 0xff, 0xff, 0xff, 0xff, 0xff, 0xfa,
    0x5f, 0xff, 0xff, 0xff, 0xff, 0xff, 0xff, 0xfa,
    0x6f, 0xff, 0xff, 0xff, 0xff, 0xff, 0xff, 0xfa,
    0x6f, 0xff, 0xff, 0xff, 0xff, 0xff, 0xff, 0xfa,
    0x25, 0x55, 0x55, 0x55, 0x7f, 0xff, 0xf8, 0x53,
    0x0, 0x0, 0x0, 0x0, 0x2f, 0xff, 0xf4, 0x0,
    0x0, 0x0, 0x0, 0x0, 0x2f, 0xff, 0xf4, 0x0,
    0x0, 0x0, 0x0, 0x0, 0x2f, 0xff, 0xf4, 0x0,

    /* U+0035 "5" */
    0x1, 0xff, 0xff, 0xff, 0xff, 0xff, 0xfa, 0x0,
    0x2f, 0xff, 0xff, 0xff, 0xff, 0xff, 0xa0, 0x4,
    0xff, 0xff, 0xff, 0xff, 0xff, 0xfa, 0x0, 0x5f,
    0xff, 0xff, 0xff, 0xff, 0xff, 0xa0, 0x6, 0xff,
    0xff, 0x43, 0x33, 0x33, 0x32, 0x0, 0x7f, 0xff,
    0xf0, 0x2, 0x0, 0x0, 0x0, 0x9, 0xff, 0xff,
    0xcf, 0xff, 0xd6, 0x0, 0x0, 0xaf, 0xff, 0xff,
    0xff, 0xff, 0xfb, 0x0, 0xb, 0xff, 0xff, 0xff,
    0xff, 0xff, 0xf8, 0x0, 0xcf, 0xff, 0xff, 0xff,
    0xff, 0xff, 0xf0, 0x2, 0x9f, 0xfc, 0x30, 0x2b,
    0xff, 0xff, 0x50, 0x0, 0x17, 0x10, 0x0, 0x1f,
    0xff, 0xf7, 0x0, 0x0, 0x30, 0x0, 0x0, 0xef,
    0xff, 0x80, 0x2, 0xcf, 0x20, 0x0, 0x2f, 0xff,
    0xf6, 0x7, 0xff, 0xfe, 0x63, 0x6d, 0xff, 0xff,
    0x30, 0xcf, 0xff, 0xff, 0xff, 0xff, 0xff, 0xd0,
    0x3, 0xff, 0xff, 0xff, 0xff, 0xff, 0xf3, 0x0,
    0x3, 0xef, 0xff, 0xff, 0xff, 0xe4, 0x0, 0x0,
    0x1, 0x7c, 0xff, 0xec, 0x71, 0x0, 0x0,

    /* U+0036 "6" */
    0x0, 0x0, 0x0, 0x9f, 0xff, 0xf9, 0x0, 0x0,
    0x0, 0x0, 0x2, 0xff, 0xff, 0xd0, 0x0, 0x0,
    0x0, 0x0, 0xb, 0xff, 0xff, 0x20, 0x0, 0x0,
    0x0, 0x0, 0x4f, 0xff, 0xf5, 0x0, 0x0, 0x0,
    0x0, 0x0, 0xdf, 0xff, 0x90, 0x0, 0x0, 0x0,
    0x0, 0x6, 0xff, 0xff, 0xef, 0xd8, 0x10, 0x0,
    0x0, 0xe, 0xff, 0xff, 0xff, 0xff, 0xe3, 0x0,
    0x0, 0x8f, 0xff, 0xff, 0xff, 0xff, 0xfe, 0x10,
    0x1, 0xff, 0xff, 0xff, 0xff, 0xff, 0xff, 0x90,
    0x7, 0xff, 0xff, 0xc5, 0x39, 0xff, 0xff, 0xe0,
    0xd, 0xff, 0xfd, 0x0, 0x0, 0xaf, 0xff, 0xf2,
    0xf, 0xff, 0xf8, 0x0, 0x0, 0x5f, 0xff, 0xf3,
    0x1f, 0xff, 0xf8, 0x0, 0x0, 0x5f, 0xff, 0xf3,
    0xf, 0xff, 0xfd, 0x0, 0x0, 0xbf, 0xff, 0xf1,
    0xc, 0xff, 0xff, 0xc5, 0x4a, 0xff, 0xff, 0xc0,
    0x5, 0xff, 0xff, 0xff, 0xff, 0xff, 0xff, 0x50,
    0x0, 0xaf, 0xff, 0xff, 0xff, 0xff, 0xfa, 0x0,
    0x0, 0x9, 0xff, 0xff, 0xff, 0xff, 0x90, 0x0,
    0x0, 0x0, 0x39, 0xdf, 0xfd, 0x93, 0x0, 0x0,

    /* U+0037 "7" */
    0x7f, 0xff, 0xff, 0xff, 0xff, 0xff, 0xfc, 0x7f,
    0xff, 0xff, 0xff, 0xff, 0xff, 0xfc, 0x7f, 0xff,
    0xff, 0xff, 0xff, 0xff, 0xfc, 0x7f, 0xff, 0xff,
    0xff, 0xff, 0xff, 0xf8, 0x38, 0x88, 0x88, 0x88,
    0xef, 0xff, 0xf1, 0x0, 0x0, 0x0, 0x2, 0xff,
    0xff, 0x90, 0x0, 0x0, 0x0, 0x9, 0xff, 0xff,
    0x20, 0x0, 0x0, 0x0, 0x1f, 0xff, 0xfa, 0x0,
    0x0, 0x0, 0x0, 0x8f, 0xff, 0xf3, 0x0, 0x0,
    0x0, 0x1, 0xff, 0xff, 0xc0, 0x0, 0x0, 0x0,
    0x8, 0xff, 0xff, 0x40, 0x0, 0x0, 0x0, 0xe,
    0xff, 0xfd, 0x0, 0x0, 0x0, 0x0, 0x7f, 0xff,
    0xf6, 0x0, 0x0, 0x0, 0x0, 0xef, 0xff, 0xe0,
    0x0, 0x0, 0x0, 0x6, 0xff, 0xff, 0x70, 0x0,
    0x0, 0x0, 0xe, 0xff, 0xff, 0x0, 0x0, 0x0,
    0x0, 0x6f, 0xff, 0xf8, 0x0, 0x0, 0x0, 0x0,
    0xdf, 0xff, 0xf1, 0x0, 0x0, 0x0, 0x5, 0xff,
    0xff, 0x90, 0x0, 0x0, 0x0,

    /* U+0038 "8" */
    0x0, 0x4, 0x9d, 0xff, 0xec, 0x71, 0x0, 0x0,
    0xb, 0xff, 0xff, 0xff, 0xff, 0xf6, 0x0, 0xb,
    0xff, 0xff, 0xff, 0xff, 0xff, 0xf5, 0x2, 0xff,
    0xff, 0xff, 0xff, 0xff, 0xff, 0xc0, 0x4f, 0xff,
    0xfa, 0x32, 0x5e, 0xff, 0xfd, 0x1, 0xff, 0xff,
    0x81, 0x2, 0xdf, 0xff, 0xa0, 0x7, 0xff, 0xff,
    0xff, 0xff, 0xff, 0xe2, 0x0, 0x6, 0xef, 0xff,
    0xff, 0xff, 0xb2, 0x0, 0x0, 0x5e, 0xff, 0xff,
    0xff, 0xfa, 0x10, 0x0, 0x7f, 0xff, 0xff, 0xff,
    0xff, 0xfe, 0x20, 0x4f, 0xff, 0xfa, 0x32, 0x5e,
    0xff, 0xfd, 0xb, 0xff, 0xfd, 0x0, 0x0, 0x4f,
    0xff, 0xf4, 0xef, 0xff, 0xa0, 0x0, 0x1, 0xff,
    0xff, 0x8f, 0xff, 0xfd, 0x0, 0x0, 0x4f, 0xff,
    0xf8, 0xcf, 0xff, 0xfc, 0x53, 0x7e, 0xff, 0xff,
    0x66, 0xff, 0xff, 0xff, 0xff, 0xff, 0xff, 0xf1,
    0xc, 0xff, 0xff, 0xff, 0xff, 0xff, 0xf6, 0x0,
    0x1b, 0xff, 0xff, 0xff, 0xff, 0xf6, 0x0, 0x0,
    0x4, 0x9d, 0xef, 0xec, 0x71, 0x0, 0x0,

    /* U+0039 "9" */
    0x0, 0x0, 0x39, 0xde, 0xfd, 0xa4, 0x0, 0x0,
    0x0, 0x9, 0xff, 0xff, 0xff, 0xff, 0xa1, 0x0,
    0x0, 0xbf, 0xff, 0xff, 0xff, 0xff, 0xfc, 0x0,
    0x6, 0xff, 0xff, 0xff, 0xff, 0xff, 0xff, 0x70,
    0xc, 0xff, 0xff, 0xa4, 0x48, 0xff, 0xff, 0xe0,
    0xf, 0xff, 0xfa, 0x0, 0x0, 0x7f, 0xff, 0xf2,
    0xf, 0xff, 0xf8, 0x0, 0x0, 0x5f, 0xff, 0xf3,
    0xf, 0xff, 0xff, 0x50, 0x5, 0xef, 0xff, 0xf2,
    0xa, 0xff, 0xff, 0xff, 0xff, 0xff, 0xff, 0xf0,
    0x3, 0xff, 0xff, 0xff, 0xff, 0xff, 0xff, 0xa0,
    0x0, 0x6f, 0xff, 0xff, 0xff, 0xff, 0xff, 0x40,
    0x0, 0x3, 0xbf, 0xff, 0xff, 0xff, 0xfb, 0x0,
    0x0, 0x0, 0x0, 0x25, 0xff, 0xff, 0xf2, 0x0,
    0x0, 0x0, 0x0, 0xc, 0xff, 0xff, 0x90, 0x0,
    0x0, 0x0, 0x0, 0x4f, 0xff, 0xff, 0x10, 0x0,
    0x0, 0x0, 0x0, 0xdf, 0xff, 0xf7, 0x0, 0x0,
    0x0, 0x0, 0x6, 0xff, 0xff, 0xe0, 0x0, 0x0,
    0x0, 0x0, 0xe, 0xff, 0xff, 0x50, 0x0, 0x0,
    0x0, 0x0, 0x8f, 0xff, 0xfc, 0x0, 0x0, 0x0,

    /* U+003A ":" */
    0xbf, 0xff, 0xf1, 0xbf, 0xff, 0xf1, 0xbf, 0xff,
    0xf1, 0xbf, 0xff, 0xf1, 0xbf, 0xff, 0xf1, 0x0,
    0x0, 0x0, 0x0, 0x0, 0x0, 0x0, 0x0, 0x0,
    0x0, 0x0, 0x0, 0x0, 0x0, 0x0, 0xbf, 0xff,
    0xf1, 0xbf, 0xff, 0xf1, 0xbf, 0xff, 0xf1, 0xbf,
    0xff, 0xf1, 0xbf, 0xff, 0xf1,

    /* U+003B ";" */
    0x6f, 0xff, 0xf6, 0x6f, 0xff, 0xf6, 0x6f, 0xff,
    0xf6, 0x6f, 0xff, 0xf6, 0x6f, 0xff, 0xf6, 0x0,
    0x0, 0x0, 0x0, 0x0, 0x0, 0x0, 0x0, 0x0,
    0x0, 0x0, 0x0, 0x0, 0x0, 0x0, 0x6f, 0xff,
    0xf6, 0x6f, 0xff, 0xf6, 0x6f, 0xff, 0xf6, 0x6f,
    0xff, 0xf6, 0x6f, 0xff, 0xf6, 0x0, 0xc, 0xf5,
    0x0, 0xe, 0xf3, 0x0, 0x5f, 0xe0, 0x5, 0xff,
    0x80, 0x8f, 0xfd, 0x0, 0x3f, 0xb1, 0x0, 0x3,
    0x0, 0x0,

    /* U+003C "<" */
    0x0, 0x0, 0x0, 0x0, 0x0, 0x0, 0x0, 0x0,
    0x0, 0x0, 0x0, 0x0, 0x3, 0xb5, 0x0, 0x0,
    0x0, 0x0, 0x1, 0x9f, 0xf5, 0x0, 0x0, 0x0,
    0x0, 0x8f, 0xff, 0xf5, 0x0, 0x0, 0x0, 0x6e,
    0xff, 0xff, 0xf5, 0x0, 0x0, 0x4d, 0xff, 0xff,
    0xff, 0xf3, 0x0, 0x2b, 0xff, 0xff, 0xff, 0xf8,
    0x10, 0x19, 0xff, 0xff, 0xff, 0xf9, 0x10, 0x0,
    0x7f, 0xff, 0xff, 0xf9, 0x10, 0x0, 0x0, 0x7f,
    0xff, 0xfd, 0x20, 0x0, 0x0, 0x0, 0x7f, 0xff,
    0xff, 0xd5, 0x0, 0x0, 0x0, 0x3c, 0xff, 0xff,
    0xff, 0xd5, 0x0, 0x0, 0x0, 0x6e, 0xff, 0xff,
    0xff, 0xd5, 0x0, 0x0, 0x0, 0x7f, 0xff, 0xff,
    0xff, 0xd2, 0x0, 0x0, 0x1, 0x9f, 0xff, 0xff,
    0xf5, 0x0, 0x0, 0x0, 0x2, 0xbf, 0xff, 0xf5,
    0x0, 0x0, 0x0, 0x0, 0x4, 0xdf, 0xf5, 0x0,
    0x0, 0x0, 0x0, 0x0, 0x6, 0xe5, 0x0, 0x0,
    0x0, 0x0, 0x0, 0x0, 0x1,

    /* U+003D "=" */
    0x7f, 0xff, 0xff, 0xff, 0xff, 0xff, 0xf5, 0x7f,
    0xff, 0xff, 0xff, 0xff, 0xff, 0xf5, 0x7f, 0xff,
    0xff, 0xff, 0xff, 0xff, 0xf5, 0x7f, 0xff, 0xff,
    0xff, 0xff, 0xff, 0xf5, 0x13, 0x33, 0x33, 0x33,
    0x33, 0x33, 0x31, 0x0, 0x0, 0x0, 0x0, 0x0,
    0x0, 0x0, 0x13, 0x33, 0x33, 0x33, 0x33, 0x33,
    0x31, 0x7f, 0xff, 0xff, 0xff, 0xff, 0xff, 0xf5,
    0x7f, 0xff, 0xff, 0xff, 0xff, 0xff, 0xf5, 0x7f,
    0xff, 0xff, 0xff, 0xff, 0xff, 0xf5, 0x7f, 0xff,
    0xff, 0xff, 0xff, 0xff, 0xf5,

    /* U+003E ">" */
    0x0, 0x0, 0x0, 0x0, 0x0, 0x0, 0x0, 0x7a,
    0x10, 0x0, 0x0, 0x0, 0x0, 0x0, 0x7f, 0xf8,
    0x0, 0x0, 0x0, 0x0, 0x0, 0x7f, 0xff, 0xe6,
    0x0, 0x0, 0x0, 0x0, 0x7f, 0xff, 0xff, 0xd4,
    0x0, 0x0, 0x0, 0x5f, 0xff, 0xff, 0xff, 0xb3,
    0x0, 0x0, 0x2, 0xaf, 0xff, 0xff, 0xff, 0x91,
    0x0, 0x0, 0x2, 0xaf, 0xff, 0xff, 0xff, 0x80,
    0x0, 0x0, 0x2, 0xaf, 0xff, 0xff, 0xf5, 0x0,
    0x0, 0x0, 0x3, 0xff, 0xff, 0xf5, 0x0, 0x0,
    0x0, 0x7e, 0xff, 0xff, 0xf5, 0x0, 0x0, 0x6e,
    0xff, 0xff, 0xff, 0xb1, 0x0, 0x6e, 0xff, 0xff,
    0xff, 0xd4, 0x0, 0x4e, 0xff, 0xff, 0xff, 0xe6,
    0x0, 0x0, 0x7f, 0xff, 0xff, 0xf8, 0x0, 0x0,
    0x0, 0x7f, 0xff, 0xfa, 0x10, 0x0, 0x0, 0x0,
    0x7f, 0xfc, 0x30, 0x0, 0x0, 0x0, 0x0, 0x7d,
    0x50, 0x0, 0x0, 0x0, 0x0, 0x0, 0x20, 0x0,
    0x0, 0x0, 0x0, 0x0, 0x0,

    /* U+003F "?" */
    0x0, 0x3, 0x9d, 0xff, 0xda, 0x30, 0x0, 0x0,
    0x8f, 0xff, 0xff, 0xff, 0xf8, 0x0, 0x8, 0xff,
    0xff, 0xff, 0xff, 0xff, 0x60, 0x3f, 0xff, 0xff,
    0xff, 0xff, 0xff, 0xd0, 0x9f, 0xff, 0xf9, 0x68,
    0xff, 0xff, 0xf0, 0x7, 0xff, 0x50, 0x0, 0x9f,
    0xff, 0xf0, 0x0, 0x26, 0x0, 0x1, 0xdf, 0xff,
    0xc0, 0x0, 0x0, 0x0, 0x3d, 0xff, 0xff, 0x30,
    0x0, 0x0, 0x4, 0xff, 0xff, 0xe3, 0x0, 0x0,
    0x0, 0xe, 0xff, 0xfc, 0x10, 0x0, 0x0, 0x0,
    0x3f, 0xff, 0xf1, 0x0, 0x0, 0x0, 0x0, 0x3f,
    0xff, 0xd0, 0x0, 0x0, 0x0, 0x0, 0x1a, 0xaa,
    0x70, 0x0, 0x0, 0x0, 0x0, 0x0, 0x0, 0x0,
    0x0, 0x0, 0x0, 0x0, 0x8f, 0xff, 0xf4, 0x0,
    0x0, 0x0, 0x0, 0x8f, 0xff, 0xf4, 0x0, 0x0,
    0x0, 0x0, 0x8f, 0xff, 0xf4, 0x0, 0x0, 0x0,
    0x0, 0x8f, 0xff, 0xf4, 0x0, 0x0, 0x0, 0x0,
    0x8f, 0xff, 0xf4, 0x0, 0x0,

    /* U+0040 "@" */
    0x0, 0x0, 0x0, 0x28, 0xce, 0xff, 0xec, 0x82,
    0x0, 0x0, 0x0, 0x0, 0x2, 0xbf, 0xff, 0xff,
    0xff, 0xff, 0xfb, 0x10, 0x0, 0x0, 0x5, 0xff,
    0xff, 0xff, 0xff, 0xff, 0xff, 0xff, 0x40, 0x0,
    0x5, 0xff, 0xff, 0x94, 0x0, 0x0, 0x49, 0xff,
    0xff, 0x30, 0x1, 0xef, 0xfd, 0x34, 0xcf, 0xe9,
    0x2f, 0xff, 0xdf, 0xfe, 0x0, 0x9f, 0xfe, 0x25,
    0xff, 0xff, 0xfc, 0xff, 0xd1, 0xef, 0xf6, 0xe,
    0xff, 0x61, 0xff, 0xff, 0xff, 0xff, 0xfd, 0x7,
    0xff, 0xb3, 0xff, 0xe0, 0x6f, 0xff, 0xe7, 0x8f,
    0xff, 0xd0, 0x3f, 0xfd, 0x5f, 0xfc, 0x8, 0xff,
    0xf4, 0x0, 0x8f, 0xfd, 0x2, 0xff, 0xd6, 0xff,
    0xa0, 0x8f, 0xff, 0x40, 0x8, 0xff, 0xd0, 0x4f,
    0xfc, 0x5f, 0xfc, 0x6, 0xff, 0xfe, 0x89, 0xff,
    0xff, 0x1b, 0xff, 0x83, 0xff, 0xe0, 0x1f, 0xff,
    0xff, 0xff, 0xdf, 0xff, 0xff, 0xf2, 0xe, 0xff,
    0x60, 0x5f, 0xff, 0xff, 0xa4, 0xff, 0xff, 0xf7,
    0x0, 0x9f, 0xfe, 0x20, 0x3b, 0xed, 0x80, 0x5,
    0xce, 0xb4, 0x0, 0x1, 0xef, 0xfd, 0x30, 0x0,
    0x0, 0x0, 0x0, 0x0, 0x0, 0x0, 0x4, 0xff,
    0xff, 0x93, 0x0, 0x0, 0x38, 0xf2, 0x0, 0x0,
    0x0, 0x5, 0xff, 0xff, 0xff, 0xee, 0xff, 0xff,
    0x90, 0x0, 0x0, 0x0, 0x2, 0xbf, 0xff, 0xff,
    0xff, 0xff, 0xf9, 0x0, 0x0, 0x0, 0x0, 0x0,
    0x28, 0xce, 0xff, 0xeb, 0x82, 0x0, 0x0, 0x0,

    /* U+0041 "A" */
    0x0, 0x0, 0x0, 0x1f, 0xff, 0xfe, 0x0, 0x0,
    0x0, 0x0, 0x0, 0x0, 0x6, 0xff, 0xff, 0xf4,
    0x0, 0x0, 0x0, 0x0, 0x0, 0x0, 0xcf, 0xff,
    0xff, 0xa0, 0x0, 0x0, 0x0, 0x0, 0x0, 0x2f,
    0xff, 0xff, 0xff, 0x10, 0x0, 0x0, 0x0, 0x0,
    0x8, 0xff, 0xff, 0xff, 0xf6, 0x0, 0x0, 0x0,
    0x0, 0x0, 0xef, 0xff, 0xcf, 0xff, 0xc0, 0x0,
    0x0, 0x0, 0x0, 0x4f, 0xff, 0xf2, 0xff, 0xff,
    0x20, 0x0, 0x0, 0x0, 0xa, 0xff, 0xfa, 0xc,
    0xff, 0xf8, 0x0, 0x0, 0x0, 0x1, 0xff, 0xff,
    0x40, 0x7f, 0xff, 0xe0, 0x0, 0x0, 0x0, 0x6f,
    0xff, 0xe0, 0x1, 0xff, 0xff, 0x40, 0x0, 0x0,
    0xc, 0xff, 0xfc, 0x55, 0x5e, 0xff, 0xfa, 0x0,
    0x0, 0x2, 0xff, 0xff, 0xff, 0xff, 0xff, 0xff,
    0xf1, 0x0, 0x0, 0x8f, 0xff, 0xff, 0xff, 0xff,
    0xff, 0xff, 0x60, 0x0, 0xe, 0xff, 0xff, 0xff,
    0xff, 0xff, 0xff, 0xfc, 0x0, 0x4, 0xff, 0xff,
    0xff, 0xff, 0xff, 0xff, 0xff, 0xf2, 0x0, 0xaf,
    0xff, 0xe0, 0x0, 0x0, 0x1, 0xff, 0xff, 0x80,
    0x1f, 0xff, 0xf9, 0x0, 0x0, 0x0, 0xb, 0xff,
    0xfe, 0x7, 0xff, 0xff, 0x30, 0x0, 0x0, 0x0,
    0x6f, 0xff, 0xf4, 0xdf, 0xff, 0xe0, 0x0, 0x0,
    0x0, 0x0, 0xff, 0xff, 0xa0,

    /* U+0042 "B" */
    0x7f, 0xff, 0xff, 0xff, 0xff, 0xda, 0x30, 0x0,
    0x7f, 0xff, 0xff, 0xff, 0xff, 0xff, 0xf9, 0x0,
    0x7f, 0xff, 0xff, 0xff, 0xff, 0xff, 0xff, 0x60,
    0x7f, 0xff, 0xff, 0xff, 0xff, 0xff, 0xff, 0xd0,
    0x7f, 0xff, 0xf3, 0x33, 0x36, 0xef, 0xff, 0xf0,
    0x7f, 0xff, 0xf0, 0x0, 0x0, 0xaf, 0xff, 0xf0,
    0x7f, 0xff, 0xf3, 0x33, 0x37, 0xff, 0xff, 0xb0,
    0x7f, 0xff, 0xff, 0xff, 0xff, 0xff, 0xff, 0x20,
    0x7f, 0xff, 0xff, 0xff, 0xff, 0xff, 0xe2, 0x0,
    0x7f, 0xff, 0xff, 0xff, 0xff, 0xff, 0xfe, 0x40,
    0x7f, 0xff, 0xff, 0xff, 0xff, 0xff, 0xff, 0xf3,
    0x7f, 0xff, 0xf0, 0x0, 0x1, 0x7f, 0xff, 0xfa,
    0x7f, 0xff, 0xf0, 0x0, 0x0, 0xb, 0xff, 0xfd,
    0x7f, 0xff, 0xf0, 0x0, 0x0, 0xc, 0xff, 0xfe,
    0x7f, 0xff, 0xf3, 0x33, 0x34, 0xaf, 0xff, 0xfc,
    0x7f, 0xff, 0xff, 0xff, 0xff, 0xff, 0xff, 0xf8,
    0x7f, 0xff, 0xff, 0xff, 0xff, 0xff, 0xff, 0xe1,
    0x7f, 0xff, 0xff, 0xff, 0xff, 0xff, 0xfe, 0x30,
    0x7f, 0xff, 0xff, 0xff, 0xff, 0xec, 0x71, 0x0,

    /* U+0043 "C" */
    0x0, 0x0, 0x0, 0x6b, 0xef, 0xfe, 0xa4, 0x0,
    0x0, 0x0, 0x0, 0x4e, 0xff, 0xff, 0xff, 0xff,
    0xc1, 0x0, 0x0, 0x7, 0xff, 0xff, 0xff, 0xff,
    0xff, 0xfe, 0x20, 0x0, 0x4f, 0xff, 0xff, 0xff,
    0xff, 0xff, 0xff, 0xc0, 0x0, 0xef, 0xff, 0xff,
    0x96, 0x6a, 0xff, 0xff, 0xf3, 0x6, 0xff, 0xff,
    0xc1, 0x0, 0x0, 0x2e, 0xfb, 0x20, 0xc, 0xff,
    0xff, 0x20, 0x0, 0x0, 0x3, 0x50, 0x0, 0xf,
    0xff, 0xfb, 0x0, 0x0, 0x0, 0x0, 0x0, 0x0,
    0x1f, 0xff, 0xf8, 0x0, 0x0, 0x0, 0x0, 0x0,
    0x0, 0x2f, 0xff, 0xf7, 0x0, 0x0, 0x0, 0x0,
    0x0, 0x0, 0x1f, 0xff, 0xf8, 0x0, 0x0, 0x0,
    0x0, 0x0, 0x0, 0xf, 0xff, 0xfb, 0x0, 0x0,
    0x0, 0x0, 0x0, 0x0, 0xb, 0xff, 0xff, 0x20,
    0x0, 0x0, 0x2, 0x40, 0x0, 0x6, 0xff, 0xff,
    0xd1, 0x0, 0x0, 0x2d, 0xf9, 0x0, 0x0, 0xef,
    0xff, 0xff, 0x96, 0x69, 0xff, 0xff, 0xd2, 0x0,
    0x3f, 0xff, 0xff, 0xff, 0xff, 0xff, 0xff, 0xe1,
    0x0, 0x6, 0xff, 0xff, 0xff, 0xff, 0xff, 0xfe,
    0x30, 0x0, 0x0, 0x3e, 0xff, 0xff, 0xff, 0xff,
    0xd2, 0x0, 0x0, 0x0, 0x0, 0x5a, 0xef, 0xfe,
    0xb5, 0x0, 0x0,

    /* U+0044 "D" */
    0x7f, 0xff, 0xff, 0xff, 0xfe, 0xb7, 0x10, 0x0,
    0x0, 0x7f, 0xff, 0xff, 0xff, 0xff, 0xff, 0xf9,
    0x0, 0x0, 0x7f, 0xff, 0xff, 0xff, 0xff, 0xff,
    0xff, 0xc0, 0x0, 0x7f, 0xff, 0xff, 0xff, 0xff,
    0xff, 0xff, 0xfa, 0x0, 0x7f, 0xff, 0xf5, 0x55,
    0x69, 0xef, 0xff, 0xff, 0x40, 0x7f, 0xff, 0xf0,
    0x0, 0x0, 0xa, 0xff, 0xff, 0xb0, 0x7f, 0xff,
    0xf0, 0x0, 0x0, 0x0, 0xdf, 0xff, 0xf0, 0x7f,
    0xff, 0xf0, 0x0, 0x0, 0x0, 0x7f, 0xff, 0xf3,
    0x7f, 0xff, 0xf0, 0x0, 0x0, 0x0, 0x3f, 0xff,
    0xf5, 0x7f, 0xff, 0xf0, 0x0, 0x0, 0x0, 0x2f,
    0xff, 0xf6, 0x7f, 0xff, 0xf0, 0x0, 0x0, 0x0,
    0x3f, 0xff, 0xf5, 0x7f, 0xff, 0xf0, 0x0, 0x0,
    0x0, 0x7f, 0xff, 0xf3, 0x7f, 0xff, 0xf0, 0x0,
    0x0, 0x0, 0xdf, 0xff, 0xf0, 0x7f, 0xff, 0xf0,
    0x0, 0x0, 0xb, 0xff, 0xff, 0xb0, 0x7f, 0xff,
    0xf5, 0x55, 0x69, 0xef, 0xff, 0xff, 0x30, 0x7f,
    0xff, 0xff, 0xff, 0xff, 0xff, 0xff, 0xf9, 0x0,
    0x7f, 0xff, 0xff, 0xff, 0xff, 0xff, 0xff, 0xb0,
    0x0, 0x7f, 0xff, 0xff, 0xff, 0xff, 0xff, 0xf7,
    0x0, 0x0, 0x7f, 0xff, 0xff, 0xff, 0xfd, 0xb6,
    0x10, 0x0, 0x0,

    /* U+0045 "E" */
    0x7f, 0xff, 0xff, 0xff, 0xff, 0xff, 0xf6, 0x7f,
    0xff, 0xff, 0xff, 0xff, 0xff, 0xf6, 0x7f, 0xff,
    0xff, 0xff, 0xff, 0xff, 0xf6, 0x7f, 0xff, 0xff,
    0xff, 0xff, 0xff, 0xf6, 0x7f, 0xff, 0xf3, 0x33,
    0x33, 0x33, 0x31, 0x7f, 0xff, 0xf0, 0x0, 0x0,
    0x0, 0x0, 0x7f, 0xff, 0xf3, 0x33, 0x33, 0x33,
    0x30, 0x7f, 0xff, 0xff, 0xff, 0xff, 0xff, 0xf0,
    0x7f, 0xff, 0xff, 0xff, 0xff, 0xff, 0xf0, 0x7f,
    0xff, 0xff, 0xff, 0xff, 0xff, 0xf0, 0x7f, 0xff,
    0xff, 0xff, 0xff, 0xff, 0xf0, 0x7f, 0xff, 0xf0,
    0x0, 0x0, 0x0, 0x0, 0x7f, 0xff, 0xf0, 0x0,
    0x0, 0x0, 0x0, 0x7f, 0xff, 0xf0, 0x0, 0x0,
    0x0, 0x0, 0x7f, 0xff, 0xf3, 0x33, 0x33, 0x33,
    0x32, 0x7f, 0xff, 0xff, 0xff, 0xff, 0xff, 0xfb,
    0x7f, 0xff, 0xff, 0xff, 0xff, 0xff, 0xfb, 0x7f,
    0xff, 0xff, 0xff, 0xff, 0xff, 0xfb, 0x7f, 0xff,
    0xff, 0xff, 0xff, 0xff, 0xfb,

    /* U+0046 "F" */
    0x7f, 0xff, 0xff, 0xff, 0xff, 0xff, 0xf3, 0x7f,
    0xff, 0xff, 0xff, 0xff, 0xff, 0xf3, 0x7f, 0xff,
    0xff, 0xff, 0xff, 0xff, 0xf3, 0x7f, 0xff, 0xff,
    0xff, 0xff, 0xff, 0xf3, 0x7f, 0xff, 0xf5, 0x55,
    0x55, 0x55, 0x51, 0x7f, 0xff, 0xf0, 0x0, 0x0,
    0x0, 0x0, 0x7f, 0xff, 0xf0, 0x0, 0x0, 0x0,
    0x0, 0x7f, 0xff, 0xf5, 0x55, 0x55, 0x55, 0x30,
    0x7f, 0xff, 0xff, 0xff, 0xff, 0xff, 0xa0, 0x7f,
    0xff, 0xff, 0xff, 0xff, 0xff, 0xa0, 0x7f, 0xff,
    0xff, 0xff, 0xff, 0xff, 0xa0, 0x7f, 0xff, 0xff,
    0xff, 0xff, 0xff, 0xa0, 0x7f, 0xff, 0xf0, 0x0,
    0x0, 0x0, 0x0, 0x7f, 0xff, 0xf0, 0x0, 0x0,
    0x0, 0x0, 0x7f, 0xff, 0xf0, 0x0, 0x0, 0x0,
    0x0, 0x7f, 0xff, 0xf0, 0x0, 0x0, 0x0, 0x0,
    0x7f, 0xff, 0xf0, 0x0, 0x0, 0x0, 0x0, 0x7f,
    0xff, 0xf0, 0x0, 0x0, 0x0, 0x0, 0x7f, 0xff,
    0xf0, 0x0, 0x0, 0x0, 0x0,

    /* U+0047 "G" */
    0x0, 0x0, 0x0, 0x5a, 0xdf, 0xfd, 0xb6, 0x10,
    0x0, 0x0, 0x0, 0x3e, 0xff, 0xff, 0xff, 0xff,
    0xe4, 0x0, 0x0, 0x6, 0xff, 0xff, 0xff, 0xff,
    0xff, 0xff, 0x50, 0x0, 0x4f, 0xff, 0xff, 0xff,
    0xff, 0xff, 0xff, 0xe1, 0x0, 0xef, 0xff, 0xff,
    0xa6, 0x68, 0xdf, 0xfe, 0x70, 0x7, 0xff, 0xff,
    0xd2, 0x0, 0x0, 0x6, 0x60, 0x0, 0xc, 0xff,
    0xff, 0x20, 0x0, 0x0, 0x0, 0x0, 0x0, 0xf,
    0xff, 0xfb, 0x0, 0x0, 0xff, 0xff, 0xff, 0xf9,
    0x1f, 0xff, 0xf7, 0x0, 0x0, 0xff, 0xff, 0xff,
    0xf9, 0x2f, 0xff, 0xf7, 0x0, 0x0, 0xff, 0xff,
    0xff, 0xf9, 0x1f, 0xff, 0xf7, 0x0, 0x0, 0xff,
    0xff, 0xff, 0xf9, 0xf, 0xff, 0xfb, 0x0, 0x0,
    0x33, 0x3b, 0xff, 0xf9, 0xc, 0xff, 0xff, 0x10,
    0x0, 0x0, 0xa, 0xff, 0xf9, 0x7, 0xff, 0xff,
    0xc1, 0x0, 0x0, 0x1d, 0xff, 0xf9, 0x1, 0xef,
    0xff, 0xff, 0x96, 0x68, 0xef, 0xff, 0xf9, 0x0,
    0x4f, 0xff, 0xff, 0xff, 0xff, 0xff, 0xff, 0xf6,
    0x0, 0x7, 0xff, 0xff, 0xff, 0xff, 0xff, 0xff,
    0x80, 0x0, 0x0, 0x4e, 0xff, 0xff, 0xff, 0xff,
    0xe5, 0x0, 0x0, 0x0, 0x0, 0x6b, 0xef, 0xfd,
    0xb6, 0x0, 0x0,

    /* U+0048 "H" */
    0x7f, 0xff, 0xf0, 0x0, 0x0, 0x0, 0x6f, 0xff,
    0xf1, 0x7f, 0xff, 0xf0, 0x0, 0x0, 0x0, 0x6f,
    0xff, 0xf1, 0x7f, 0xff, 0xf0, 0x0, 0x0, 0x0,
    0x6f, 0xff, 0xf1, 0x7f, 0xff, 0xf0, 0x0, 0x0,
    0x0, 0x6f, 0xff, 0xf1, 0x7f, 0xff, 0xf0, 0x0,
    0x0, 0x0, 0x6f, 0xff, 0xf1, 0x7f, 0xff, 0xf0,
    0x0, 0x0, 0x0, 0x6f, 0xff, 0xf1, 0x7f, 0xff,
    0xf5, 0x55, 0x55, 0x55, 0x9f, 0xff, 0xf1, 0x7f,
    0xff, 0xff, 0xff, 0xff, 0xff, 0xff, 0xff, 0xf1,
    0x7f, 0xff, 0xff, 0xff, 0xff, 0xff, 0xff, 0xff,
    0xf1, 0x7f, 0xff, 0xff, 0xff, 0xff, 0xff, 0xff,
    0xff, 0xf1, 0x7f, 0xff, 0xff, 0xff, 0xff, 0xff,
    0xff, 0xff, 0xf1, 0x7f, 0xff, 0xf0, 0x0, 0x0,
    0x0, 0x6f, 0xff, 0xf1, 0x7f, 0xff, 0xf0, 0x0,
    0x0, 0x0, 0x6f, 0xff, 0xf1, 0x7f, 0xff, 0xf0,
    0x0, 0x0, 0x0, 0x6f, 0xff, 0xf1, 0x7f, 0xff,
    0xf0, 0x0, 0x0, 0x0, 0x6f, 0xff, 0xf1, 0x7f,
    0xff, 0xf0, 0x0, 0x0, 0x0, 0x6f, 0xff, 0xf1,
    0x7f, 0xff, 0xf0, 0x0, 0x0, 0x0, 0x6f, 0xff,
    0xf1, 0x7f, 0xff, 0xf0, 0x0, 0x0, 0x0, 0x6f,
    0xff, 0xf1, 0x7f, 0xff, 0xf0, 0x0, 0x0, 0x0,
    0x6f, 0xff, 0xf1,

    /* U+0049 "I" */
    0x7f, 0xff, 0xf7, 0xff, 0xff, 0x7f, 0xff, 0xf7,
    0xff, 0xff, 0x7f, 0xff, 0xf7, 0xff, 0xff, 0x7f,
    0xff, 0xf7, 0xff, 0xff, 0x7f, 0xff, 0xf7, 0xff,
    0xff, 0x7f, 0xff, 0xf7, 0xff, 0xff, 0x7f, 0xff,
    0xf7, 0xff, 0xff, 0x7f, 0xff, 0xf7, 0xff, 0xff,
    0x7f, 0xff, 0xf7, 0xff, 0xff, 0x7f, 0xff, 0xf0,

    /* U+004A "J" */
    0x0, 0x0, 0x0, 0x1, 0xff, 0xff, 0x60, 0x0,
    0x0, 0x0, 0x1f, 0xff, 0xf6, 0x0, 0x0, 0x0,
    0x1, 0xff, 0xff, 0x60, 0x0, 0x0, 0x0, 0x1f,
    0xff, 0xf6, 0x0, 0x0, 0x0, 0x1, 0xff, 0xff,
    0x60, 0x0, 0x0, 0x0, 0x1f, 0xff, 0xf6, 0x0,
    0x0, 0x0, 0x1, 0xff, 0xff, 0x60, 0x0, 0x0,
    0x0, 0x1f, 0xff, 0xf6, 0x0, 0x0, 0x0, 0x1,
    0xff, 0xff, 0x60, 0x0, 0x0, 0x0, 0x1f, 0xff,
    0xf6, 0x0, 0x0, 0x0, 0x1, 0xff, 0xff, 0x60,
    0x0, 0x0, 0x0, 0x1f, 0xff, 0xf6, 0x0, 0x3,
    0x0, 0x1, 0xff, 0xff, 0x60, 0x2c, 0xf2, 0x0,
    0x4f, 0xff, 0xf5, 0x7f, 0xff, 0xe7, 0x6e, 0xff,
    0xff, 0x3c, 0xff, 0xff, 0xff, 0xff, 0xff, 0xe0,
    0x3f, 0xff, 0xff, 0xff, 0xff, 0xf7, 0x0, 0x5f,
    0xff, 0xff, 0xff, 0xf9, 0x0, 0x0, 0x18, 0xdf,
    0xfe, 0xa3, 0x0, 0x0,

    /* U+004B "K" */
    0x7f, 0xff, 0xf0, 0x0, 0x0, 0x8, 0xff, 0xff,
    0xe2, 0x7f, 0xff, 0xf0, 0x0, 0x0, 0x6f, 0xff,
    0xfe, 0x20, 0x7f, 0xff, 0xf0, 0x0, 0x5, 0xff,
    0xff, 0xe2, 0x0, 0x7f, 0xff, 0xf0, 0x0, 0x4f,
    0xff, 0xff, 0x30, 0x0, 0x7f, 0xff, 0xf0, 0x3,
    0xff, 0xff, 0xf3, 0x0, 0x0, 0x7f, 0xff, 0xf0,
    0x2e, 0xff, 0xff, 0x40, 0x0, 0x0, 0x7f, 0xff,
    0xf1, 0xef, 0xff, 0xf4, 0x0, 0x0, 0x0, 0x7f,
    0xff, 0xfd, 0xff, 0xff, 0xa0, 0x0, 0x0, 0x0,
    0x7f, 0xff, 0xff, 0xff, 0xff, 0xf2, 0x0, 0x0,
    0x0, 0x7f, 0xff, 0xff, 0xff, 0xff, 0xfc, 0x0,
    0x0, 0x0, 0x7f, 0xff, 0xff, 0xff, 0xff, 0xff,
    0x60, 0x0, 0x0, 0x7f, 0xff, 0xff, 0x75, 0xff,
    0xff, 0xf1, 0x0, 0x0, 0x7f, 0xff, 0xf8, 0x0,
    0xbf, 0xff, 0xfb, 0x0, 0x0, 0x7f, 0xff, 0xf0,
    0x0, 0x2f, 0xff, 0xff, 0x50, 0x0, 0x7f, 0xff,
    0xf0, 0x0, 0x8, 0xff, 0xff, 0xe0, 0x0, 0x7f,
    0xff, 0xf0, 0x0, 0x0, 0xef, 0xff, 0xf9, 0x0,
    0x7f, 0xff, 0xf0, 0x0, 0x0, 0x5f, 0xff, 0xff,
    0x30, 0x7f, 0xff, 0xf0, 0x0, 0x0, 0xb, 0xff,
    0xff, 0xd0, 0x7f, 0xff, 0xf0, 0x0, 0x0, 0x2,
    0xff, 0xff, 0xf7,

    /* U+004C "L" */
    0x7f, 0xff, 0xf0, 0x0, 0x0, 0x0, 0x0, 0x7f,
    0xff, 0xf0, 0x0, 0x0, 0x0, 0x0, 0x7f, 0xff,
    0xf0, 0x0, 0x0, 0x0, 0x0, 0x7f, 0xff, 0xf0,
    0x0, 0x0, 0x0, 0x0, 0x7f, 0xff, 0xf0, 0x0,
    0x0, 0x0, 0x0, 0x7f, 0xff, 0xf0, 0x0, 0x0,
    0x0, 0x0, 0x7f, 0xff, 0xf0, 0x0, 0x0, 0x0,
    0x0, 0x7f, 0xff, 0xf0, 0x0, 0x0, 0x0, 0x0,
    0x7f, 0xff, 0xf0, 0x0, 0x0, 0x0, 0x0, 0x7f,
    0xff, 0xf0, 0x0, 0x0, 0x0, 0x0, 0x7f, 0xff,
    0xf0, 0x0, 0x0, 0x0, 0x0, 0x7f, 0xff, 0xf0,
    0x0, 0x0, 0x0, 0x0, 0x7f, 0xff, 0xf0, 0x0,
    0x0, 0x0, 0x0, 0x7f, 0xff, 0xf0, 0x0, 0x0,
    0x0, 0x0, 0x7f, 0xff, 0xf3, 0x33, 0x33, 0x33,
    0x32, 0x7f, 0xff, 0xff, 0xff, 0xff, 0xff, 0xfb,
    0x7f, 0xff, 0xff, 0xff, 0xff, 0xff, 0xfb, 0x7f,
    0xff, 0xff, 0xff, 0xff, 0xff, 0xfb, 0x7f, 0xff,
    0xff, 0xff, 0xff, 0xff, 0xfb,

    /* U+004D "M" */
    0x7f, 0xff, 0xc0, 0x0, 0x0, 0x0, 0x0, 0x0,
    0x7f, 0xff, 0xc7, 0xff, 0xff, 0x70, 0x0, 0x0,
    0x0, 0x0, 0x2f, 0xff, 0xfc, 0x7f, 0xff, 0xff,
    0x20, 0x0, 0x0, 0x0, 0xc, 0xff, 0xff, 0xc7,
    0xff, 0xff, 0xfc, 0x0, 0x0, 0x0, 0x7, 0xff,
    0xff, 0xfc, 0x7f, 0xff, 0xff, 0xf6, 0x0, 0x0,
    0x2, 0xff, 0xff, 0xff, 0xc7, 0xff, 0xff, 0xff,
    0xf1, 0x0, 0x0, 0xbf, 0xff, 0xff, 0xfc, 0x7f,
    0xff, 0xff, 0xff, 0xb0, 0x0, 0x6f, 0xff, 0xff,
    0xff, 0xc7, 0xff, 0xff, 0xff, 0xff, 0x50, 0x1e,
    0xff, 0xff, 0xff, 0xfc, 0x7f, 0xff, 0xec, 0xff,
    0xfe, 0x1a, 0xff, 0xff, 0xaf, 0xff, 0xc7, 0xff,
    0xfd, 0x2f, 0xff, 0xfd, 0xff, 0xff, 0x68, 0xff,
    0xfc, 0x7f, 0xff, 0xd0, 0x7f, 0xff, 0xff, 0xff,
    0xb0, 0x8f, 0xff, 0xc7, 0xff, 0xfd, 0x0, 0xcf,
    0xff, 0xff, 0xf2, 0x8, 0xff, 0xfc, 0x7f, 0xff,
    0xd0, 0x2, 0xff, 0xff, 0xf6, 0x0, 0x8f, 0xff,
    0xc7, 0xff, 0xfd, 0x0, 0x7, 0xff, 0xfc, 0x0,
    0x8, 0xff, 0xfc, 0x7f, 0xff, 0xd0, 0x0, 0x2,
    0x22, 0x10, 0x0, 0x8f, 0xff, 0xc7, 0xff, 0xfd,
    0x0, 0x0, 0x0, 0x0, 0x0, 0x8, 0xff, 0xfc,
    0x7f, 0xff, 0xd0, 0x0, 0x0, 0x0, 0x0, 0x0,
    0x8f, 0xff, 0xc7, 0xff, 0xfd, 0x0, 0x0, 0x0,
    0x0, 0x0, 0x8, 0xff, 0xfc, 0x7f, 0xff, 0xd0,
    0x0, 0x0, 0x0, 0x0, 0x0, 0x8f, 0xff, 0xc0,

    /* U+004E "N" */
    0x7f, 0xff, 0xb0, 0x0, 0x0, 0x0, 0xcf, 0xff,
    0x87, 0xff, 0xff, 0x70, 0x0, 0x0, 0xc, 0xff,
    0xf8, 0x7f, 0xff, 0xff, 0x20, 0x0, 0x0, 0xcf,
    0xff, 0x87, 0xff, 0xff, 0xfd, 0x0, 0x0, 0xc,
    0xff, 0xf8, 0x7f, 0xff, 0xff, 0xf8, 0x0, 0x0,
    0xcf, 0xff, 0x87, 0xff, 0xff, 0xff, 0xf4, 0x0,
    0xc, 0xff, 0xf8, 0x7f, 0xff, 0xff, 0xff, 0xe1,
    0x0, 0xcf, 0xff, 0x87, 0xff, 0xff, 0xff, 0xff,
    0xa0, 0xc, 0xff, 0xf8, 0x7f, 0xff, 0xcb, 0xff,
    0xff, 0x50, 0xcf, 0xff, 0x87, 0xff, 0xfc, 0x1e,
    0xff, 0xff, 0x1c, 0xff, 0xf8, 0x7f, 0xff, 0xc0,
    0x4f, 0xff, 0xfc, 0xcf, 0xff, 0x87, 0xff, 0xfc,
    0x0, 0x8f, 0xff, 0xff, 0xff, 0xf8, 0x7f, 0xff,
    0xc0, 0x0, 0xcf, 0xff, 0xff, 0xff, 0x87, 0xff,
    0xfc, 0x0, 0x2, 0xff, 0xff, 0xff, 0xf8, 0x7f,
    0xff, 0xc0, 0x0, 0x6, 0xff, 0xff, 0xff, 0x87,
    0xff, 0xfc, 0x0, 0x0, 0xa, 0xff, 0xff, 0xf8,
    0x7f, 0xff, 0xc0, 0x0, 0x0, 0xe, 0xff, 0xff,
    0x87, 0xff, 0xfc, 0x0, 0x0, 0x0, 0x3f, 0xff,
    0xf8, 0x7f, 0xff, 0xc0, 0x0, 0x0, 0x0, 0x7f,
    0xff, 0x80,

    /* U+004F "O" */
    0x0, 0x0, 0x1, 0x7b, 0xef, 0xfd, 0xa5, 0x0,
    0x0, 0x0, 0x0, 0x6, 0xff, 0xff, 0xff, 0xff,
    0xfd, 0x30, 0x0, 0x0, 0x9, 0xff, 0xff, 0xff,
    0xff, 0xff, 0xff, 0x50, 0x0, 0x6, 0xff, 0xff,
    0xff, 0xff, 0xff, 0xff, 0xff, 0x20, 0x1, 0xff,
    0xff, 0xfe, 0x86, 0x6a, 0xff, 0xff, 0xfb, 0x0,
    0x7f, 0xff, 0xfc, 0x10, 0x0, 0x3, 0xff, 0xff,
    0xf2, 0xc, 0xff, 0xff, 0x10, 0x0, 0x0, 0x6,
    0xff, 0xff, 0x70, 0xff, 0xff, 0xb0, 0x0, 0x0,
    0x0, 0xf, 0xff, 0xfa, 0x1f, 0xff, 0xf7, 0x0,
    0x0, 0x0, 0x0, 0xdf, 0xff, 0xc2, 0xff, 0xff,
    0x60, 0x0, 0x0, 0x0, 0xc, 0xff, 0xfc, 0x1f,
    0xff, 0xf7, 0x0, 0x0, 0x0, 0x0, 0xdf, 0xff,
    0xc0, 0xff, 0xff, 0xa0, 0x0, 0x0, 0x0, 0xf,
    0xff, 0xfa, 0xc, 0xff, 0xff, 0x10, 0x0, 0x0,
    0x6, 0xff, 0xff, 0x70, 0x8f, 0xff, 0xfc, 0x0,
    0x0, 0x3, 0xff, 0xff, 0xf2, 0x1, 0xff, 0xff,
    0xfe, 0x85, 0x6a, 0xff, 0xff, 0xfb, 0x0, 0x6,
    0xff, 0xff, 0xff, 0xff, 0xff, 0xff, 0xff, 0x20,
    0x0, 0x9, 0xff, 0xff, 0xff, 0xff, 0xff, 0xff,
    0x50, 0x0, 0x0, 0x6, 0xff, 0xff, 0xff, 0xff,
    0xfd, 0x30, 0x0, 0x0, 0x0, 0x1, 0x7c, 0xef,
    0xfd, 0xa5, 0x0, 0x0, 0x0,

    /* U+0050 "P" */
    0x7f, 0xff, 0xff, 0xff, 0xfe, 0xb6, 0x0, 0x0,
    0x7f, 0xff, 0xff, 0xff, 0xff, 0xff, 0xe3, 0x0,
    0x7f, 0xff, 0xff, 0xff, 0xff, 0xff, 0xff, 0x20,
    0x7f, 0xff, 0xff, 0xff, 0xff, 0xff, 0xff, 0xb0,
    0x7f, 0xff, 0xf3, 0x33, 0x49, 0xff, 0xff, 0xf1,
    0x7f, 0xff, 0xf0, 0x0, 0x0, 0x8f, 0xff, 0xf4,
    0x7f, 0xff, 0xf0, 0x0, 0x0, 0x4f, 0xff, 0xf5,
    0x7f, 0xff, 0xf0, 0x0, 0x0, 0x8f, 0xff, 0xf4,
    0x7f, 0xff, 0xf3, 0x33, 0x49, 0xff, 0xff, 0xf1,
    0x7f, 0xff, 0xff, 0xff, 0xff, 0xff, 0xff, 0xb0,
    0x7f, 0xff, 0xff, 0xff, 0xff, 0xff, 0xff, 0x30,
    0x7f, 0xff, 0xff, 0xff, 0xff, 0xff, 0xe4, 0x0,
    0x7f, 0xff, 0xff, 0xff, 0xfe, 0xc7, 0x10, 0x0,
    0x7f, 0xff, 0xf0, 0x0, 0x0, 0x0, 0x0, 0x0,
    0x7f, 0xff, 0xf0, 0x0, 0x0, 0x0, 0x0, 0x0,
    0x7f, 0xff, 0xf0, 0x0, 0x0, 0x0, 0x0, 0x0,
    0x7f, 0xff, 0xf0, 0x0, 0x0, 0x0, 0x0, 0x0,
    0x7f, 0xff, 0xf0, 0x0, 0x0, 0x0, 0x0, 0x0,
    0x7f, 0xff, 0xf0, 0x0, 0x0, 0x0, 0x0, 0x0,

    /* U+0051 "Q" */
    0x0, 0x0, 0x1, 0x7b, 0xef, 0xfd, 0xa5, 0x0,
    0x0, 0x0, 0x0, 0x6, 0xff, 0xff, 0xff, 0xff,
    0xfe, 0x30, 0x0, 0x0, 0x9, 0xff, 0xff, 0xff,
    0xff, 0xff, 0xff, 0x50, 0x0, 0x6, 0xff, 0xff,
    0xff, 0xff, 0xff, 0xff, 0xff, 0x20, 0x1, 0xff,
    0xff, 0xfe, 0x86, 0x6a, 0xff, 0xff, 0xfc, 0x0,
    0x7f, 0xff, 0xfc, 0x10, 0x0, 0x3, 0xff, 0xff,
    0xf3, 0xc, 0xff, 0xff, 0x10, 0x0, 0x0, 0x6,
    0xff, 0xff, 0x70, 0xff, 0xff, 0xb0, 0x0, 0x0,
    0x0, 0xf, 0xff, 0xfa, 0x1f, 0xff, 0xf7, 0x0,
    0x0, 0x0, 0x0, 0xdf, 0xff, 0xc2, 0xff, 0xff,
    0x60, 0x0, 0x0, 0x0, 0xc, 0xff, 0xfc, 0x1f,
    0xff, 0xf7, 0x0, 0x0, 0x0, 0x0, 0xdf, 0xff,
    0xb0, 0xff, 0xff, 0xa0, 0x0, 0x0, 0x0, 0xf,
    0xff, 0xfa, 0xc, 0xff, 0xff, 0x10, 0x0, 0x0,
    0x6, 0xff, 0xff, 0x60, 0x8f, 0xff, 0xfc, 0x0,
    0x0, 0x3, 0xff, 0xff, 0xf1, 0x1, 0xff, 0xff,
    0xfe, 0x85, 0x6a, 0xff, 0xff, 0xfa, 0x0, 0x6,
    0xff, 0xff, 0xff, 0xff, 0xff, 0xff, 0xff, 0x10,
    0x0, 0x9, 0xff, 0xff, 0xff, 0xff, 0xff, 0xff,
    0xf5, 0x0, 0x0, 0x6, 0xff, 0xff, 0xff, 0xff,
    0xff, 0xff, 0xf3, 0x0, 0x0, 0x1, 0x7c, 0xef,
    0xfd, 0xad, 0xff, 0xff, 0xa0, 0x0, 0x0, 0x0,
    0x0, 0x0, 0x0, 0x2e, 0xff, 0xb0, 0x0, 0x0,
    0x0, 0x0, 0x0, 0x0, 0x0, 0x4f, 0x90, 0x0,
    0x0, 0x0, 0x0, 0x0, 0x0, 0x0, 0x0, 0x30,
    0x0,

    /* U+0052 "R" */
    0x7f, 0xff, 0xff, 0xff, 0xfe, 0xb6, 0x0, 0x0,
    0x7, 0xff, 0xff, 0xff, 0xff, 0xff, 0xfd, 0x30,
    0x0, 0x7f, 0xff, 0xff, 0xff, 0xff, 0xff, 0xfe,
    0x10, 0x7, 0xff, 0xff, 0xff, 0xff, 0xff, 0xff,
    0xf9, 0x0, 0x7f, 0xff, 0xf3, 0x33, 0x49, 0xff,
    0xff, 0xe0, 0x7, 0xff, 0xff, 0x0, 0x0, 0x9,
    0xff, 0xff, 0x10, 0x7f, 0xff, 0xf0, 0x0, 0x0,
    0x8f, 0xff, 0xf1, 0x7, 0xff, 0xff, 0x0, 0x1,
    0x6f, 0xff, 0xff, 0x0, 0x7f, 0xff, 0xff, 0xff,
    0xff, 0xff, 0xff, 0xa0, 0x7, 0xff, 0xff, 0xff,
    0xff, 0xff, 0xff, 0xf3, 0x0, 0x7f, 0xff, 0xff,
    0xff, 0xff, 0xff, 0xf5, 0x0, 0x7, 0xff, 0xff,
    0xff, 0xff, 0xff, 0xf3, 0x0, 0x0, 0x7f, 0xff,
    0xf3, 0x36, 0xff, 0xff, 0x80, 0x0, 0x7, 0xff,
    0xff, 0x0, 0xd, 0xff, 0xff, 0x20, 0x0, 0x7f,
    0xff, 0xf0, 0x0, 0x5f, 0xff, 0xfa, 0x0, 0x7,
    0xff, 0xff, 0x0, 0x0, 0xdf, 0xff, 0xf3, 0x0,
    0x7f, 0xff, 0xf0, 0x0, 0x5, 0xff, 0xff, 0xb0,
    0x7, 0xff, 0xff, 0x0, 0x0, 0xd, 0xff, 0xff,
    0x40, 0x7f, 0xff, 0xf0, 0x0, 0x0, 0x5f, 0xff,
    0xfd, 0x0,

    /* U+0053 "S" */
    0x0, 0x0, 0x28, 0xce, 0xfe, 0xb6, 0x0, 0x0,
    0x0, 0x9, 0xff, 0xff, 0xff, 0xff, 0xe3, 0x0,
    0x0, 0xbf, 0xff, 0xff, 0xff, 0xff, 0xff, 0x40,
    0x6, 0xff, 0xff, 0xff, 0xff, 0xff, 0xff, 0xe0,
    0xc, 0xff, 0xff, 0xb5, 0x46, 0xcf, 0xff, 0xe3,
    0xe, 0xff, 0xfc, 0x0, 0x0, 0x9, 0xf9, 0x10,
    0xc, 0xff, 0xfd, 0x10, 0x0, 0x0, 0x20, 0x0,
    0x7, 0xff, 0xff, 0xe9, 0x40, 0x0, 0x0, 0x0,
    0x0, 0xcf, 0xff, 0xff, 0xff, 0xc7, 0x10, 0x0,
    0x0, 0x9, 0xff, 0xff, 0xff, 0xff, 0xf7, 0x0,
    0x0, 0x0, 0x17, 0xcf, 0xff, 0xff, 0xff, 0x90,
    0x0, 0x0, 0x0, 0x0, 0x5a, 0xff, 0xff, 0xf3,
    0x0, 0x6, 0x20, 0x0, 0x0, 0x3f, 0xff, 0xf8,
    0x3, 0xcf, 0xc1, 0x0, 0x0, 0xf, 0xff, 0xf9,
    0x4f, 0xff, 0xfe, 0x74, 0x36, 0xcf, 0xff, 0xf7,
    0xd, 0xff, 0xff, 0xff, 0xff, 0xff, 0xff, 0xf2,
    0x3, 0xef, 0xff, 0xff, 0xff, 0xff, 0xff, 0x70,
    0x0, 0x2c, 0xff, 0xff, 0xff, 0xff, 0xf7, 0x0,
    0x0, 0x0, 0x5a, 0xdf, 0xfe, 0xb7, 0x10, 0x0,

    /* U+0054 "T" */
    0x6f, 0xff, 0xff, 0xff, 0xff, 0xff, 0xff, 0xf7,
    0x6f, 0xff, 0xff, 0xff, 0xff, 0xff, 0xff, 0xf7,
    0x6f, 0xff, 0xff, 0xff, 0xff, 0xff, 0xff, 0xf7,
    0x6f, 0xff, 0xff, 0xff, 0xff, 0xff, 0xff, 0xf7,
    0x25, 0x55, 0x57, 0xff, 0xff, 0x85, 0x55, 0x52,
    0x0, 0x0, 0x3, 0xff, 0xff, 0x40, 0x0, 0x0,
    0x0, 0x0, 0x3, 0xff, 0xff, 0x40, 0x0, 0x0,
    0x0, 0x0, 0x3, 0xff, 0xff, 0x40, 0x0, 0x0,
    0x0, 0x0, 0x3, 0xff, 0xff, 0x40, 0x0, 0x0,
    0x0, 0x0, 0x3, 0xff, 0xff, 0x40, 0x0, 0x0,
    0x0, 0x0, 0x3, 0xff, 0xff, 0x40, 0x0, 0x0,
    0x0, 0x0, 0x3, 0xff, 0xff, 0x40, 0x0, 0x0,
    0x0, 0x0, 0x3, 0xff, 0xff, 0x40, 0x0, 0x0,
    0x0, 0x0, 0x3, 0xff, 0xff, 0x40, 0x0, 0x0,
    0x0, 0x0, 0x3, 0xff, 0xff, 0x40, 0x0, 0x0,
    0x0, 0x0, 0x3, 0xff, 0xff, 0x40, 0x0, 0x0,
    0x0, 0x0, 0x3, 0xff, 0xff, 0x40, 0x0, 0x0,
    0x0, 0x0, 0x3, 0xff, 0xff, 0x40, 0x0, 0x0,
    0x0, 0x0, 0x3, 0xff, 0xff, 0x40, 0x0, 0x0,

    /* U+0055 "U" */
    0x7f, 0xff, 0xf0, 0x0, 0x0, 0x4, 0xff, 0xff,
    0x37, 0xff, 0xff, 0x0, 0x0, 0x0, 0x4f, 0xff,
    0xf3, 0x7f, 0xff, 0xf0, 0x0, 0x0, 0x4, 0xff,
    0xff, 0x37, 0xff, 0xff, 0x0, 0x0, 0x0, 0x4f,
    0xff, 0xf3, 0x7f, 0xff, 0xf0, 0x0, 0x0, 0x4,
    0xff, 0xff, 0x37, 0xff, 0xff, 0x0, 0x0, 0x0,
    0x4f, 0xff, 0xf3, 0x7f, 0xff, 0xf0, 0x0, 0x0,
    0x4, 0xff, 0xff, 0x37, 0xff, 0xff, 0x0, 0x0,
    0x0, 0x4f, 0xff, 0xf3, 0x7f, 0xff, 0xf0, 0x0,
    0x0, 0x4, 0xff, 0xff, 0x37, 0xff, 0xff, 0x0,
    0x0, 0x0, 0x4f, 0xff, 0xf3, 0x7f, 0xff, 0xf0,
    0x0, 0x0, 0x4, 0xff, 0xff, 0x37, 0xff, 0xff,
    0x10, 0x0, 0x0, 0x5f, 0xff, 0xf2, 0x6f, 0xff,
    0xf4, 0x0, 0x0, 0x8, 0xff, 0xff, 0x13, 0xff,
    0xff, 0xc0, 0x0, 0x1, 0xef, 0xff, 0xf0, 0xf,
    0xff, 0xff, 0xd7, 0x68, 0xef, 0xff, 0xfa, 0x0,
    0x8f, 0xff, 0xff, 0xff, 0xff, 0xff, 0xff, 0x30,
    0x0, 0xcf, 0xff, 0xff, 0xff, 0xff, 0xff, 0x80,
    0x0, 0x0, 0xaf, 0xff, 0xff, 0xff, 0xff, 0x70,
    0x0, 0x0, 0x0, 0x39, 0xdf, 0xfe, 0xc8, 0x10,
    0x0, 0x0,

    /* U+0056 "V" */
    0xcf, 0xff, 0xf0, 0x0, 0x0, 0x0, 0x0, 0xff,
    0xff, 0xd0, 0x6f, 0xff, 0xf5, 0x0, 0x0, 0x0,
    0x5, 0xff, 0xff, 0x70, 0x1f, 0xff, 0xfb, 0x0,
    0x0, 0x0, 0xb, 0xff, 0xff, 0x10, 0xa, 0xff,
    0xff, 0x10, 0x0, 0x0, 0x1f, 0xff, 0xfa, 0x0,
    0x4, 0xff, 0xff, 0x60, 0x0, 0x0, 0x6f, 0xff,
    0xf4, 0x0, 0x0, 0xef, 0xff, 0xc0, 0x0, 0x0,
    0xcf, 0xff, 0xe0, 0x0, 0x0, 0x8f, 0xff, 0xf2,
    0x0, 0x2, 0xff, 0xff, 0x80, 0x0, 0x0, 0x2f,
    0xff, 0xf7, 0x0, 0x7, 0xff, 0xff, 0x20, 0x0,
    0x0, 0xc, 0xff, 0xfd, 0x0, 0xd, 0xff, 0xfc,
    0x0, 0x0, 0x0, 0x6, 0xff, 0xff, 0x30, 0x3f,
    0xff, 0xf6, 0x0, 0x0, 0x0, 0x0, 0xff, 0xff,
    0x90, 0x8f, 0xff, 0xf0, 0x0, 0x0, 0x0, 0x0,
    0xaf, 0xff, 0xe0, 0xef, 0xff, 0xa0, 0x0, 0x0,
    0x0, 0x0, 0x4f, 0xff, 0xf9, 0xff, 0xff, 0x40,
    0x0, 0x0, 0x0, 0x0, 0xd, 0xff, 0xff, 0xff,
    0xfd, 0x0, 0x0, 0x0, 0x0, 0x0, 0x7, 0xff,
    0xff, 0xff, 0xf7, 0x0, 0x0, 0x0, 0x0, 0x0,
    0x1, 0xff, 0xff, 0xff, 0xf1, 0x0, 0x0, 0x0,
    0x0, 0x0, 0x0, 0xbf, 0xff, 0xff, 0xb0, 0x0,
    0x0, 0x0, 0x0, 0x0, 0x0, 0x5f, 0xff, 0xff,
    0x50, 0x0, 0x0, 0x0, 0x0, 0x0, 0x0, 0xe,
    0xff, 0xfe, 0x0, 0x0, 0x0, 0x0,

    /* U+0057 "W" */
    0xaf, 0xff, 0xf0, 0x0, 0x0, 0xa, 0xff, 0xff,
    0x70, 0x0, 0x0, 0xe, 0xff, 0xfb, 0x6f, 0xff,
    0xf3, 0x0, 0x0, 0xe, 0xff, 0xff, 0xc0, 0x0,
    0x0, 0x2f, 0xff, 0xf7, 0x2f, 0xff, 0xf7, 0x0,
    0x0, 0x2f, 0xff, 0xff, 0xf1, 0x0, 0x0, 0x5f,
    0xff, 0xf3, 0xe, 0xff, 0xfa, 0x0, 0x0, 0x7f,
    0xff, 0xff, 0xf5, 0x0, 0x0, 0x9f, 0xff, 0xe0,
    0x9, 0xff, 0xfe, 0x0, 0x0, 0xbf, 0xff, 0xff,
    0xfa, 0x0, 0x0, 0xdf, 0xff, 0xa0, 0x5, 0xff,
    0xff, 0x20, 0x0, 0xff, 0xff, 0xff, 0xfe, 0x0,
    0x1, 0xff, 0xff, 0x50, 0x1, 0xff, 0xff, 0x60,
    0x4, 0xff, 0xfe, 0xff, 0xff, 0x30, 0x5, 0xff,
    0xff, 0x10, 0x0, 0xdf, 0xff, 0xa0, 0x9, 0xff,
    0xf8, 0xbf, 0xff, 0x80, 0x9, 0xff, 0xfc, 0x0,
    0x0, 0x8f, 0xff, 0xe0, 0xd, 0xff, 0xf3, 0x5f,
    0xff, 0xd0, 0xc, 0xff, 0xf8, 0x0, 0x0, 0x4f,
    0xff, 0xf1, 0x1f, 0xff, 0xd0, 0x1f, 0xff, 0xf2,
    0xf, 0xff, 0xf3, 0x0, 0x0, 0xf, 0xff, 0xf5,
    0x6f, 0xff, 0x80, 0xb, 0xff, 0xf6, 0x4f, 0xff,
    0xf0, 0x0, 0x0, 0xc, 0xff, 0xf9, 0xaf, 0xff,
    0x30, 0x6, 0xff, 0xfb, 0x8f, 0xff, 0xb0, 0x0,
    0x0, 0x7, 0xff, 0xfd, 0xef, 0xfe, 0x0, 0x1,
    0xff, 0xff, 0xdf, 0xff, 0x60, 0x0, 0x0, 0x3,
    0xff, 0xff, 0xff, 0xf9, 0x0, 0x0, 0xbf, 0xff,
    0xff, 0xff, 0x20, 0x0, 0x0, 0x0, 0xff, 0xff,
    0xff, 0xf4, 0x0, 0x0, 0x6f, 0xff, 0xff, 0xfd,
    0x0, 0x0, 0x0, 0x0, 0xbf, 0xff, 0xff, 0xe0,
    0x0, 0x0, 0x1f, 0xff, 0xff, 0xf9, 0x0, 0x0,
    0x0, 0x0, 0x6f, 0xff, 0xff, 0x90, 0x0, 0x0,
    0xc, 0xff, 0xff, 0xf4, 0x0, 0x0, 0x0, 0x0,
    0x2f, 0xff, 0xff, 0x40, 0x0, 0x0, 0x7, 0xff,
    0xff, 0xf0, 0x0, 0x0, 0x0, 0x0, 0xe, 0xff,
    0xfe, 0x0, 0x0, 0x0, 0x1, 0xff, 0xff, 0xb0,
    0x0, 0x0,

    /* U+0058 "X" */
    0xd, 0xff, 0xff, 0x80, 0x0, 0x0, 0xe, 0xff,
    0xff, 0x70, 0x3, 0xff, 0xff, 0xf3, 0x0, 0x0,
    0x9f, 0xff, 0xfc, 0x0, 0x0, 0x7f, 0xff, 0xfd,
    0x0, 0x3, 0xff, 0xff, 0xf2, 0x0, 0x0, 0xb,
    0xff, 0xff, 0x80, 0xd, 0xff, 0xff, 0x50, 0x0,
    0x0, 0x1, 0xef, 0xff, 0xf3, 0x7f, 0xff, 0xfa,
    0x0, 0x0, 0x0, 0x0, 0x4f, 0xff, 0xfe, 0xff,
    0xff, 0xe0, 0x0, 0x0, 0x0, 0x0, 0x9, 0xff,
    0xff, 0xff, 0xff, 0x30, 0x0, 0x0, 0x0, 0x0,
    0x0, 0xdf, 0xff, 0xff, 0xf8, 0x0, 0x0, 0x0,
    0x0, 0x0, 0x0, 0x3f, 0xff, 0xff, 0xc0, 0x0,
    0x0, 0x0, 0x0, 0x0, 0x0, 0x2f, 0xff, 0xff,
    0x90, 0x0, 0x0, 0x0, 0x0, 0x0, 0x0, 0xcf,
    0xff, 0xff, 0xf4, 0x0, 0x0, 0x0, 0x0, 0x0,
    0x7, 0xff, 0xff, 0xff, 0xfe, 0x10, 0x0, 0x0,
    0x0, 0x0, 0x3f, 0xff, 0xff, 0xff, 0xff, 0xb0,
    0x0, 0x0, 0x0, 0x0, 0xdf, 0xff, 0xf4, 0xcf,
    0xff, 0xf6, 0x0, 0x0, 0x0, 0x8, 0xff, 0xff,
    0xa0, 0x3f, 0xff, 0xff, 0x20, 0x0, 0x0, 0x3f,
    0xff, 0xff, 0x10, 0x8, 0xff, 0xff, 0xc0, 0x0,
    0x0, 0xdf, 0xff, 0xf7, 0x0, 0x0, 0xdf, 0xff,
    0xf7, 0x0, 0x9, 0xff, 0xff, 0xd0, 0x0, 0x0,
    0x4f, 0xff, 0xff, 0x30, 0x4f, 0xff, 0xff, 0x30,
    0x0, 0x0, 0x9, 0xff, 0xff, 0xd0,

    /* U+0059 "Y" */
    0xbf, 0xff, 0xfa, 0x0, 0x0, 0x0, 0x1f, 0xff,
    0xff, 0x42, 0xff, 0xff, 0xf2, 0x0, 0x0, 0x8,
    0xff, 0xff, 0xa0, 0x8, 0xff, 0xff, 0x90, 0x0,
    0x1, 0xff, 0xff, 0xf1, 0x0, 0xd, 0xff, 0xff,
    0x10, 0x0, 0x8f, 0xff, 0xf7, 0x0, 0x0, 0x5f,
    0xff, 0xf9, 0x0, 0x1f, 0xff, 0xfd, 0x0, 0x0,
    0x0, 0xbf, 0xff, 0xf1, 0x8, 0xff, 0xff, 0x40,
    0x0, 0x0, 0x2, 0xff, 0xff, 0x90, 0xef, 0xff,
    0xb0, 0x0, 0x0, 0x0, 0x8, 0xff, 0xff, 0x9f,
    0xff, 0xf2, 0x0, 0x0, 0x0, 0x0, 0xe, 0xff,
    0xff, 0xff, 0xf8, 0x0, 0x0, 0x0, 0x0, 0x0,
    0x5f, 0xff, 0xff, 0xfd, 0x0, 0x0, 0x0, 0x0,
    0x0, 0x0, 0xbf, 0xff, 0xff, 0x40, 0x0, 0x0,
    0x0, 0x0, 0x0, 0x2, 0xff, 0xff, 0xb0, 0x0,
    0x0, 0x0, 0x0, 0x0, 0x0, 0xf, 0xff, 0xf8,
    0x0, 0x0, 0x0, 0x0, 0x0, 0x0, 0x0, 0xff,
    0xff, 0x80, 0x0, 0x0, 0x0, 0x0, 0x0, 0x0,
    0xf, 0xff, 0xf8, 0x0, 0x0, 0x0, 0x0, 0x0,
    0x0, 0x0, 0xff, 0xff, 0x80, 0x0, 0x0, 0x0,
    0x0, 0x0, 0x0, 0xf, 0xff, 0xf8, 0x0, 0x0,
    0x0, 0x0, 0x0, 0x0, 0x0, 0xff, 0xff, 0x80,
    0x0, 0x0, 0x0, 0x0, 0x0, 0x0, 0xf, 0xff,
    0xf8, 0x0, 0x0, 0x0, 0x0,

    /* U+005A "Z" */
    0xf, 0xff, 0xff, 0xff, 0xff, 0xff, 0xff, 0xf9,
    0x0, 0xff, 0xff, 0xff, 0xff, 0xff, 0xff, 0xff,
    0x90, 0xf, 0xff, 0xff, 0xff, 0xff, 0xff, 0xff,
    0xf9, 0x0, 0xff, 0xff, 0xff, 0xff, 0xff, 0xff,
    0xff, 0x80, 0x5, 0x55, 0x55, 0x55, 0x5d, 0xff,
    0xff, 0xd0, 0x0, 0x0, 0x0, 0x0, 0x5, 0xff,
    0xff, 0xe2, 0x0, 0x0, 0x0, 0x0, 0x3, 0xff,
    0xff, 0xf4, 0x0, 0x0, 0x0, 0x0, 0x1, 0xef,
    0xff, 0xf7, 0x0, 0x0, 0x0, 0x0, 0x0, 0xbf,
    0xff, 0xfb, 0x0, 0x0, 0x0, 0x0, 0x0, 0x8f,
    0xff, 0xfd, 0x0, 0x0, 0x0, 0x0, 0x0, 0x5f,
    0xff, 0xff, 0x20, 0x0, 0x0, 0x0, 0x0, 0x2f,
    0xff, 0xff, 0x50, 0x0, 0x0, 0x0, 0x0, 0xd,
    0xff, 0xff, 0x80, 0x0, 0x0, 0x0, 0x0, 0xb,
    0xff, 0xff, 0xb0, 0x0, 0x0, 0x0, 0x0, 0x8,
    0xff, 0xff, 0xf6, 0x55, 0x55, 0x55, 0x55, 0x2,
    0xff, 0xff, 0xff, 0xff, 0xff, 0xff, 0xff, 0xf0,
    0x3f, 0xff, 0xff, 0xff, 0xff, 0xff, 0xff, 0xff,
    0x3, 0xff, 0xff, 0xff, 0xff, 0xff, 0xff, 0xff,
    0xf0, 0x3f, 0xff, 0xff, 0xff, 0xff, 0xff, 0xff,
    0xff, 0x0,

    /* U+005B "[" */
    0x8c, 0xcc, 0xcc, 0xc0, 0xbf, 0xff, 0xff, 0xf0,
    0xbf, 0xff, 0xff, 0xf0, 0xbf, 0xff, 0xff, 0xf0,
    0xbf, 0xff, 0x50, 0x0, 0xbf, 0xff, 0x50, 0x0,
    0xbf, 0xff, 0x50, 0x0, 0xbf, 0xff, 0x50, 0x0,
    0xbf, 0xff, 0x50, 0x0, 0xbf, 0xff, 0x50, 0x0,
    0xbf, 0xff, 0x50, 0x0, 0xbf, 0xff, 0x50, 0x0,
    0xbf, 0xff, 0x50, 0x0, 0xbf, 0xff, 0x50, 0x0,
    0xbf, 0xff, 0x50, 0x0, 0xbf, 0xff, 0x50, 0x0,
    0xbf, 0xff, 0x50, 0x0, 0xbf, 0xff, 0x50, 0x0,
    0xbf, 0xff, 0x50, 0x0, 0xbf, 0xff, 0xdc, 0xc0,
    0xbf, 0xff, 0xff, 0xf0, 0xbf, 0xff, 0xff, 0xf0,
    0xbf, 0xff, 0xff, 0xf0,

    /* U+005C "\\" */
    0xcf, 0xff, 0x60, 0x0, 0x0, 0x7f, 0xff, 0xb0,
    0x0, 0x0, 0x2f, 0xff, 0xf0, 0x0, 0x0, 0xd,
    0xff, 0xf4, 0x0, 0x0, 0x9, 0xff, 0xf9, 0x0,
    0x0, 0x4, 0xff, 0xfe, 0x0, 0x0, 0x0, 0xff,
    0xff, 0x30, 0x0, 0x0, 0xaf, 0xff, 0x80, 0x0,
    0x0, 0x5f, 0xff, 0xc0, 0x0, 0x0, 0x1f, 0xff,
    0xf1, 0x0, 0x0, 0xc, 0xff, 0xf6, 0x0, 0x0,
    0x7, 0xff, 0xfb, 0x0, 0x0, 0x2, 0xff, 0xff,
    0x0, 0x0, 0x0, 0xef, 0xff, 0x40, 0x0, 0x0,
    0x9f, 0xff, 0x90, 0x0, 0x0, 0x4f, 0xff, 0xe0,
    0x0, 0x0, 0xf, 0xff, 0xf3, 0x0, 0x0, 0xa,
    0xff, 0xf7, 0x0, 0x0, 0x6, 0xff, 0xfc,

    /* U+005D "]" */
    0x9c, 0xcc, 0xcc, 0xad, 0xff, 0xff, 0xfe, 0xdf,
    0xff, 0xff, 0xed, 0xff, 0xff, 0xfe, 0x0, 0x2f,
    0xff, 0xe0, 0x2, 0xff, 0xfe, 0x0, 0x2f, 0xff,
    0xe0, 0x2, 0xff, 0xfe, 0x0, 0x2f, 0xff, 0xe0,
    0x2, 0xff, 0xfe, 0x0, 0x2f, 0xff, 0xe0, 0x2,
    0xff, 0xfe, 0x0, 0x2f, 0xff, 0xe0, 0x2, 0xff,
    0xfe, 0x0, 0x2f, 0xff, 0xe0, 0x2, 0xff, 0xfe,
    0x0, 0x2f, 0xff, 0xe0, 0x2, 0xff, 0xfe, 0x0,
    0x2f, 0xff, 0xe9, 0xcc, 0xff, 0xfe, 0xdf, 0xff,
    0xff, 0xed, 0xff, 0xff, 0xfe, 0xdf, 0xff, 0xff,
    0xe0,

    /* U+005E "^" */
    0x0, 0x1, 0x44, 0x44, 0x10, 0x0, 0x0, 0x8,
    0xff, 0xff, 0x90, 0x0, 0x0, 0xf, 0xff, 0xff,
    0xf1, 0x0, 0x0, 0x7f, 0xff, 0xff, 0xf9, 0x0,
    0x0, 0xef, 0xfa, 0x9f, 0xff, 0x10, 0x6, 0xff,
    0xf3, 0x2f, 0xff, 0x80, 0xe, 0xff, 0xb0, 0xa,
    0xff, 0xf0, 0x5f, 0xff, 0x30, 0x2, 0xff, 0xf7,

    /* U+005F "_" */
    0x0, 0x0, 0x0, 0x0, 0x0, 0x0, 0xff, 0xff,
    0xff, 0xff, 0xff, 0xf8, 0xff, 0xff, 0xff, 0xff,
    0xff, 0xf8, 0xff, 0xff, 0xff, 0xff, 0xff, 0xf8,
    0xff, 0xff, 0xff, 0xff, 0xff, 0xf8,

    /* U+0060 "`" */
    0x0, 0x8, 0x0, 0x0, 0x0, 0xbf, 0x80, 0x0,
    0xb, 0xff, 0xf3, 0x0, 0x2e, 0xff, 0xfd, 0x0,
    0x2, 0xdf, 0xff, 0x80, 0x0, 0x1c, 0xff, 0xc0,
    0x0, 0x0, 0xbc, 0x0, 0x0, 0x0, 0x0, 0x0,

    /* U+0061 "a" */
    0x0, 0x1, 0x8c, 0xef, 0xd9, 0x20, 0x0, 0x0,
    0x4e, 0xff, 0xff, 0xff, 0xf7, 0x0, 0x3, 0xff,
    0xff, 0xff, 0xff, 0xff, 0x50, 0x4, 0xdf, 0xfe,
    0xcd, 0xff, 0xff, 0xd0, 0x0, 0x4, 0x60, 0x0,
    0x3f, 0xff, 0xf2, 0x0, 0x2, 0x8d, 0xef, 0xff,
    0xff, 0xf4, 0x0, 0x6f, 0xff, 0xff, 0xff, 0xff,
    0xf4, 0x5, 0xff, 0xff, 0xff, 0xff, 0xff, 0xf4,
    0xd, 0xff, 0xff, 0xdb, 0xaf, 0xff, 0xf4, 0x2f,
    0xff, 0xf7, 0x0, 0xf, 0xff, 0xf4, 0x4f, 0xff,
    0xf2, 0x0, 0x6f, 0xff, 0xf4, 0x3f, 0xff, 0xfe,
    0xac, 0xff, 0xff, 0xf4, 0xe, 0xff, 0xff, 0xff,
    0xff, 0xff, 0xf4, 0x4, 0xff, 0xff, 0xff, 0xaf,
    0xff, 0xf4, 0x0, 0x3a, 0xef, 0xd7, 0xf, 0xff,
    0xf4,

    /* U+0062 "b" */
    0xaf, 0xff, 0xa0, 0x0, 0x0, 0x0, 0x0, 0xa,
    0xff, 0xfa, 0x0, 0x0, 0x0, 0x0, 0x0, 0xaf,
    0xff, 0xa0, 0x0, 0x0, 0x0, 0x0, 0xa, 0xff,
    0xfa, 0x0, 0x0, 0x0, 0x0, 0x0, 0xaf, 0xff,
    0xa0, 0x6d, 0xfd, 0x92, 0x0, 0xa, 0xff, 0xfa,
    0xaf, 0xff, 0xff, 0xf3, 0x0, 0xaf, 0xff, 0xff,
    0xff, 0xff, 0xff, 0xe1, 0xa, 0xff, 0xff, 0xff,
    0xff, 0xff, 0xff, 0x80, 0xaf, 0xff, 0xfd, 0x54,
    0x9f, 0xff, 0xfd, 0xa, 0xff, 0xff, 0x10, 0x0,
    0xaf, 0xff, 0xf1, 0xaf, 0xff, 0xb0, 0x0, 0x4,
    0xff, 0xff, 0x3a, 0xff, 0xf9, 0x0, 0x0, 0x3f,
    0xff, 0xf3, 0xaf, 0xff, 0xb0, 0x0, 0x4, 0xff,
    0xff, 0x2a, 0xff, 0xff, 0x10, 0x0, 0xaf, 0xff,
    0xf1, 0xaf, 0xff, 0xfd, 0x54, 0x9f, 0xff, 0xfd,
    0xa, 0xff, 0xff, 0xff, 0xff, 0xff, 0xff, 0x70,
    0xaf, 0xff, 0xff, 0xff, 0xff, 0xff, 0xe0, 0xa,
    0xff, 0xfb, 0xcf, 0xff, 0xff, 0xf3, 0x0, 0xaf,
    0xff, 0xa0, 0x8d, 0xfd, 0x92, 0x0, 0x0,

    /* U+0063 "c" */
    0x0, 0x0, 0x39, 0xdf, 0xfc, 0x70, 0x0, 0x0,
    0x9, 0xff, 0xff, 0xff, 0xfe, 0x20, 0x0, 0x9f,
    0xff, 0xff, 0xff, 0xff, 0xe1, 0x4, 0xff, 0xff,
    0xff, 0xff, 0xff, 0xf9, 0xb, 0xff, 0xff, 0xa5,
    0x5d, 0xff, 0x91, 0xf, 0xff, 0xfa, 0x0, 0x1,
    0xc4, 0x0, 0x2f, 0xff, 0xf5, 0x0, 0x0, 0x0,
    0x0, 0x3f, 0xff, 0xf3, 0x0, 0x0, 0x0, 0x0,
    0x2f, 0xff, 0xf5, 0x0, 0x0, 0x0, 0x0, 0xf,
    0xff, 0xfa, 0x0, 0x1, 0xc4, 0x0, 0xb, 0xff,
    0xff, 0xa5, 0x5d, 0xff, 0x91, 0x4, 0xff, 0xff,
    0xff, 0xff, 0xff, 0xf9, 0x0, 0xaf, 0xff, 0xff,
    0xff, 0xff, 0xe1, 0x0, 0x9, 0xff, 0xff, 0xff,
    0xfe, 0x20, 0x0, 0x0, 0x39, 0xdf, 0xec, 0x70,
    0x0,

    /* U+0064 "d" */
    0x0, 0x0, 0x0, 0x0, 0x0, 0xaf, 0xff, 0xb0,
    0x0, 0x0, 0x0, 0x0, 0xa, 0xff, 0xfb, 0x0,
    0x0, 0x0, 0x0, 0x0, 0xaf, 0xff, 0xb0, 0x0,
    0x0, 0x0, 0x0, 0xa, 0xff, 0xfb, 0x0, 0x1,
    0x9d, 0xfd, 0x80, 0xaf, 0xff, 0xb0, 0x3, 0xef,
    0xff, 0xff, 0xba, 0xff, 0xfb, 0x0, 0xef, 0xff,
    0xff, 0xff, 0xff, 0xff, 0xb0, 0x8f, 0xff, 0xff,
    0xff, 0xff, 0xff, 0xfb, 0xd, 0xff, 0xff, 0x94,
    0x5d, 0xff, 0xff, 0xb1, 0xff, 0xff, 0xa0, 0x0,
    0x1f, 0xff, 0xfb, 0x2f, 0xff, 0xf5, 0x0, 0x0,
    0xaf, 0xff, 0xb3, 0xff, 0xff, 0x30, 0x0, 0x9,
    0xff, 0xfb, 0x2f, 0xff, 0xf5, 0x0, 0x0, 0xaf,
    0xff, 0xb0, 0xff, 0xff, 0xb0, 0x0, 0x1f, 0xff,
    0xfb, 0xc, 0xff, 0xff, 0xa4, 0x5d, 0xff, 0xff,
    0xb0, 0x6f, 0xff, 0xff, 0xff, 0xff, 0xff, 0xfb,
    0x0, 0xdf, 0xff, 0xff, 0xff, 0xff, 0xff, 0xb0,
    0x2, 0xef, 0xff, 0xff, 0xdb, 0xff, 0xfb, 0x0,
    0x1, 0x8d, 0xfe, 0x91, 0xaf, 0xff, 0xb0,

    /* U+0065 "e" */
    0x0, 0x0, 0x3a, 0xdf, 0xec, 0x71, 0x0, 0x0,
    0x0, 0x9f, 0xff, 0xff, 0xff, 0xe5, 0x0, 0x0,
    0x9f, 0xff, 0xff, 0xff, 0xff, 0xf3, 0x0, 0x4f,
    0xff, 0xfe, 0xbc, 0xff, 0xff, 0xc0, 0xa, 0xff,
    0xfb, 0x0, 0x4, 0xff, 0xff, 0x20, 0xff, 0xff,
    0xff, 0xff, 0xff, 0xff, 0xf4, 0x1f, 0xff, 0xff,
    0xff, 0xff, 0xff, 0xff, 0x53, 0xff, 0xff, 0xff,
    0xff, 0xff, 0xff, 0xf3, 0x2f, 0xff, 0xfa, 0x77,
    0x77, 0x77, 0x77, 0x0, 0xff, 0xff, 0x90, 0x0,
    0x9, 0x30, 0x0, 0xb, 0xff, 0xff, 0x40, 0x7,
    0xff, 0x60, 0x0, 0x5f, 0xff, 0xff, 0xee, 0xff,
    0xff, 0x80, 0x0, 0xaf, 0xff, 0xff, 0xff, 0xff,
    0xf2, 0x0, 0x0, 0x9f, 0xff, 0xff, 0xff, 0xf4,
    0x0, 0x0, 0x0, 0x39, 0xdf, 0xec, 0x81, 0x0,
    0x0,

    /* U+0066 "f" */
    0x0, 0x0, 0x7c, 0xff, 0xeb, 0x0, 0x0, 0xcf,
    0xff, 0xff, 0xf1, 0x0, 0x6f, 0xff, 0xff, 0xff,
    0x10, 0xb, 0xff, 0xff, 0xff, 0xf1, 0x0, 0xcf,
    0xff, 0xb2, 0x2, 0xc, 0xff, 0xff, 0xff, 0xff,
    0xf0, 0xcf, 0xff, 0xff, 0xff, 0xff, 0xc, 0xff,
    0xff, 0xff, 0xff, 0xf0, 0xcf, 0xff, 0xff, 0xff,
    0xff, 0x0, 0xc, 0xff, 0xf8, 0x0, 0x0, 0x0,
    0xcf, 0xff, 0x80, 0x0, 0x0, 0xc, 0xff, 0xf8,
    0x0, 0x0, 0x0, 0xcf, 0xff, 0x80, 0x0, 0x0,
    0xc, 0xff, 0xf8, 0x0, 0x0, 0x0, 0xcf, 0xff,
    0x80, 0x0, 0x0, 0xc, 0xff, 0xf8, 0x0, 0x0,
    0x0, 0xcf, 0xff, 0x80, 0x0, 0x0, 0xc, 0xff,
    0xf8, 0x0, 0x0, 0x0, 0xcf, 0xff, 0x80, 0x0,
    0x0,

    /* U+0067 "g" */
    0x0, 0x2, 0x9d, 0xfd, 0x80, 0xbf, 0xff, 0xa0,
    0x4, 0xff, 0xff, 0xff, 0xcb, 0xff, 0xfa, 0x1,
    0xef, 0xff, 0xff, 0xff, 0xff, 0xff, 0xa0, 0x9f,
    0xff, 0xff, 0xff, 0xff, 0xff, 0xfa, 0xe, 0xff,
    0xff, 0x94, 0x5d, 0xff, 0xff, 0xa1, 0xff, 0xff,
    0xa0, 0x0, 0x2f, 0xff, 0xfa, 0x3f, 0xff, 0xf4,
    0x0, 0x0, 0xbf, 0xff, 0xa4, 0xff, 0xff, 0x20,
    0x0, 0x9, 0xff, 0xfa, 0x3f, 0xff, 0xf4, 0x0,
    0x0, 0xbf, 0xff, 0xa1, 0xff, 0xff, 0xa0, 0x0,
    0x1f, 0xff, 0xfa, 0xd, 0xff, 0xff, 0x94, 0x5d,
    0xff, 0xff, 0xa0, 0x7f, 0xff, 0xff, 0xff, 0xff,
    0xff, 0xfa, 0x0, 0xef, 0xff, 0xff, 0xff, 0xff,
    0xff, 0xa0, 0x2, 0xef, 0xff, 0xff, 0xbb, 0xff,
    0xfa, 0x0, 0x1, 0x8d, 0xfe, 0x80, 0xbf, 0xff,
    0x80, 0x0, 0x15, 0x0, 0x0, 0xe, 0xff, 0xf7,
    0x0, 0x5e, 0xf7, 0x0, 0x9, 0xff, 0xff, 0x20,
    0x7f, 0xff, 0xff, 0xef, 0xff, 0xff, 0xc0, 0x2,
    0xff, 0xff, 0xff, 0xff, 0xff, 0xf2, 0x0, 0x3,
    0xef, 0xff, 0xff, 0xff, 0xe4, 0x0, 0x0, 0x0,
    0x7c, 0xef, 0xec, 0x71, 0x0, 0x0,

    /* U+0068 "h" */
    0xaf, 0xff, 0xa0, 0x0, 0x0, 0x0, 0x0, 0xaf,
    0xff, 0xa0, 0x0, 0x0, 0x0, 0x0, 0xaf, 0xff,
    0xa0, 0x0, 0x0, 0x0, 0x0, 0xaf, 0xff, 0xa0,
    0x0, 0x0, 0x0, 0x0, 0xaf, 0xff, 0xa0, 0x6c,
    0xfe, 0xa2, 0x0, 0xaf, 0xff, 0xa9, 0xff, 0xff,
    0xff, 0x20, 0xaf, 0xff, 0xef, 0xff, 0xff, 0xff,
    0xb0, 0xaf, 0xff, 0xff, 0xff, 0xff, 0xff, 0xf1,
    0xaf, 0xff, 0xfc, 0x56, 0xdf, 0xff, 0xf3, 0xaf,
    0xff, 0xe0, 0x0, 0x4f, 0xff, 0xf4, 0xaf, 0xff,
    0xb0, 0x0, 0x1f, 0xff, 0xf4, 0xaf, 0xff, 0xa0,
    0x0, 0xf, 0xff, 0xf4, 0xaf, 0xff, 0xa0, 0x0,
    0xf, 0xff, 0xf4, 0xaf, 0xff, 0xa0, 0x0, 0xf,
    0xff, 0xf4, 0xaf, 0xff, 0xa0, 0x0, 0xf, 0xff,
    0xf4, 0xaf, 0xff, 0xa0, 0x0, 0xf, 0xff, 0xf4,
    0xaf, 0xff, 0xa0, 0x0, 0xf, 0xff, 0xf4, 0xaf,
    0xff, 0xa0, 0x0, 0xf, 0xff, 0xf4, 0xaf, 0xff,
    0xa0, 0x0, 0xf, 0xff, 0xf4,

    /* U+0069 "i" */
    0x1a, 0xfd, 0x40, 0x8f, 0xff, 0xe0, 0xcf, 0xff,
    0xf3, 0xaf, 0xff, 0xf1, 0x2e, 0xff, 0x80, 0x0,
    0x31, 0x0, 0x12, 0x22, 0x20, 0x7f, 0xff, 0xe0,
    0x7f, 0xff, 0xe0, 0x7f, 0xff, 0xe0, 0x7f, 0xff,
    0xe0, 0x7f, 0xff, 0xe0, 0x7f, 0xff, 0xe0, 0x7f,
    0xff, 0xe0, 0x7f, 0xff, 0xe0, 0x7f, 0xff, 0xe0,
    0x7f, 0xff, 0xe0, 0x7f, 0xff, 0xe0, 0x7f, 0xff,
    0xe0, 0x7f, 0xff, 0xe0, 0x7f, 0xff, 0xe0,

    /* U+006A "j" */
    0x0, 0x0, 0xaf, 0xd5, 0x0, 0x0, 0x7f, 0xff,
    0xf1, 0x0, 0xa, 0xff, 0xff, 0x40, 0x0, 0x8f,
    0xff, 0xf3, 0x0, 0x1, 0xdf, 0xf9, 0x0, 0x0,
    0x0, 0x32, 0x0, 0x0, 0x1, 0x44, 0x44, 0x0,
    0x0, 0x5f, 0xff, 0xf0, 0x0, 0x5, 0xff, 0xff,
    0x0, 0x0, 0x5f, 0xff, 0xf0, 0x0, 0x5, 0xff,
    0xff, 0x0, 0x0, 0x5f, 0xff, 0xf0, 0x0, 0x5,
    0xff, 0xff, 0x0, 0x0, 0x5f, 0xff, 0xf0, 0x0,
    0x5, 0xff, 0xff, 0x0, 0x0, 0x5f, 0xff, 0xf0,
    0x0, 0x5, 0xff, 0xff, 0x0, 0x0, 0x5f, 0xff,
    0xf0, 0x0, 0x5, 0xff, 0xff, 0x0, 0x0, 0x5f,
    0xff, 0xf0, 0x0, 0x5, 0xff, 0xff, 0x0, 0x0,
    0x7f, 0xff, 0xf0, 0x77, 0x7e, 0xff, 0xff, 0xb,
    0xff, 0xff, 0xff, 0xc0, 0xbf, 0xff, 0xff, 0xf6,
    0xb, 0xff, 0xff, 0xfc, 0x0, 0x7d, 0xff, 0xd7,
    0x0, 0x0,

    /* U+006B "k" */
    0xaf, 0xff, 0xa0, 0x0, 0x0, 0x0, 0x0, 0xa,
    0xff, 0xfa, 0x0, 0x0, 0x0, 0x0, 0x0, 0xaf,
    0xff, 0xa0, 0x0, 0x0, 0x0, 0x0, 0xa, 0xff,
    0xfa, 0x0, 0x0, 0x0, 0x0, 0x0, 0xaf, 0xff,
    0xa0, 0x0, 0x2e, 0xff, 0xfd, 0x1a, 0xff, 0xfa,
    0x0, 0x1d, 0xff, 0xfe, 0x20, 0xaf, 0xff, 0xa0,
    0xc, 0xff, 0xfe, 0x20, 0xa, 0xff, 0xfa, 0x9,
    0xff, 0xff, 0x30, 0x0, 0xaf, 0xff, 0xa7, 0xff,
    0xff, 0x40, 0x0, 0xa, 0xff, 0xfe, 0xff, 0xff,
    0x80, 0x0, 0x0, 0xaf, 0xff, 0xff, 0xff, 0xfd,
    0x0, 0x0, 0xa, 0xff, 0xff, 0xff, 0xff, 0xf6,
    0x0, 0x0, 0xaf, 0xff, 0xff, 0xff, 0xff, 0xe1,
    0x0, 0xa, 0xff, 0xff, 0xb9, 0xff, 0xff, 0x90,
    0x0, 0xaf, 0xff, 0xd0, 0x1f, 0xff, 0xff, 0x30,
    0xa, 0xff, 0xfa, 0x0, 0x7f, 0xff, 0xfc, 0x0,
    0xaf, 0xff, 0xa0, 0x0, 0xef, 0xff, 0xf5, 0xa,
    0xff, 0xfa, 0x0, 0x6, 0xff, 0xff, 0xe0, 0xaf,
    0xff, 0xa0, 0x0, 0xd, 0xff, 0xff, 0x80,

    /* U+006C "l" */
    0xaf, 0xff, 0xa0, 0xa, 0xff, 0xfa, 0x0, 0xaf,
    0xff, 0xa0, 0xa, 0xff, 0xfa, 0x0, 0xaf, 0xff,
    0xa0, 0xa, 0xff, 0xfa, 0x0, 0xaf, 0xff, 0xa0,
    0xa, 0xff, 0xfa, 0x0, 0xaf, 0xff, 0xa0, 0xa,
    0xff, 0xfa, 0x0, 0xaf, 0xff, 0xa0, 0xa, 0xff,
    0xfa, 0x0, 0xaf, 0xff, 0xa0, 0xa, 0xff, 0xfa,
    0x0, 0xaf, 0xff, 0xe4, 0xa, 0xff, 0xff, 0xf3,
    0x7f, 0xff, 0xff, 0x32, 0xff, 0xff, 0xf3, 0x3,
    0xbe, 0xff, 0x30,

    /* U+006D "m" */
    0xbf, 0xff, 0x90, 0x7d, 0xfe, 0x80, 0x2, 0xae,
    0xfe, 0x80, 0xb, 0xff, 0xfa, 0xbf, 0xff, 0xff,
    0xb4, 0xff, 0xff, 0xff, 0xb0, 0xbf, 0xff, 0xff,
    0xff, 0xff, 0xff, 0xff, 0xff, 0xff, 0xff, 0x5b,
    0xff, 0xff, 0xff, 0xff, 0xff, 0xff, 0xff, 0xff,
    0xff, 0xfa, 0xbf, 0xff, 0xf9, 0x47, 0xff, 0xff,
    0xfa, 0x46, 0xff, 0xff, 0xcb, 0xff, 0xfd, 0x0,
    0xb, 0xff, 0xfe, 0x0, 0xa, 0xff, 0xfd, 0xbf,
    0xff, 0xa0, 0x0, 0x9f, 0xff, 0xc0, 0x0, 0x7f,
    0xff, 0xdb, 0xff, 0xf9, 0x0, 0x9, 0xff, 0xfb,
    0x0, 0x7, 0xff, 0xfd, 0xbf, 0xff, 0x90, 0x0,
    0x9f, 0xff, 0xb0, 0x0, 0x7f, 0xff, 0xdb, 0xff,
    0xf9, 0x0, 0x9, 0xff, 0xfb, 0x0, 0x7, 0xff,
    0xfd, 0xbf, 0xff, 0x90, 0x0, 0x9f, 0xff, 0xb0,
    0x0, 0x7f, 0xff, 0xdb, 0xff, 0xf9, 0x0, 0x9,
    0xff, 0xfb, 0x0, 0x7, 0xff, 0xfd, 0xbf, 0xff,
    0x90, 0x0, 0x9f, 0xff, 0xb0, 0x0, 0x7f, 0xff,
    0xdb, 0xff, 0xf9, 0x0, 0x9, 0xff, 0xfb, 0x0,
    0x7, 0xff, 0xfd, 0xbf, 0xff, 0x90, 0x0, 0x9f,
    0xff, 0xb0, 0x0, 0x7f, 0xff, 0xd0,

    /* U+006E "n" */
    0xbf, 0xff, 0x90, 0x7d, 0xfe, 0xa2, 0x0, 0xbf,
    0xff, 0xab, 0xff, 0xff, 0xfe, 0x20, 0xbf, 0xff,
    0xff, 0xff, 0xff, 0xff, 0xb0, 0xbf, 0xff, 0xff,
    0xff, 0xff, 0xff, 0xf0, 0xbf, 0xff, 0xfc, 0x56,
    0xef, 0xff, 0xf2, 0xbf, 0xff, 0xe0, 0x0, 0x4f,
    0xff, 0xf3, 0xbf, 0xff, 0xa0, 0x0, 0x1f, 0xff,
    0xf3, 0xbf, 0xff, 0x90, 0x0, 0x1f, 0xff, 0xf3,
    0xbf, 0xff, 0x90, 0x0, 0x1f, 0xff, 0xf3, 0xbf,
    0xff, 0x90, 0x0, 0x1f, 0xff, 0xf3, 0xbf, 0xff,
    0x90, 0x0, 0x1f, 0xff, 0xf3, 0xbf, 0xff, 0x90,
    0x0, 0x1f, 0xff, 0xf3, 0xbf, 0xff, 0x90, 0x0,
    0x1f, 0xff, 0xf3, 0xbf, 0xff, 0x90, 0x0, 0x1f,
    0xff, 0xf3, 0xbf, 0xff, 0x90, 0x0, 0x1f, 0xff,
    0xf3,

    /* U+006F "o" */
    0x0, 0x0, 0x4a, 0xdf, 0xec, 0x81, 0x0, 0x0,
    0x0, 0xaf, 0xff, 0xff, 0xff, 0xf5, 0x0, 0x0,
    0xaf, 0xff, 0xff, 0xff, 0xff, 0xf5, 0x0, 0x5f,
    0xff, 0xff, 0xff, 0xff, 0xff, 0xe0, 0xb, 0xff,
    0xff, 0xa5, 0x6d, 0xff, 0xff, 0x50, 0xff, 0xff,
    0xb0, 0x0, 0x1f, 0xff, 0xfa, 0x2f, 0xff, 0xf5,
    0x0, 0x0, 0xaf, 0xff, 0xc3, 0xff, 0xff, 0x30,
    0x0, 0x9, 0xff, 0xfd, 0x2f, 0xff, 0xf5, 0x0,
    0x0, 0xaf, 0xff, 0xc0, 0xff, 0xff, 0xb0, 0x0,
    0x1f, 0xff, 0xfa, 0xb, 0xff, 0xff, 0xa5, 0x6d,
    0xff, 0xff, 0x50, 0x5f, 0xff, 0xff, 0xff, 0xff,
    0xff, 0xe0, 0x0, 0xbf, 0xff, 0xff, 0xff, 0xff,
    0xf5, 0x0, 0x0, 0xaf, 0xff, 0xff, 0xff, 0xf5,
    0x0, 0x0, 0x0, 0x4a, 0xdf, 0xec, 0x82, 0x0,
    0x0,

    /* U+0070 "p" */
    0xbf, 0xff, 0x90, 0x7d, 0xfd, 0x91, 0x0, 0xb,
    0xff, 0xfa, 0xcf, 0xff, 0xff, 0xe3, 0x0, 0xbf,
    0xff, 0xff, 0xff, 0xff, 0xff, 0xe0, 0xb, 0xff,
    0xff, 0xff, 0xff, 0xff, 0xff, 0x70, 0xbf, 0xff,
    0xfd, 0x54, 0xaf, 0xff, 0xfd, 0xb, 0xff, 0xff,
    0x10, 0x0, 0xbf, 0xff, 0xf0, 0xbf, 0xff, 0xa0,
    0x0, 0x5, 0xff, 0xff, 0x2b, 0xff, 0xf8, 0x0,
    0x0, 0x3f, 0xff, 0xf3, 0xbf, 0xff, 0xa0, 0x0,
    0x5, 0xff, 0xff, 0x2b, 0xff, 0xfe, 0x0, 0x0,
    0xbf, 0xff, 0xf0, 0xbf, 0xff, 0xfc, 0x54, 0xaf,
    0xff, 0xfc, 0xb, 0xff, 0xff, 0xff, 0xff, 0xff,
    0xff, 0x70, 0xbf, 0xff, 0xff, 0xff, 0xff, 0xff,
    0xe0, 0xb, 0xff, 0xf9, 0xbf, 0xff, 0xff, 0xe3,
    0x0, 0xbf, 0xff, 0x90, 0x7d, 0xfd, 0x91, 0x0,
    0xb, 0xff, 0xf9, 0x0, 0x0, 0x0, 0x0, 0x0,
    0xbf, 0xff, 0x90, 0x0, 0x0, 0x0, 0x0, 0xb,
    0xff, 0xf9, 0x0, 0x0, 0x0, 0x0, 0x0, 0xbf,
    0xff, 0x90, 0x0, 0x0, 0x0, 0x0, 0xb, 0xff,
    0xf9, 0x0, 0x0, 0x0, 0x0, 0x0, 0xbf, 0xff,
    0x90, 0x0, 0x0, 0x0, 0x0, 0x0,

    /* U+0071 "q" */
    0x0, 0x1, 0x9d, 0xfe, 0x80, 0xaf, 0xff, 0xb0,
    0x3, 0xef, 0xff, 0xff, 0xdb, 0xff, 0xfb, 0x0,
    0xef, 0xff, 0xff, 0xff, 0xff, 0xff, 0xb0, 0x8f,
    0xff, 0xff, 0xff, 0xff, 0xff, 0xfb, 0xd, 0xff,
    0xff, 0x94, 0x5d, 0xff, 0xff, 0xb1, 0xff, 0xff,
    0xa0, 0x0, 0x1f, 0xff, 0xfb, 0x2f, 0xff, 0xf5,
    0x0, 0x0, 0xaf, 0xff, 0xb3, 0xff, 0xff, 0x30,
    0x0, 0x9, 0xff, 0xfb, 0x2f, 0xff, 0xf5, 0x0,
    0x0, 0xaf, 0xff, 0xb0, 0xff, 0xff, 0xb0, 0x0,
    0x1f, 0xff, 0xfb, 0xc, 0xff, 0xff, 0xa4, 0x5d,
    0xff, 0xff, 0xb0, 0x6f, 0xff, 0xff, 0xff, 0xff,
    0xff, 0xfb, 0x0, 0xdf, 0xff, 0xff, 0xff, 0xff,
    0xff, 0xb0, 0x2, 0xef, 0xff, 0xff, 0xba, 0xff,
    0xfb, 0x0, 0x1, 0x8d, 0xfe, 0x80, 0xaf, 0xff,
    0xb0, 0x0, 0x0, 0x0, 0x0, 0xa, 0xff, 0xfb,
    0x0, 0x0, 0x0, 0x0, 0x0, 0xaf, 0xff, 0xb0,
    0x0, 0x0, 0x0, 0x0, 0xa, 0xff, 0xfb, 0x0,
    0x0, 0x0, 0x0, 0x0, 0xaf, 0xff, 0xb0, 0x0,
    0x0, 0x0, 0x0, 0xa, 0xff, 0xfb, 0x0, 0x0,
    0x0, 0x0, 0x0, 0xaf, 0xff, 0xb0,

    /* U+0072 "r" */
    0xbf, 0xff, 0x90, 0x18, 0xde, 0x3b, 0xff, 0xf9,
    0x3e, 0xff, 0xf3, 0xbf, 0xff, 0xad, 0xff, 0xff,
    0x3b, 0xff, 0xff, 0xff, 0xff, 0xf3, 0xbf, 0xff,
    0xff, 0xe9, 0x76, 0x1b, 0xff, 0xff, 0x90, 0x0,
    0x0, 0xbf, 0xff, 0xe0, 0x0, 0x0, 0xb, 0xff,
    0xfa, 0x0, 0x0, 0x0, 0xbf, 0xff, 0x90, 0x0,
    0x0, 0xb, 0xff, 0xf9, 0x0, 0x0, 0x0, 0xbf,
    0xff, 0x90, 0x0, 0x0, 0xb, 0xff, 0xf9, 0x0,
    0x0, 0x0, 0xbf, 0xff, 0x90, 0x0, 0x0, 0xb,
    0xff, 0xf9, 0x0, 0x0, 0x0, 0xbf, 0xff, 0x90,
    0x0, 0x0, 0x0,

    /* U+0073 "s" */
    0x0, 0x5, 0xbe, 0xfe, 0xc6, 0x0, 0x0, 0xc,
    0xff, 0xff, 0xff, 0xfd, 0x20, 0x9, 0xff, 0xff,
    0xff, 0xff, 0xfe, 0x0, 0xff, 0xff, 0xfb, 0xcf,
    0xff, 0xd2, 0x1f, 0xff, 0xf5, 0x0, 0x5f, 0x80,
    0x0, 0xff, 0xff, 0xc4, 0x0, 0x10, 0x0, 0x7,
    0xff, 0xff, 0xff, 0xc7, 0x10, 0x0, 0x7, 0xff,
    0xff, 0xff, 0xff, 0x60, 0x0, 0x1, 0x8d, 0xff,
    0xff, 0xff, 0x40, 0x0, 0x50, 0x1, 0x6e, 0xff,
    0xfb, 0x4, 0xef, 0x80, 0x0, 0x9f, 0xff, 0xd5,
    0xff, 0xff, 0xeb, 0xbf, 0xff, 0xfb, 0xd, 0xff,
    0xff, 0xff, 0xff, 0xff, 0x40, 0x1c, 0xff, 0xff,
    0xff, 0xff, 0x60, 0x0, 0x5, 0xbd, 0xff, 0xd8,
    0x20, 0x0,

    /* U+0074 "t" */
    0x0, 0x48, 0x88, 0x60, 0x0, 0x0, 0x8, 0xff,
    0xfc, 0x0, 0x0, 0x0, 0x8f, 0xff, 0xc0, 0x0,
    0x0, 0x8, 0xff, 0xfc, 0x0, 0x0, 0x0, 0x8f,
    0xff, 0xc0, 0x0, 0xc, 0xff, 0xff, 0xff, 0xff,
    0xf7, 0xcf, 0xff, 0xff, 0xff, 0xff, 0x7c, 0xff,
    0xff, 0xff, 0xff, 0xf7, 0xcf, 0xff, 0xff, 0xff,
    0xff, 0x70, 0x8, 0xff, 0xfc, 0x0, 0x0, 0x0,
    0x8f, 0xff, 0xc0, 0x0, 0x0, 0x8, 0xff, 0xfc,
    0x0, 0x0, 0x0, 0x8f, 0xff, 0xc0, 0x0, 0x0,
    0x8, 0xff, 0xfd, 0x0, 0x0, 0x0, 0x7f, 0xff,
    0xfa, 0x78, 0x20, 0x5, 0xff, 0xff, 0xff, 0xf3,
    0x0, 0x1f, 0xff, 0xff, 0xff, 0x30, 0x0, 0x6f,
    0xff, 0xff, 0xf3, 0x0, 0x0, 0x4b, 0xef, 0xeb,
    0x10,

    /* U+0075 "u" */
    0xbf, 0xff, 0x90, 0x0, 0x1f, 0xff, 0xf3, 0xbf,
    0xff, 0x90, 0x0, 0x1f, 0xff, 0xf3, 0xbf, 0xff,
    0x90, 0x0, 0x1f, 0xff, 0xf3, 0xbf, 0xff, 0x90,
    0x0, 0x1f, 0xff, 0xf3, 0xbf, 0xff, 0x90, 0x0,
    0x1f, 0xff, 0xf3, 0xbf, 0xff, 0x90, 0x0, 0x1f,
    0xff, 0xf3, 0xbf, 0xff, 0x90, 0x0, 0x1f, 0xff,
    0xf3, 0xbf, 0xff, 0x90, 0x0, 0x1f, 0xff, 0xf3,
    0xbf, 0xff, 0x90, 0x0, 0x2f, 0xff, 0xf3, 0xbf,
    0xff, 0xc0, 0x0, 0x5f, 0xff, 0xf3, 0xaf, 0xff,
    0xf9, 0x36, 0xef, 0xff, 0xf3, 0x7f, 0xff, 0xff,
    0xff, 0xff, 0xff, 0xf3, 0x2f, 0xff, 0xff, 0xff,
    0xff, 0xff, 0xf3, 0x8, 0xff, 0xff, 0xff, 0x6f,
    0xff, 0xf3, 0x0, 0x6c, 0xfe, 0xb3, 0x1f, 0xff,
    0xf3,

    /* U+0076 "v" */
    0x4f, 0xff, 0xf6, 0x0, 0x0, 0xc, 0xff, 0xfe,
    0x0, 0xef, 0xff, 0xb0, 0x0, 0x1, 0xff, 0xff,
    0x80, 0x9, 0xff, 0xff, 0x0, 0x0, 0x6f, 0xff,
    0xf2, 0x0, 0x3f, 0xff, 0xf5, 0x0, 0xb, 0xff,
    0xfc, 0x0, 0x0, 0xdf, 0xff, 0xa0, 0x0, 0xff,
    0xff, 0x60, 0x0, 0x7, 0xff, 0xfe, 0x0, 0x4f,
    0xff, 0xf0, 0x0, 0x0, 0x1f, 0xff, 0xf3, 0x9,
    0xff, 0xfa, 0x0, 0x0, 0x0, 0xbf, 0xff, 0x80,
    0xef, 0xff, 0x40, 0x0, 0x0, 0x5, 0xff, 0xfd,
    0x3f, 0xff, 0xe0, 0x0, 0x0, 0x0, 0xf, 0xff,
    0xfa, 0xff, 0xf8, 0x0, 0x0, 0x0, 0x0, 0x9f,
    0xff, 0xff, 0xff, 0x20, 0x0, 0x0, 0x0, 0x3,
    0xff, 0xff, 0xff, 0xc0, 0x0, 0x0, 0x0, 0x0,
    0xd, 0xff, 0xff, 0xf6, 0x0, 0x0, 0x0, 0x0,
    0x0, 0x8f, 0xff, 0xff, 0x0, 0x0, 0x0, 0x0,
    0x0, 0x2, 0xff, 0xff, 0xa0, 0x0, 0x0, 0x0,

    /* U+0077 "w" */
    0x3f, 0xff, 0xf6, 0x0, 0x5, 0xff, 0xff, 0x50,
    0x0, 0x6f, 0xff, 0xf3, 0xe, 0xff, 0xf9, 0x0,
    0x9, 0xff, 0xff, 0x80, 0x0, 0x9f, 0xff, 0xe0,
    0x9, 0xff, 0xfd, 0x0, 0xc, 0xff, 0xff, 0xc0,
    0x0, 0xdf, 0xff, 0x90, 0x5, 0xff, 0xff, 0x0,
    0xf, 0xff, 0xff, 0xf0, 0x1, 0xff, 0xff, 0x40,
    0x0, 0xff, 0xff, 0x40, 0x4f, 0xff, 0xff, 0xf3,
    0x4, 0xff, 0xff, 0x0, 0x0, 0xbf, 0xff, 0x80,
    0x7f, 0xff, 0xff, 0xf7, 0x8, 0xff, 0xfb, 0x0,
    0x0, 0x6f, 0xff, 0xb0, 0xbf, 0xfa, 0xbf, 0xfb,
    0xb, 0xff, 0xf6, 0x0, 0x0, 0x1f, 0xff, 0xf0,
    0xef, 0xf6, 0x7f, 0xfe, 0xf, 0xff, 0xf1, 0x0,
    0x0, 0xd, 0xff, 0xf5, 0xff, 0xf2, 0x3f, 0xff,
    0x5f, 0xff, 0xc0, 0x0, 0x0, 0x8, 0xff, 0xfd,
    0xff, 0xe0, 0xe, 0xff, 0xdf, 0xff, 0x80, 0x0,
    0x0, 0x3, 0xff, 0xff, 0xff, 0xa0, 0xb, 0xff,
    0xff, 0xff, 0x30, 0x0, 0x0, 0x0, 0xef, 0xff,
    0xff, 0x60, 0x7, 0xff, 0xff, 0xfe, 0x0, 0x0,
    0x0, 0x0, 0xaf, 0xff, 0xff, 0x20, 0x3, 0xff,
    0xff, 0xf9, 0x0, 0x0, 0x0, 0x0, 0x5f, 0xff,
    0xfe, 0x0, 0x0, 0xef, 0xff, 0xf4, 0x0, 0x0,
    0x0, 0x0, 0xf, 0xff, 0xfa, 0x0, 0x0, 0xbf,
    0xff, 0xf0, 0x0, 0x0,

    /* U+0078 "x" */
    0xb, 0xff, 0xff, 0x40, 0x0, 0x9f, 0xff, 0xf6,
    0x0, 0x1e, 0xff, 0xfd, 0x0, 0x3f, 0xff, 0xfb,
    0x0, 0x0, 0x5f, 0xff, 0xf8, 0xc, 0xff, 0xfe,
    0x10, 0x0, 0x0, 0xaf, 0xff, 0xf8, 0xff, 0xff,
    0x50, 0x0, 0x0, 0x1, 0xef, 0xff, 0xff, 0xff,
    0xa0, 0x0, 0x0, 0x0, 0x4, 0xff, 0xff, 0xff,
    0xe1, 0x0, 0x0, 0x0, 0x0, 0x9, 0xff, 0xff,
    0xf4, 0x0, 0x0, 0x0, 0x0, 0x0, 0x3f, 0xff,
    0xfd, 0x0, 0x0, 0x0, 0x0, 0x0, 0xd, 0xff,
    0xff, 0xf7, 0x0, 0x0, 0x0, 0x0, 0x9, 0xff,
    0xff, 0xff, 0xf3, 0x0, 0x0, 0x0, 0x4, 0xff,
    0xff, 0xff, 0xff, 0xd0, 0x0, 0x0, 0x1, 0xef,
    0xff, 0xd5, 0xff, 0xff, 0x90, 0x0, 0x0, 0xbf,
    0xff, 0xf3, 0xa, 0xff, 0xff, 0x50, 0x0, 0x6f,
    0xff, 0xf9, 0x0, 0x1f, 0xff, 0xfe, 0x10, 0x2f,
    0xff, 0xfe, 0x10, 0x0, 0x6f, 0xff, 0xfb, 0x0,

    /* U+0079 "y" */
    0x4f, 0xff, 0xf7, 0x0, 0x0, 0x8, 0xff, 0xff,
    0x40, 0xef, 0xff, 0xc0, 0x0, 0x0, 0xdf, 0xff,
    0xe0, 0x8, 0xff, 0xff, 0x20, 0x0, 0x1f, 0xff,
    0xf8, 0x0, 0x2f, 0xff, 0xf7, 0x0, 0x6, 0xff,
    0xff, 0x20, 0x0, 0xcf, 0xff, 0xc0, 0x0, 0xbf,
    0xff, 0xc0, 0x0, 0x6, 0xff, 0xff, 0x10, 0xf,
    0xff, 0xf6, 0x0, 0x0, 0x1f, 0xff, 0xf6, 0x4,
    0xff, 0xff, 0x10, 0x0, 0x0, 0xaf, 0xff, 0xb0,
    0x9f, 0xff, 0xa0, 0x0, 0x0, 0x4, 0xff, 0xff,
    0x1e, 0xff, 0xf4, 0x0, 0x0, 0x0, 0xe, 0xff,
    0xf9, 0xff, 0xfe, 0x0, 0x0, 0x0, 0x0, 0x8f,
    0xff, 0xff, 0xff, 0x90, 0x0, 0x0, 0x0, 0x2,
    0xff, 0xff, 0xff, 0xf3, 0x0, 0x0, 0x0, 0x0,
    0xc, 0xff, 0xff, 0xfd, 0x0, 0x0, 0x0, 0x0,
    0x0, 0x6f, 0xff, 0xff, 0x70, 0x0, 0x0, 0x0,
    0x0, 0x0, 0xff, 0xff, 0xf1, 0x0, 0x0, 0x0,
    0x0, 0x0, 0xc, 0xff, 0xfb, 0x0, 0x0, 0x0,
    0x0, 0x0, 0x1, 0xff, 0xff, 0x50, 0x0, 0x0,
    0x0, 0x0, 0x0, 0x8f, 0xff, 0xf0, 0x0, 0x0,
    0x0, 0x0, 0x0, 0xe, 0xff, 0xf9, 0x0, 0x0,
    0x0, 0x0, 0x0, 0x5, 0xff, 0xff, 0x40, 0x0,
    0x0, 0x0, 0x0, 0x0, 0xbf, 0xff, 0xe0, 0x0,
    0x0, 0x0, 0x0,

    /* U+007A "z" */
    0x4f, 0xff, 0xff, 0xff, 0xff, 0xff, 0x24, 0xff,
    0xff, 0xff, 0xff, 0xff, 0xf2, 0x4f, 0xff, 0xff,
    0xff, 0xff, 0xff, 0x24, 0xff, 0xff, 0xff, 0xff,
    0xff, 0xd0, 0x3, 0x33, 0x34, 0xef, 0xff, 0xf2,
    0x0, 0x0, 0x0, 0x9f, 0xff, 0xf5, 0x0, 0x0,
    0x0, 0x5f, 0xff, 0xf9, 0x0, 0x0, 0x0, 0x2f,
    0xff, 0xfc, 0x0, 0x0, 0x0, 0xd, 0xff, 0xfe,
    0x20, 0x0, 0x0, 0xa, 0xff, 0xff, 0x40, 0x0,
    0x0, 0x6, 0xff, 0xff, 0xb3, 0x33, 0x33, 0x13,
    0xff, 0xff, 0xff, 0xff, 0xff, 0xf7, 0x6f, 0xff,
    0xff, 0xff, 0xff, 0xff, 0x76, 0xff, 0xff, 0xff,
    0xff, 0xff, 0xf7, 0x6f, 0xff, 0xff, 0xff, 0xff,
    0xff, 0x70,

    /* U+007B "{" */
    0x0, 0x0, 0x0, 0x48, 0xa8, 0x0, 0x0, 0x2d,
    0xff, 0xfb, 0x0, 0x0, 0xdf, 0xff, 0xfb, 0x0,
    0x6, 0xff, 0xff, 0xfb, 0x0, 0xa, 0xff, 0xfd,
    0x30, 0x0, 0xc, 0xff, 0xf5, 0x0, 0x0, 0xd,
    0xff, 0xf3, 0x0, 0x0, 0xd, 0xff, 0xf3, 0x0,
    0x0, 0xe, 0xff, 0xf2, 0x0, 0x1, 0x7f, 0xff,
    0xf0, 0x0, 0xbf, 0xff, 0xff, 0xb0, 0x0, 0xbf,
    0xff, 0xfb, 0x10, 0x0, 0xbf, 0xff, 0xfc, 0x10,
    0x0, 0xbf, 0xff, 0xff, 0xc0, 0x0, 0x1, 0x7f,
    0xff, 0xf1, 0x0, 0x0, 0xe, 0xff, 0xf2, 0x0,
    0x0, 0xd, 0xff, 0xf3, 0x0, 0x0, 0xd, 0xff,
    0xf3, 0x0, 0x0, 0xb, 0xff, 0xfa, 0x0, 0x0,
    0x8, 0xff, 0xff, 0xe9, 0x0, 0x2, 0xff, 0xff,
    0xfb, 0x0, 0x0, 0x6f, 0xff, 0xfb, 0x0, 0x0,
    0x2, 0x9c, 0xfb,

    /* U+007C "|" */
    0x58, 0x88, 0x2b, 0xff, 0xf5, 0xbf, 0xff, 0x5b,
    0xff, 0xf5, 0xbf, 0xff, 0x5b, 0xff, 0xf5, 0xbf,
    0xff, 0x5b, 0xff, 0xf5, 0xbf, 0xff, 0x5b, 0xff,
    0xf5, 0xbf, 0xff, 0x5b, 0xff, 0xf5, 0xbf, 0xff,
    0x5b, 0xff, 0xf5, 0xbf, 0xff, 0x5b, 0xff, 0xf5,
    0xbf, 0xff, 0x5b, 0xff, 0xf5, 0xbf, 0xff, 0x5b,
    0xff, 0xf5, 0xbf, 0xff, 0x5b, 0xff, 0xf5, 0xbf,
    0xff, 0x50,

    /* U+007D "}" */
    0x8a, 0x84, 0x0, 0x0, 0x0, 0xbf, 0xff, 0xd2,
    0x0, 0x0, 0xbf, 0xff, 0xfd, 0x0, 0x0, 0xbf,
    0xff, 0xff, 0x60, 0x0, 0x3, 0xdf, 0xff, 0xa0,
    0x0, 0x0, 0x4f, 0xff, 0xc0, 0x0, 0x0, 0x3f,
    0xff, 0xd0, 0x0, 0x0, 0x2f, 0xff, 0xd0, 0x0,
    0x0, 0x2f, 0xff, 0xe0, 0x0, 0x0, 0xf, 0xff,
    0xf7, 0x10, 0x0, 0xb, 0xff, 0xff, 0xfb, 0x0,
    0x1, 0xbf, 0xff, 0xfb, 0x0, 0x1, 0xcf, 0xff,
    0xfb, 0x0, 0xc, 0xff, 0xff, 0xfb, 0x0, 0x1f,
    0xff, 0xf7, 0x10, 0x0, 0x2f, 0xff, 0xe0, 0x0,
    0x0, 0x3f, 0xff, 0xd0, 0x0, 0x0, 0x3f, 0xff,
    0xd0, 0x0, 0x0, 0x9f, 0xff, 0xc0, 0x0, 0x9e,
    0xff, 0xff, 0x80, 0x0, 0xbf, 0xff, 0xff, 0x20,
    0x0, 0xbf, 0xff, 0xf6, 0x0, 0x0, 0xbf, 0xc9,
    0x20, 0x0, 0x0,

    /* U+007E "~" */
    0x0, 0x0, 0x0, 0x0, 0x0, 0x0, 0x20, 0x0,
    0x0, 0x8, 0xdf, 0xd6, 0x0, 0x4, 0xfb, 0x30,
    0x0, 0xcf, 0xff, 0xff, 0xe9, 0x8f, 0xff, 0xf5,
    0xb, 0xff, 0xff, 0xff, 0xff, 0xff, 0xff, 0xf1,
    0x5f, 0xff, 0xff, 0xff, 0xff, 0xff, 0xff, 0x80,
    0x4d, 0xff, 0xd8, 0xcf, 0xff, 0xff, 0xfb, 0x0,
    0x0, 0x7d, 0x0, 0x3, 0xae, 0xfd, 0x70, 0x0,
    0x0, 0x0, 0x0, 0x0, 0x0, 0x0, 0x0, 0x0,

    /* U+007F "" */

    /* U+00B7 "·" */
    0x6f, 0xff, 0xf6, 0x6f, 0xff, 0xf6, 0x6f, 0xff,
    0xf6, 0x6f, 0xff, 0xf6, 0x6f, 0xff, 0xf6,

    /* U+2103 "℃" */
    0x0, 0x6b, 0xda, 0x40, 0x0, 0x0, 0x0, 0x1,
    0x6a, 0xcd, 0xca, 0x50, 0x0, 0x0, 0xcf, 0xff,
    0xff, 0x70, 0x0, 0x0, 0x8, 0xff, 0xff, 0xff,
    0xff, 0xd3, 0x0, 0x7f, 0xfc, 0x9e, 0xff, 0x30,
    0x0, 0x1b, 0xff, 0xff, 0xff, 0xff, 0xff, 0xf5,
    0xd, 0xfb, 0x0, 0x1f, 0xf8, 0x0, 0xb, 0xff,
    0xff, 0xff, 0xff, 0xff, 0xff, 0xf3, 0xff, 0x70,
    0x0, 0xdf, 0xa0, 0x6, 0xff, 0xff, 0xfb, 0x65,
    0x7e, 0xff, 0xff, 0x8d, 0xfb, 0x0, 0x1f, 0xf9,
    0x0, 0xef, 0xff, 0xf5, 0x0, 0x0, 0xb, 0xff,
    0x60, 0x8f, 0xfb, 0x8d, 0xff, 0x30, 0x4f, 0xff,
    0xf9, 0x0, 0x0, 0x0, 0x1a, 0x20, 0x0, 0xcf,
    0xff, 0xff, 0x80, 0x8, 0xff, 0xff, 0x20, 0x0,
    0x0, 0x0, 0x0, 0x0, 0x0, 0x7c, 0xdb, 0x40,
    0x0, 0xaf, 0xff, 0xe0, 0x0, 0x0, 0x0, 0x0,
    0x0, 0x0, 0x0, 0x0, 0x0, 0x0, 0xb, 0xff,
    0xfd, 0x0, 0x0, 0x0, 0x0, 0x0, 0x0, 0x0,
    0x0, 0x0, 0x0, 0x0, 0xbf, 0xff, 0xd0, 0x0,
    0x0, 0x0, 0x0, 0x0, 0x0, 0x0, 0x0, 0x0,
    0x0, 0xa, 0xff, 0xff, 0x0, 0x0, 0x0, 0x0,
    0x0, 0x0, 0x0, 0x0, 0x0, 0x0, 0x0, 0x8f,
    0xff, 0xf3, 0x0, 0x0, 0x0, 0x0, 0x0, 0x0,
    0x0, 0x0, 0x0, 0x0, 0x3, 0xff, 0xff, 0xa0,
    0x0, 0x0, 0x0, 0x91, 0x0, 0x0, 0x0, 0x0,
    0x0, 0x0, 0xd, 0xff, 0xff, 0x60, 0x0, 0x0,
    0xbf, 0xf5, 0x0, 0x0, 0x0, 0x0, 0x0, 0x0,
    0x6f, 0xff, 0xff, 0xb6, 0x57, 0xdf, 0xff, 0xf9,
    0x0, 0x0, 0x0, 0x0, 0x0, 0x0, 0xbf, 0xff,
    0xff, 0xff, 0xff, 0xff, 0xff, 0x30, 0x0, 0x0,
    0x0, 0x0, 0x0, 0x0, 0xcf, 0xff, 0xff, 0xff,
    0xff, 0xff, 0x50, 0x0, 0x0, 0x0, 0x0, 0x0,
    0x0, 0x0, 0x8f, 0xff, 0xff, 0xff, 0xfe, 0x30,
    0x0, 0x0, 0x0, 0x0, 0x0, 0x0, 0x0, 0x0,
    0x16, 0xac, 0xdc, 0xa5, 0x0, 0x0,

    /* U+3002 "。" */
    0x0, 0x0, 0x0, 0x0, 0x0, 0x0, 0x4c, 0xff,
    0xc4, 0x0, 0x4, 0xff, 0xee, 0xff, 0x40, 0xd,
    0xf7, 0x0, 0x7f, 0xd0, 0x1f, 0xd0, 0x0, 0xd,
    0xf0, 0x1f, 0xd0, 0x0, 0xd, 0xf1, 0xd, 0xf6,
    0x0, 0x6f, 0xd0, 0x4, 0xff, 0xef, 0xff, 0x40,
    0x0, 0x3b, 0xff, 0xb3, 0x0,

    /* U+4E2D "中" */
    0x0, 0x0, 0x0, 0x0, 0xff, 0xfe, 0x0, 0x0,
    0x0, 0x0, 0x0, 0x0, 0x0, 0x0, 0xff, 0xfe,
    0x0, 0x0, 0x0, 0x0, 0x0, 0x0, 0x0, 0x0,
    0xff, 0xfe, 0x0, 0x0, 0x0, 0x0, 0x0, 0x0,
    0x0, 0x0, 0xff, 0xfe, 0x0, 0x0, 0x0, 0x0,
    0x89, 0x99, 0x99, 0x99, 0xff, 0xff, 0x99, 0x99,
    0x99, 0x98, 0xef, 0xff, 0xff, 0xff, 0xff, 0xff,
    0xff, 0xff, 0xff, 0xfe, 0xef, 0xff, 0xff, 0xff,
    0xff, 0xff, 0xff, 0xff, 0xff, 0xfe, 0xef, 0xff,
    0xff, 0xff, 0xff, 0xff, 0xff, 0xff, 0xff, 0xfe,
    0xef, 0xfb, 0x0, 0x0, 0xff, 0xfe, 0x0, 0x0,
    0xbf, 0xfe, 0xef, 0xfb, 0x0, 0x0, 0xff, 0xfe,
    0x0, 0x0, 0xbf, 0xfe, 0xef, 0xfb, 0x0, 0x0,
    0xff, 0xfe, 0x0, 0x0, 0xbf, 0xfe, 0xef, 0xfb,
    0x0, 0x0, 0xff, 0xfe, 0x0, 0x0, 0xbf, 0xfe,
    0xef, 0xfb, 0x0, 0x0, 0xff, 0xfe, 0x0, 0x0,
    0xbf, 0xfe, 0xef, 0xff, 0xff, 0xff, 0xff, 0xff,
    0xff, 0xff, 0xff, 0xfe, 0xef, 0xff, 0xff, 0xff,
    0xff, 0xff, 0xff, 0xff, 0xff, 0xfe, 0xef, 0xff,
    0xff, 0xff, 0xff, 0xff, 0xff, 0xff, 0xff, 0xfe,
    0x67, 0x77, 0x77, 0x77, 0xff, 0xff, 0x77, 0x77,
    0x77, 0x76, 0x0, 0x0, 0x0, 0x0, 0xff, 0xfe,
    0x0, 0x0, 0x0, 0x0, 0x0, 0x0, 0x0, 0x0,
    0xff, 0xfe, 0x0, 0x0, 0x0, 0x0, 0x0, 0x0,
    0x0, 0x0, 0xff, 0xfe, 0x0, 0x0, 0x0, 0x0,
    0x0, 0x0, 0x0, 0x0, 0xff, 0xfe, 0x0, 0x0,
    0x0, 0x0, 0x0, 0x0, 0x0, 0x0, 0xff, 0xfe,
    0x0, 0x0, 0x0, 0x0, 0x0, 0x0, 0x0, 0x0,
    0xff, 0xfe, 0x0, 0x0, 0x0, 0x0,

    /* U+4E8B "事" */
    0x0, 0x0, 0x0, 0x0, 0xb, 0xff, 0xb0, 0x0,
    0x0, 0x0, 0x0, 0x36, 0x66, 0x66, 0x66, 0x6d,
    0xff, 0xd6, 0x66, 0x66, 0x66, 0x63, 0xaf, 0xff,
    0xff, 0xff, 0xff, 0xff, 0xff, 0xff, 0xff, 0xff,
    0xf8, 0xaf, 0xff, 0xff, 0xff, 0xff, 0xff, 0xff,
    0xff, 0xff, 0xff, 0xf8, 0x23, 0x33, 0x33, 0x33,
    0x3c, 0xff, 0xc3, 0x33, 0x33, 0x33, 0x31, 0x0,
    0xcf, 0xff, 0xff, 0xff, 0xff, 0xff, 0xff, 0xff,
    0xfb, 0x0, 0x0, 0xdf, 0xff, 0xff, 0xff, 0xff,
    0xff, 0xff, 0xff, 0xfb, 0x0, 0x0, 0xdf, 0xf7,
    0x22, 0x2c, 0xff, 0xb2, 0x22, 0xaf, 0xfb, 0x0,
    0x0, 0xdf, 0xff, 0xff, 0xff, 0xff, 0xff, 0xff,
    0xff, 0xfb, 0x0, 0x0, 0xcf, 0xff, 0xff, 0xff,
    0xff, 0xff, 0xff, 0xff, 0xfb, 0x0, 0x1, 0x44,
    0x44, 0x44, 0x4c, 0xff, 0xc4, 0x44, 0x44, 0x44,
    0x10, 0x4, 0xff, 0xff, 0xff, 0xff, 0xff, 0xff,
    0xff, 0xff, 0xff, 0x40, 0x3, 0xff, 0xff, 0xff,
    0xff, 0xff, 0xff, 0xff, 0xff, 0xff, 0x40, 0x22,
    0x22, 0x22, 0x22, 0x2c, 0xff, 0xb2, 0x22, 0x2f,
    0xff, 0x61, 0xef, 0xff, 0xff, 0xff, 0xff, 0xff,
    0xff, 0xff, 0xff, 0xff, 0xfb, 0xef, 0xff, 0xff,
    0xff, 0xff, 0xff, 0xff, 0xff, 0xff, 0xff, 0xfb,
    0x1, 0x33, 0x33, 0x33, 0x3c, 0xff, 0xc3, 0x33,
    0x3f, 0xff, 0x50, 0x7, 0xff, 0xff, 0xff, 0xff,
    0xff, 0xff, 0xff, 0xff, 0xff, 0x40, 0x7, 0xff,
    0xff, 0xff, 0xff, 0xff, 0xff, 0xff, 0xff, 0xff,
    0x40, 0x0, 0x0, 0x0, 0x0, 0xd, 0xff, 0xb0,
    0x0, 0x0, 0x0, 0x0, 0x0, 0x0, 0x7, 0xee,
    0xff, 0xff, 0x90, 0x0, 0x0, 0x0, 0x0, 0x0,
    0x0, 0x5, 0xff, 0xff, 0xff, 0x50, 0x0, 0x0,
    0x0, 0x0, 0x0, 0x0, 0x1, 0xff, 0xff, 0xd6,
    0x0, 0x0, 0x0, 0x0, 0x0,

    /* U+4E8E "于" */
    0x0, 0xff, 0xff, 0xff, 0xff, 0xff, 0xff, 0xff,
    0xff, 0xf8, 0x0, 0x0, 0xff, 0xff, 0xff, 0xff,
    0xff, 0xff, 0xff, 0xff, 0xf8, 0x0, 0x0, 0xff,
    0xff, 0xff, 0xff, 0xff, 0xff, 0xff, 0xff, 0xf8,
    0x0, 0x0, 0x77, 0x77, 0x77, 0x7d, 0xff, 0xf8,
    0x77, 0x77, 0x73, 0x0, 0x0, 0x0, 0x0, 0x0,
    0xb, 0xff, 0xf2, 0x0, 0x0, 0x0, 0x0, 0x0,
    0x0, 0x0, 0x0, 0xb, 0xff, 0xf2, 0x0, 0x0,
    0x0, 0x0, 0x0, 0x0, 0x0, 0x0, 0xb, 0xff,
    0xf2, 0x0, 0x0, 0x0, 0x0, 0x0, 0x0, 0x0,
    0x0, 0xb, 0xff, 0xf2, 0x0, 0x0, 0x0, 0x0,
    0x57, 0x77, 0x77, 0x77, 0x7d, 0xff, 0xf8, 0x77,
    0x77, 0x77, 0x71, 0xbf, 0xff, 0xff, 0xff, 0xff,
    0xff, 0xff, 0xff, 0xff, 0xff, 0xf3, 0xbf, 0xff,
    0xff, 0xff, 0xff, 0xff, 0xff, 0xff, 0xff, 0xff,
    0xf3, 0xaf, 0xff, 0xff, 0xff, 0xff, 0xff, 0xff,
    0xff, 0xff, 0xff, 0xf3, 0x0, 0x0, 0x0, 0x0,
    0xb, 0xff, 0xf2, 0x0, 0x0, 0x0, 0x0, 0x0,
    0x0, 0x0, 0x0, 0xb, 0xff, 0xf2, 0x0, 0x0,
    0x0, 0x0, 0x0, 0x0, 0x0, 0x0, 0xb, 0xff,
    0xf2, 0x0, 0x0, 0x0, 0x0, 0x0, 0x0, 0x0,
    0x0, 0xb, 0xff, 0xf2, 0x0, 0x0, 0x0, 0x0,
    0x0, 0x0, 0x0, 0x0, 0xb, 0xff, 0xf2, 0x0,
    0x0, 0x0, 0x0, 0x0, 0x0, 0x0, 0x0, 0xc,
    0xff, 0xf2, 0x0, 0x0, 0x0, 0x0, 0x0, 0x0,
    0x7c, 0xcc, 0xcf, 0xff, 0xf2, 0x0, 0x0, 0x0,
    0x0, 0x0, 0x0, 0x7f, 0xff, 0xff, 0xff, 0xf0,
    0x0, 0x0, 0x0, 0x0, 0x0, 0x0, 0x4f, 0xff,
    0xff, 0xff, 0xb0, 0x0, 0x0, 0x0, 0x0, 0x0,
    0x0, 0x1f, 0xff, 0xff, 0xd9, 0x10, 0x0, 0x0,
    0x0, 0x0,

    /* U+4EAE "亮" */
    0x0, 0x0, 0x0, 0x0, 0x8, 0x9a, 0xb0, 0x0,
    0x0, 0x0, 0x0, 0x0, 0x0, 0x0, 0x0, 0xd,
    0xff, 0xf4, 0x0, 0x0, 0x0, 0x0, 0x4f, 0xff,
    0xff, 0xff, 0xff, 0xff, 0xff, 0xff, 0xff, 0xff,
    0xfc, 0x4f, 0xff, 0xff, 0xff, 0xff, 0xff, 0xff,
    0xff, 0xff, 0xff, 0xfc, 0x3b, 0xbb, 0xbb, 0xbb,
    0xbb, 0xbb, 0xbb, 0xbb, 0xbb, 0xbb, 0xb8, 0x0,
    0x5, 0x66, 0x66, 0x66, 0x66, 0x66, 0x66, 0x66,
    0x60, 0x0, 0x0, 0xc, 0xff, 0xff, 0xff, 0xff,
    0xff, 0xff, 0xff, 0xf2, 0x0, 0x0, 0xc, 0xff,
    0xed, 0xdd, 0xdd, 0xdd, 0xde, 0xff, 0xf2, 0x0,
    0x0, 0xc, 0xff, 0xb5, 0x55, 0x55, 0x55, 0x58,
    0xff, 0xf2, 0x0, 0x0, 0xc, 0xff, 0xff, 0xff,
    0xff, 0xff, 0xff, 0xff, 0xf2, 0x0, 0x0, 0xc,
    0xff, 0xff, 0xff, 0xff, 0xff, 0xff, 0xff, 0xf1,
    0x0, 0x3, 0x33, 0x33, 0x33, 0x33, 0x33, 0x33,
    0x33, 0x33, 0x33, 0x32, 0x3f, 0xff, 0xff, 0xff,
    0xff, 0xff, 0xff, 0xff, 0xff, 0xff, 0xfc, 0x3f,
    0xff, 0xff, 0xff, 0xff, 0xff, 0xff, 0xff, 0xff,
    0xff, 0xfc, 0x3f, 0xff, 0x66, 0x66, 0x66, 0x66,
    0x66, 0x66, 0x66, 0xdf, 0xfc, 0x3f, 0xff, 0x8,
    0xbb, 0xbb, 0xbb, 0xbb, 0xbb, 0x30, 0xcf, 0xfc,
    0x4, 0x44, 0xb, 0xff, 0xff, 0xff, 0xff, 0xff,
    0x40, 0x45, 0x43, 0x0, 0x0, 0xc, 0xff, 0xff,
    0xff, 0xff, 0xff, 0x40, 0x5f, 0xea, 0x0, 0x0,
    0x2f, 0xff, 0xb0, 0x0, 0x2f, 0xff, 0x40, 0x6f,
    0xfe, 0x0, 0x5, 0xef, 0xff, 0x80, 0x0, 0x2f,
    0xff, 0x50, 0x8f, 0xfd, 0x39, 0xef, 0xff, 0xfe,
    0x10, 0x0, 0x1f, 0xff, 0xff, 0xff, 0xfb, 0x4f,
    0xff, 0xff, 0xd2, 0x0, 0x0, 0xe, 0xff, 0xff,
    0xff, 0xf7, 0xc, 0xff, 0xe7, 0x0, 0x0, 0x0,
    0x5, 0xdf, 0xff, 0xfe, 0x90, 0x4, 0xa5, 0x0,
    0x0, 0x0, 0x0, 0x0, 0x0, 0x0, 0x0, 0x0,

    /* U+4EBA "人" */
    0x0, 0x0, 0x0, 0x0, 0x1f, 0xff, 0xe0, 0x0,
    0x0, 0x0, 0x0, 0x0, 0x0, 0x0, 0x0, 0x1f,
    0xff, 0xe0, 0x0, 0x0, 0x0, 0x0, 0x0, 0x0,
    0x0, 0x0, 0x1f, 0xff, 0xe0, 0x0, 0x0, 0x0,
    0x0, 0x0, 0x0, 0x0, 0x0, 0x1f, 0xff, 0xe0,
    0x0, 0x0, 0x0, 0x0, 0x0, 0x0, 0x0, 0x0,
    0x2f, 0xff, 0xd0, 0x0, 0x0, 0x0, 0x0, 0x0,
    0x0, 0x0, 0x0, 0x3f, 0xff, 0xd0, 0x0, 0x0,
    0x0, 0x0, 0x0, 0x0, 0x0, 0x0, 0x5f, 0xff,
    0xf0, 0x0, 0x0, 0x0, 0x0, 0x0, 0x0, 0x0,
    0x0, 0x7f, 0xff, 0xf3, 0x0, 0x0, 0x0, 0x0,
    0x0, 0x0, 0x0, 0x0, 0xaf, 0xff, 0xf7, 0x0,
    0x0, 0x0, 0x0, 0x0, 0x0, 0x0, 0x0, 0xef,
    0xff, 0xfd, 0x0, 0x0, 0x0, 0x0, 0x0, 0x0,
    0x0, 0x4, 0xff, 0xff, 0xff, 0x40, 0x0, 0x0,
    0x0, 0x0, 0x0, 0x0, 0xb, 0xff, 0xff, 0xff,
    0xc0, 0x0, 0x0, 0x0, 0x0, 0x0, 0x0, 0x3f,
    0xff, 0xfc, 0xff, 0xf6, 0x0, 0x0, 0x0, 0x0,
    0x0, 0x0, 0xdf, 0xff, 0x92, 0xff, 0xff, 0x20,
    0x0, 0x0, 0x0, 0x0, 0xa, 0xff, 0xff, 0x10,
    0x9f, 0xff, 0xd1, 0x0, 0x0, 0x0, 0x0, 0x9f,
    0xff, 0xf7, 0x0, 0x1e, 0xff, 0xfd, 0x10, 0x0,
    0x0, 0xa, 0xff, 0xff, 0xb0, 0x0, 0x4, 0xff,
    0xff, 0xe3, 0x0, 0x3, 0xdf, 0xff, 0xfe, 0x10,
    0x0, 0x0, 0x8f, 0xff, 0xff, 0x70, 0x7f, 0xff,
    0xff, 0xe2, 0x0, 0x0, 0x0, 0xa, 0xff, 0xff,
    0xf9, 0x3f, 0xff, 0xfe, 0x20, 0x0, 0x0, 0x0,
    0x0, 0xbf, 0xff, 0xf2, 0x9, 0xff, 0xd2, 0x0,
    0x0, 0x0, 0x0, 0x0, 0xa, 0xff, 0x70, 0x0,
    0xdc, 0x10, 0x0, 0x0, 0x0, 0x0, 0x0, 0x0,
    0x7c, 0x0, 0x0, 0x20, 0x0, 0x0, 0x0, 0x0,
    0x0, 0x0, 0x0, 0x0, 0x0,

    /* U+4EF6 "件" */
    0x0, 0x0, 0x6, 0x20, 0x0, 0x0, 0x0, 0xff,
    0xfd, 0x0, 0x0, 0x0, 0x0, 0x4, 0xff, 0xe6,
    0x35, 0x10, 0xf, 0xff, 0xd0, 0x0, 0x0, 0x0,
    0x0, 0x9f, 0xff, 0x49, 0xff, 0xd0, 0xff, 0xfd,
    0x0, 0x0, 0x0, 0x0, 0xe, 0xff, 0xf0, 0xcf,
    0xfe, 0xf, 0xff, 0xd0, 0x0, 0x0, 0x0, 0x5,
    0xff, 0xfa, 0x1f, 0xff, 0xa0, 0xff, 0xfd, 0x0,
    0x0, 0x0, 0x0, 0xbf, 0xff, 0x55, 0xff, 0xff,
    0xff, 0xff, 0xff, 0xff, 0xf3, 0x0, 0x2f, 0xff,
    0xf0, 0xaf, 0xff, 0xff, 0xff, 0xff, 0xff, 0xff,
    0x30, 0xa, 0xff, 0xfe, 0xf, 0xff, 0xff, 0xff,
    0xff, 0xff, 0xff, 0xf3, 0x3, 0xff, 0xff, 0xe6,
    0xff, 0xfb, 0x66, 0xff, 0xfe, 0x66, 0x66, 0x10,
    0xcf, 0xff, 0xfe, 0xcf, 0xff, 0x30, 0xf, 0xff,
    0xd0, 0x0, 0x0, 0xf, 0xff, 0xff, 0xfb, 0xff,
    0xd0, 0x0, 0xff, 0xfd, 0x0, 0x0, 0x0, 0xef,
    0xff, 0xfe, 0x1, 0x65, 0x0, 0xf, 0xff, 0xd0,
    0x0, 0x0, 0xc, 0xff, 0xff, 0xe1, 0x44, 0x44,
    0x44, 0xff, 0xfe, 0x44, 0x44, 0x40, 0x9d, 0x9f,
    0xfe, 0x3f, 0xff, 0xff, 0xff, 0xff, 0xff, 0xff,
    0xff, 0x6, 0x28, 0xff, 0xe3, 0xff, 0xff, 0xff,
    0xff, 0xff, 0xff, 0xff, 0xf0, 0x0, 0x8f, 0xfe,
    0x3f, 0xff, 0xff, 0xff, 0xff, 0xff, 0xff, 0xff,
    0x0, 0x8, 0xff, 0xe0, 0x11, 0x11, 0x11, 0xff,
    0xfd, 0x11, 0x11, 0x10, 0x0, 0x8f, 0xfe, 0x0,
    0x0, 0x0, 0xf, 0xff, 0xd0, 0x0, 0x0, 0x0,
    0x8, 0xff, 0xe0, 0x0, 0x0, 0x0, 0xff, 0xfd,
    0x0, 0x0, 0x0, 0x0, 0x8f, 0xfe, 0x0, 0x0,
    0x0, 0xf, 0xff, 0xd0, 0x0, 0x0, 0x0, 0x8,
    0xff, 0xe0, 0x0, 0x0, 0x0, 0xff, 0xfd, 0x0,
    0x0, 0x0, 0x0, 0x8f, 0xfe, 0x0, 0x0, 0x0,
    0xf, 0xff, 0xd0, 0x0, 0x0, 0x0, 0x6, 0xcc,
    0xb0, 0x0, 0x0, 0x0, 0xff, 0xfd, 0x0, 0x0,
    0x0,

    /* U+4F20 "传" */
    0x0, 0x0, 0x6b, 0x84, 0x0, 0x4, 0xff, 0xf5,
    0x0, 0x0, 0x0, 0x0, 0x0, 0xdf, 0xfc, 0x0,
    0x7, 0xff, 0xf2, 0x0, 0x0, 0x0, 0x0, 0x3,
    0xff, 0xf7, 0x0, 0x9, 0xff, 0xf0, 0x0, 0x0,
    0x0, 0x0, 0x9, 0xff, 0xf9, 0xff, 0xff, 0xff,
    0xff, 0xff, 0xff, 0xf1, 0x0, 0x1f, 0xff, 0xc7,
    0xff, 0xff, 0xff, 0xff, 0xff, 0xff, 0xf1, 0x0,
    0x8f, 0xff, 0x67, 0xff, 0xff, 0xff, 0xff, 0xff,
    0xff, 0xf1, 0x0, 0xef, 0xff, 0x10, 0x11, 0x9f,
    0xff, 0x21, 0x11, 0x11, 0x10, 0x8, 0xff, 0xfe,
    0x24, 0x44, 0xdf, 0xfd, 0x44, 0x44, 0x44, 0x43,
    0x1f, 0xff, 0xfe, 0x8f, 0xff, 0xff, 0xff, 0xff,
    0xff, 0xff, 0xfc, 0xbf, 0xff, 0xfe, 0x8f, 0xff,
    0xff, 0xff, 0xff, 0xff, 0xff, 0xfc, 0xef, 0xff,
    0xfe, 0x8f, 0xff, 0xff, 0xff, 0xff, 0xff, 0xff,
    0xfc, 0xaf, 0xff, 0xfe, 0x0, 0x2f, 0xff, 0x60,
    0x0, 0x0, 0x0, 0x0, 0x7f, 0xdf, 0xfe, 0x0,
    0x8f, 0xff, 0xff, 0xff, 0xff, 0xff, 0x80, 0x4d,
    0x5f, 0xfe, 0x0, 0x8f, 0xff, 0xff, 0xff, 0xff,
    0xff, 0x80, 0x2, 0x5f, 0xfe, 0x0, 0x8f, 0xff,
    0xff, 0xff, 0xff, 0xff, 0x80, 0x0, 0x5f, 0xfe,
    0x0, 0x14, 0x11, 0x11, 0x12, 0xdf, 0xff, 0x30,
    0x0, 0x5f, 0xfe, 0x0, 0x5f, 0xb5, 0x0, 0xa,
    0xff, 0xf5, 0x0, 0x0, 0x5f, 0xfe, 0x0, 0xcf,
    0xff, 0xe8, 0x8f, 0xff, 0x90, 0x0, 0x0, 0x5f,
    0xfe, 0x1, 0xff, 0xff, 0xff, 0xff, 0xfc, 0x0,
    0x0, 0x0, 0x5f, 0xfe, 0x0, 0x6, 0xcf, 0xff,
    0xff, 0xfd, 0x71, 0x0, 0x0, 0x5f, 0xfe, 0x0,
    0x0, 0x3, 0xaf, 0xff, 0xff, 0xfd, 0x0, 0x0,
    0x5f, 0xfe, 0x0, 0x0, 0x0, 0x1, 0x7d, 0xff,
    0xf8, 0x0, 0x0, 0x5f, 0xfe, 0x0, 0x0, 0x0,
    0x0, 0x0, 0x4b, 0xf1, 0x0, 0x0, 0x0, 0x0,
    0x0, 0x0, 0x0, 0x0, 0x0, 0x0, 0x20, 0x0,

    /* U+4F4E "低" */
    0x0, 0x0, 0x53, 0x0, 0x0, 0x0, 0x0, 0x0,
    0x0, 0x0, 0x10, 0x0, 0x0, 0xf, 0xff, 0x60,
    0x0, 0x0, 0x24, 0x69, 0xbe, 0xfa, 0x0, 0x0,
    0x4, 0xff, 0xfb, 0xbc, 0xdf, 0xff, 0xff, 0xff,
    0xff, 0xe0, 0x0, 0x0, 0x9f, 0xfd, 0xef, 0xff,
    0xff, 0xff, 0xff, 0xff, 0xff, 0x20, 0x0, 0xf,
    0xff, 0x8e, 0xff, 0xff, 0xff, 0xff, 0xfd, 0xb8,
    0x51, 0x0, 0x6, 0xff, 0xf3, 0xef, 0xfd, 0xa8,
    0x8f, 0xff, 0x30, 0x0, 0x0, 0x0, 0xdf, 0xff,
    0xe, 0xff, 0x70, 0x2, 0xff, 0xf3, 0x0, 0x0,
    0x0, 0x4f, 0xff, 0xe0, 0xef, 0xf7, 0x0, 0x1f,
    0xff, 0x40, 0x0, 0x0, 0xc, 0xff, 0xfe, 0xe,
    0xff, 0xa5, 0x55, 0xff, 0xf9, 0x55, 0x53, 0x5,
    0xff, 0xff, 0xe0, 0xef, 0xff, 0xff, 0xff, 0xff,
    0xff, 0xff, 0xb0, 0xdf, 0xff, 0xfe, 0xe, 0xff,
    0xff, 0xff, 0xff, 0xff, 0xff, 0xfb, 0xb, 0xff,
    0xff, 0xe0, 0xef, 0xff, 0xff, 0xff, 0xff, 0xff,
    0xff, 0xb0, 0x8f, 0xff, 0xfe, 0xe, 0xff, 0x70,
    0x0, 0xaf, 0xfb, 0x0, 0x0, 0x5, 0xe7, 0xff,
    0xe0, 0xef, 0xf7, 0x0, 0x8, 0xff, 0xd0, 0x0,
    0x0, 0x14, 0x6f, 0xfe, 0xe, 0xff, 0x70, 0x0,
    0x5f, 0xff, 0x0, 0x0, 0x0, 0x6, 0xff, 0xe0,
    0xef, 0xf7, 0x0, 0x2, 0xff, 0xf3, 0x0, 0x0,
    0x0, 0x6f, 0xfe, 0xe, 0xff, 0x70, 0x0, 0xf,
    0xff, 0x64, 0xf9, 0x10, 0x6, 0xff, 0xe0, 0xef,
    0xfb, 0xb0, 0x2, 0xbf, 0xfb, 0x6f, 0xf5, 0x0,
    0x6f, 0xfe, 0xe, 0xff, 0xfe, 0x6e, 0xd7, 0xff,
    0xfc, 0xff, 0x20, 0x6, 0xff, 0xe0, 0xff, 0xff,
    0xf7, 0xff, 0x6f, 0xff, 0xff, 0xf0, 0x0, 0x6f,
    0xfe, 0x5f, 0xff, 0xfe, 0x2f, 0xfa, 0xaf, 0xff,
    0xfb, 0x0, 0x6, 0xff, 0xe0, 0xff, 0xe7, 0x0,
    0x9f, 0xf3, 0xff, 0xff, 0x40, 0x0, 0x6f, 0xfe,
    0x8, 0x70, 0x0, 0x2, 0xb6, 0x13, 0xde, 0x80,
    0x0,

    /* U+4FE1 "信" */
    0x0, 0x0, 0x97, 0x40, 0x0, 0x0, 0x46, 0x96,
    0x0, 0x0, 0x0, 0x0, 0x2, 0xff, 0xf5, 0x0,
    0x0, 0xef, 0xfd, 0x0, 0x0, 0x0, 0x0, 0x6,
    0xff, 0xfc, 0xbb, 0xbb, 0xef, 0xff, 0xbb, 0xbb,
    0xba, 0x0, 0xc, 0xff, 0xff, 0xff, 0xff, 0xff,
    0xff, 0xff, 0xff, 0xff, 0x0, 0x2f, 0xff, 0xdf,
    0xff, 0xff, 0xff, 0xff, 0xff, 0xff, 0xff, 0x0,
    0x8f, 0xff, 0x47, 0x77, 0x77, 0x77, 0x77, 0x77,
    0x77, 0x77, 0x0, 0xff, 0xfe, 0x9, 0xaa, 0xaa,
    0xaa, 0xaa, 0xaa, 0xaa, 0x90, 0x7, 0xff, 0xfe,
    0xe, 0xff, 0xff, 0xff, 0xff, 0xff, 0xff, 0xd0,
    0xe, 0xff, 0xfe, 0xe, 0xff, 0xff, 0xff, 0xff,
    0xff, 0xff, 0xd0, 0x8f, 0xff, 0xfe, 0x0, 0x11,
    0x11, 0x11, 0x11, 0x11, 0x11, 0x0, 0xcf, 0xff,
    0xfe, 0xe, 0xff, 0xff, 0xff, 0xff, 0xff, 0xff,
    0xd0, 0xaf, 0xff, 0xfe, 0xe, 0xff, 0xff, 0xff,
    0xff, 0xff, 0xff, 0xd0, 0x8f, 0xff, 0xfe, 0xd,
    0xff, 0xff, 0xff, 0xff, 0xff, 0xff, 0xd0, 0x6e,
    0x8f, 0xfe, 0x1, 0x11, 0x11, 0x11, 0x11, 0x11,
    0x11, 0x10, 0x45, 0x6f, 0xfe, 0xe, 0xff, 0xff,
    0xff, 0xff, 0xff, 0xff, 0xe0, 0x0, 0x6f, 0xfe,
    0xe, 0xff, 0xff, 0xff, 0xff, 0xff, 0xff, 0xe0,
    0x0, 0x6f, 0xfe, 0xe, 0xff, 0xff, 0xff, 0xff,
    0xff, 0xff, 0xe0, 0x0, 0x6f, 0xfe, 0xe, 0xff,
    0x80, 0x0, 0x0, 0x7, 0xff, 0xe0, 0x0, 0x6f,
    0xfe, 0xe, 0xff, 0x81, 0x11, 0x11, 0x18, 0xff,
    0xe0, 0x0, 0x6f, 0xfe, 0xe, 0xff, 0xff, 0xff,
    0xff, 0xff, 0xff, 0xe0, 0x0, 0x6f, 0xfe, 0xe,
    0xff, 0xff, 0xff, 0xff, 0xff, 0xff, 0xe0, 0x0,
    0x6f, 0xfe, 0xe, 0xff, 0xff, 0xff, 0xff, 0xff,
    0xff, 0xe0, 0x0, 0x6f, 0xfe, 0xd, 0xee, 0x70,
    0x0, 0x0, 0x7, 0xee, 0xd0,

    /* U+503C "值" */
    0x0, 0x0, 0x0, 0x0, 0x0, 0x0, 0x0, 0x0,
    0x0, 0x0, 0x0, 0x0, 0x0, 0x9, 0xb7, 0x20,
    0x0, 0x0, 0xaf, 0xfc, 0x0, 0x0, 0x0, 0x0,
    0x0, 0xef, 0xff, 0x20, 0x0, 0xa, 0xff, 0xc0,
    0x0, 0x0, 0x0, 0x0, 0x2f, 0xff, 0xef, 0xff,
    0xff, 0xff, 0xff, 0xff, 0xff, 0xfb, 0x0, 0x7,
    0xff, 0xf9, 0xff, 0xff, 0xff, 0xff, 0xff, 0xff,
    0xff, 0xb0, 0x0, 0xdf, 0xff, 0x3e, 0xee, 0xee,
    0xff, 0xff, 0xee, 0xee, 0xe9, 0x0, 0x2f, 0xff,
    0xb0, 0x0, 0x0, 0xa, 0xff, 0xc0, 0x0, 0x0,
    0x0, 0x8, 0xff, 0xf6, 0x7, 0xff, 0xff, 0xff,
    0xff, 0xff, 0xff, 0xb0, 0x0, 0xef, 0xff, 0x50,
    0x7f, 0xff, 0xff, 0xff, 0xff, 0xff, 0xfb, 0x0,
    0x6f, 0xff, 0xf5, 0x7, 0xff, 0xfb, 0xbb, 0xbb,
    0xbe, 0xff, 0xb0, 0xd, 0xff, 0xff, 0x50, 0x7f,
    0xff, 0x44, 0x44, 0x44, 0xbf, 0xfb, 0x2, 0xff,
    0xff, 0xf5, 0x7, 0xff, 0xff, 0xff, 0xff, 0xff,
    0xff, 0xb0, 0xf, 0xff, 0xff, 0x50, 0x7f, 0xff,
    0xff, 0xff, 0xff, 0xff, 0xfb, 0x0, 0xcf, 0xff,
    0xf5, 0x7, 0xff, 0xf2, 0x22, 0x22, 0x2b, 0xff,
    0xb0, 0x9, 0x9f, 0xff, 0x50, 0x7f, 0xff, 0xff,
    0xff, 0xff, 0xff, 0xfb, 0x0, 0x40, 0xff, 0xf5,
    0x7, 0xff, 0xff, 0xff, 0xff, 0xff, 0xff, 0xb0,
    0x0, 0xf, 0xff, 0x50, 0x7f, 0xff, 0x22, 0x22,
    0x22, 0xbf, 0xfb, 0x0, 0x0, 0xff, 0xf5, 0x7,
    0xff, 0xff, 0xff, 0xff, 0xff, 0xff, 0xb0, 0x0,
    0xf, 0xff, 0x50, 0x7f, 0xff, 0xff, 0xff, 0xff,
    0xff, 0xfb, 0x0, 0x0, 0xff, 0xf5, 0x7, 0xff,
    0xf4, 0x44, 0x44, 0x4b, 0xff, 0xb0, 0x0, 0xf,
    0xff, 0x5a, 0xef, 0xff, 0xcc, 0xcc, 0xcc, 0xef,
    0xfe, 0xa0, 0x0, 0xff, 0xf5, 0xef, 0xff, 0xff,
    0xff, 0xff, 0xff, 0xff, 0xfe, 0x0, 0xf, 0xff,
    0x5e, 0xff, 0xff, 0xff, 0xff, 0xff, 0xff, 0xff,
    0xe0, 0x0, 0xff, 0xf5, 0x0, 0x0, 0x0, 0x0,
    0x0, 0x0, 0x0, 0x0,

    /* U+5154 "兔" */
    0x0, 0x0, 0x0, 0x9, 0x96, 0x20, 0x0, 0x0,
    0x0, 0x0, 0x0, 0x0, 0x0, 0x0, 0x6, 0xff,
    0xfa, 0x11, 0x11, 0x11, 0x10, 0x0, 0x0, 0x0,
    0x0, 0x3, 0xff, 0xff, 0xff, 0xff, 0xff, 0xff,
    0xf0, 0x0, 0x0, 0x0, 0x2, 0xef, 0xff, 0xff,
    0xff, 0xff, 0xff, 0xff, 0x0, 0x0, 0x0, 0x2,
    0xef, 0xff, 0xff, 0xff, 0xff, 0xff, 0xff, 0xf0,
    0x0, 0x0, 0x4, 0xff, 0xff, 0xb1, 0x11, 0x11,
    0xaf, 0xff, 0xe4, 0x0, 0x0, 0x8, 0xff, 0xff,
    0xfe, 0xee, 0xee, 0xff, 0xff, 0xff, 0xee, 0xe3,
    0x0, 0xdf, 0xff, 0xff, 0xff, 0xff, 0xff, 0xff,
    0xff, 0xff, 0xff, 0x30, 0x5, 0xff, 0xff, 0xff,
    0xff, 0xff, 0xff, 0xff, 0xff, 0xff, 0xf3, 0x0,
    0xd, 0xff, 0xf8, 0x55, 0x5e, 0xff, 0xb5, 0x55,
    0x6f, 0xff, 0x30, 0x0, 0x2f, 0xff, 0x50, 0x0,
    0xef, 0xf7, 0x0, 0x2, 0xff, 0xf3, 0x0, 0x1,
    0xff, 0xf8, 0x44, 0x4f, 0xff, 0x84, 0x44, 0x6f,
    0xff, 0x30, 0x0, 0x1f, 0xff, 0xff, 0xff, 0xff,
    0xff, 0xff, 0xff, 0xff, 0xf3, 0x0, 0x1, 0xff,
    0xff, 0xff, 0xff, 0xff, 0xff, 0xff, 0xff, 0xff,
    0x30, 0x0, 0x1f, 0xff, 0xff, 0xff, 0xff, 0xff,
    0xff, 0xff, 0xff, 0xf3, 0x0, 0x0, 0x0, 0x0,
    0xb, 0xff, 0xff, 0xf6, 0x6f, 0xe3, 0x10, 0x0,
    0x0, 0x0, 0x0, 0x8, 0xff, 0xff, 0xff, 0x7f,
    0xff, 0xe8, 0xfc, 0x70, 0x0, 0x0, 0xa, 0xff,
    0xff, 0xff, 0xf6, 0x4f, 0xfe, 0x7f, 0xfe, 0x0,
    0x0, 0x3d, 0xff, 0xff, 0x6e, 0xff, 0x60, 0x4f,
    0x36, 0xff, 0xd0, 0x2, 0xaf, 0xff, 0xff, 0x90,
    0xef, 0xfa, 0x33, 0x53, 0xaf, 0xfc, 0xa, 0xff,
    0xff, 0xff, 0x70, 0xd, 0xff, 0xff, 0xff, 0xff,
    0xff, 0xa0, 0x5f, 0xff, 0xfd, 0x40, 0x0, 0xaf,
    0xff, 0xff, 0xff, 0xff, 0xf6, 0x0, 0xbf, 0xf8,
    0x0, 0x0, 0x1, 0xae, 0xff, 0xff, 0xff, 0xe8,
    0x0, 0x1, 0x71, 0x0, 0x0, 0x0, 0x0, 0x0,
    0x0, 0x0, 0x0, 0x0,

    /* U+5168 "全" */
    0x0, 0x0, 0x0, 0x0, 0x6, 0xff, 0xc0, 0x0,
    0x0, 0x0, 0x0, 0x0, 0x0, 0x0, 0x0, 0x3,
    0xff, 0xff, 0x80, 0x0, 0x0, 0x0, 0x0, 0x0,
    0x0, 0x0, 0x1, 0xdf, 0xff, 0xff, 0x60, 0x0,
    0x0, 0x0, 0x0, 0x0, 0x0, 0x2, 0xef, 0xff,
    0xff, 0xff, 0x60, 0x0, 0x0, 0x0, 0x0, 0x0,
    0x3, 0xef, 0xff, 0xd7, 0xff, 0xff, 0x80, 0x0,
    0x0, 0x0, 0x0, 0x7, 0xff, 0xff, 0xe2, 0x7,
    0xff, 0xff, 0xc2, 0x0, 0x0, 0x0, 0x3d, 0xff,
    0xff, 0xd1, 0x0, 0x6, 0xff, 0xff, 0xf7, 0x0,
    0x2, 0xbf, 0xff, 0xff, 0xd3, 0x22, 0x22, 0x27,
    0xff, 0xff, 0xfd, 0x50, 0xbf, 0xff, 0xff, 0xff,
    0xff, 0xff, 0xff, 0xff, 0xff, 0xff, 0xff, 0x32,
    0xff, 0xfd, 0xff, 0xff, 0xff, 0xff, 0xff, 0xff,
    0xbf, 0xff, 0xa0, 0x9, 0xf7, 0xf, 0xff, 0xff,
    0xff, 0xff, 0xff, 0xf6, 0x19, 0xf1, 0x0, 0x12,
    0x0, 0x23, 0x33, 0xbf, 0xff, 0x43, 0x33, 0x10,
    0x1, 0x0, 0x0, 0x0, 0x0, 0x0, 0xa, 0xff,
    0xf2, 0x0, 0x0, 0x0, 0x0, 0x0, 0x0, 0x8f,
    0xff, 0xff, 0xff, 0xff, 0xff, 0xff, 0xff, 0x10,
    0x0, 0x0, 0x9, 0xff, 0xff, 0xff, 0xff, 0xff,
    0xff, 0xff, 0xf2, 0x0, 0x0, 0x0, 0x9f, 0xff,
    0xff, 0xff, 0xff, 0xff, 0xff, 0xff, 0x20, 0x0,
    0x0, 0x3, 0x66, 0x66, 0x6c, 0xff, 0xf7, 0x66,
    0x66, 0x60, 0x0, 0x0, 0x0, 0x0, 0x0, 0x0,
    0xaf, 0xff, 0x20, 0x0, 0x0, 0x0, 0x0, 0x5,
    0x55, 0x55, 0x55, 0x5c, 0xff, 0xf7, 0x55, 0x55,
    0x55, 0x53, 0x1, 0xff, 0xff, 0xff, 0xff, 0xff,
    0xff, 0xff, 0xff, 0xff, 0xff, 0x90, 0x1f, 0xff,
    0xff, 0xff, 0xff, 0xff, 0xff, 0xff, 0xff, 0xff,
    0xf9, 0x1, 0xff, 0xff, 0xff, 0xff, 0xff, 0xff,
    0xff, 0xff, 0xff, 0xff, 0x90,

    /* U+5206 "分" */
    0x0, 0x0, 0x0, 0x1, 0x50, 0x0, 0x0, 0x4a,
    0x60, 0x0, 0x0, 0x0, 0x0, 0x0, 0x0, 0x9,
    0xfe, 0x80, 0xc, 0xff, 0xd0, 0x0, 0x0, 0x0,
    0x0, 0x0, 0x0, 0x2f, 0xff, 0xd0, 0x7, 0xff,
    0xf4, 0x0, 0x0, 0x0, 0x0, 0x0, 0x0, 0xbf,
    0xff, 0x60, 0x1, 0xff, 0xfd, 0x0, 0x0, 0x0,
    0x0, 0x0, 0x7, 0xff, 0xfd, 0x0, 0x0, 0x8f,
    0xff, 0x80, 0x0, 0x0, 0x0, 0x0, 0x4f, 0xff,
    0xf4, 0x0, 0x0, 0x1e, 0xff, 0xf5, 0x0, 0x0,
    0x0, 0x3, 0xff, 0xff, 0x90, 0x0, 0x0, 0x5,
    0xff, 0xff, 0x40, 0x0, 0x0, 0x3e, 0xff, 0xfd,
    0x0, 0x0, 0x0, 0x0, 0xaf, 0xff, 0xf6, 0x0,
    0x6, 0xff, 0xff, 0xe2, 0x0, 0x0, 0x0, 0x0,
    0xc, 0xff, 0xff, 0xa0, 0xc, 0xff, 0xff, 0xff,
    0xff, 0xff, 0xff, 0xff, 0xff, 0xff, 0xff, 0xc0,
    0x4, 0xff, 0xff, 0xff, 0xff, 0xff, 0xff, 0xff,
    0xff, 0xff, 0xff, 0x40, 0x0, 0xce, 0x4f, 0xff,
    0xff, 0xff, 0xff, 0xff, 0xff, 0xfd, 0xad, 0x0,
    0x0, 0x31, 0x8, 0x8d, 0xff, 0xe8, 0x88, 0x88,
    0xef, 0xfc, 0x2, 0x0, 0x0, 0x0, 0x0, 0xd,
    0xff, 0xc0, 0x0, 0x0, 0xef, 0xfb, 0x0, 0x0,
    0x0, 0x0, 0x0, 0xf, 0xff, 0xb0, 0x0, 0x0,
    0xff, 0xf9, 0x0, 0x0, 0x0, 0x0, 0x0, 0x4f,
    0xff, 0x90, 0x0, 0x1, 0xff, 0xf8, 0x0, 0x0,
    0x0, 0x0, 0x0, 0xaf, 0xff, 0x50, 0x0, 0x2,
    0xff, 0xf7, 0x0, 0x0, 0x0, 0x0, 0x4, 0xff,
    0xff, 0x10, 0x0, 0x3, 0xff, 0xf6, 0x0, 0x0,
    0x0, 0x0, 0x4f, 0xff, 0xf8, 0x0, 0x0, 0x6,
    0xff, 0xf5, 0x0, 0x0, 0x0, 0x8, 0xff, 0xff,
    0xd0, 0x26, 0x66, 0x7e, 0xff, 0xf3, 0x0, 0x0,
    0x2, 0xef, 0xff, 0xfe, 0x20, 0x4f, 0xff, 0xff,
    0xff, 0xf0, 0x0, 0x0, 0x0, 0xbf, 0xff, 0xe2,
    0x0, 0x1f, 0xff, 0xff, 0xff, 0x80, 0x0, 0x0,
    0x0, 0x1e, 0xfb, 0x10, 0x0, 0xe, 0xff, 0xff,
    0xc7, 0x0, 0x0, 0x0, 0x0, 0x3, 0x60, 0x0,
    0x0, 0x0, 0x0, 0x0, 0x0, 0x0, 0x0, 0x0,

    /* U+522B "别" */
    0x0, 0xff, 0xff, 0xff, 0xff, 0xff, 0xd0, 0x0,
    0x0, 0x8f, 0xff, 0x0, 0xff, 0xff, 0xff, 0xff,
    0xff, 0xd0, 0x0, 0x0, 0x8f, 0xff, 0x0, 0xff,
    0xff, 0xff, 0xff, 0xff, 0xd1, 0xff, 0xf3, 0x8f,
    0xff, 0x0, 0xff, 0xf6, 0x22, 0x29, 0xff, 0xd1,
    0xff, 0xf3, 0x8f, 0xff, 0x0, 0xff, 0xf4, 0x0,
    0x8, 0xff, 0xd1, 0xff, 0xf3, 0x8f, 0xff, 0x0,
    0xff, 0xfc, 0xaa, 0xad, 0xff, 0xd1, 0xff, 0xf3,
    0x8f, 0xff, 0x0, 0xff, 0xff, 0xff, 0xff, 0xff,
    0xd1, 0xff, 0xf3, 0x8f, 0xff, 0x0, 0xff, 0xff,
    0xff, 0xff, 0xff, 0xd1, 0xff, 0xf3, 0x8f, 0xff,
    0x0, 0x89, 0xef, 0xfc, 0x99, 0x99, 0x71, 0xff,
    0xf3, 0x8f, 0xff, 0x0, 0x0, 0xbf, 0xf8, 0x0,
    0x0, 0x1, 0xff, 0xf3, 0x8f, 0xff, 0x7, 0x99,
    0xef, 0xfc, 0x99, 0x99, 0x92, 0xff, 0xf3, 0x8f,
    0xff, 0xb, 0xff, 0xff, 0xff, 0xff, 0xff, 0xf2,
    0xff, 0xf3, 0x8f, 0xff, 0xb, 0xff, 0xff, 0xff,
    0xff, 0xff, 0xf2, 0xff, 0xf3, 0x8f, 0xff, 0x7,
    0xaa, 0xff, 0xfc, 0xab, 0xff, 0xf1, 0xff, 0xf3,
    0x8f, 0xff, 0x0, 0x2, 0xff, 0xf3, 0x4, 0xff,
    0xf1, 0xff, 0xf3, 0x8f, 0xff, 0x0, 0x6, 0xff,
    0xf1, 0x4, 0xff, 0xf0, 0xaa, 0xa2, 0x8f, 0xff,
    0x0, 0xc, 0xff, 0xd0, 0x5, 0xff, 0xe0, 0x0,
    0x0, 0x8f, 0xff, 0x0, 0x3f, 0xff, 0x80, 0x6,
    0xff, 0xd0, 0x0, 0x0, 0x8f, 0xff, 0x0, 0xdf,
    0xff, 0x51, 0x2c, 0xff, 0xc0, 0x79, 0x9a, 0xff,
    0xff, 0xa, 0xff, 0xfa, 0xdf, 0xff, 0xff, 0xa0,
    0xaf, 0xff, 0xff, 0xfd, 0x2e, 0xff, 0xd1, 0xaf,
    0xff, 0xff, 0x40, 0x7f, 0xff, 0xff, 0xf8, 0x1,
    0xbe, 0x20, 0x7f, 0xff, 0xc5, 0x0, 0x4f, 0xff,
    0xfd, 0x80, 0x0, 0x1, 0x0, 0x0, 0x0, 0x0,
    0x0, 0x0, 0x0, 0x0, 0x0,

    /* U+5230 "到" */
    0x0, 0x0, 0x0, 0x0, 0x0, 0x0, 0x0, 0x0,
    0x7, 0xff, 0xfa, 0xff, 0xff, 0xff, 0xff, 0xff,
    0xf3, 0x0, 0x0, 0x7f, 0xff, 0xaf, 0xff, 0xff,
    0xff, 0xff, 0xff, 0x30, 0x0, 0x7, 0xff, 0xfa,
    0xff, 0xff, 0xff, 0xff, 0xff, 0xf3, 0xef, 0xf5,
    0x7f, 0xff, 0x35, 0x5f, 0xff, 0xd5, 0x58, 0x55,
    0x1e, 0xff, 0x57, 0xff, 0xf0, 0x8, 0xff, 0xf3,
    0x2b, 0xf5, 0x0, 0xef, 0xf5, 0x7f, 0xff, 0x3,
    0xff, 0xf8, 0xa, 0xff, 0xe1, 0xe, 0xff, 0x57,
    0xff, 0xf1, 0xef, 0xfc, 0x1, 0x3f, 0xff, 0x90,
    0xef, 0xf5, 0x7f, 0xff, 0x9f, 0xff, 0xff, 0xff,
    0xff, 0xff, 0x3e, 0xff, 0x57, 0xff, 0xf6, 0xff,
    0xff, 0xff, 0xff, 0xff, 0xfd, 0xff, 0xf5, 0x7f,
    0xff, 0x2f, 0xff, 0xff, 0xff, 0xff, 0xff, 0xcf,
    0xff, 0x57, 0xff, 0xf0, 0x76, 0x59, 0xff, 0xf0,
    0xa, 0x70, 0xef, 0xf5, 0x7f, 0xff, 0x0, 0x0,
    0x6f, 0xff, 0x0, 0x0, 0xe, 0xff, 0x57, 0xff,
    0xf5, 0xff, 0xff, 0xff, 0xff, 0xff, 0xd0, 0xef,
    0xf5, 0x7f, 0xff, 0x5f, 0xff, 0xff, 0xff, 0xff,
    0xfd, 0xe, 0xff, 0x57, 0xff, 0xf5, 0xff, 0xff,
    0xff, 0xff, 0xff, 0xd0, 0xef, 0xf5, 0x7f, 0xff,
    0x13, 0x33, 0x8f, 0xff, 0x33, 0x32, 0xe, 0xff,
    0x57, 0xff, 0xf0, 0x0, 0x6, 0xff, 0xf0, 0x13,
    0x50, 0x11, 0x10, 0x7f, 0xff, 0x24, 0x67, 0xbf,
    0xff, 0xff, 0xff, 0x10, 0x0, 0x7, 0xff, 0xfd,
    0xff, 0xff, 0xff, 0xff, 0xff, 0xf1, 0x17, 0x77,
    0xdf, 0xff, 0xcf, 0xff, 0xff, 0xff, 0xff, 0xff,
    0x10, 0xff, 0xff, 0xff, 0xeb, 0xff, 0xff, 0xdc,
    0xa8, 0x75, 0x40, 0xd, 0xff, 0xff, 0xfa, 0x34,
    0x21, 0x0, 0x0, 0x0, 0x0, 0x0, 0x9f, 0xff,
    0xea, 0x10,

    /* U+524D "前" */
    0x0, 0x0, 0x14, 0x7a, 0x0, 0x0, 0x0, 0x98,
    0x52, 0x0, 0x0, 0x0, 0x0, 0x9f, 0xff, 0x70,
    0x0, 0x6, 0xff, 0xfc, 0x0, 0x0, 0x13, 0x33,
    0x6f, 0xff, 0xe3, 0x33, 0x3e, 0xff, 0xf6, 0x33,
    0x33, 0x7f, 0xff, 0xff, 0xff, 0xff, 0xff, 0xff,
    0xff, 0xff, 0xff, 0xfe, 0x7f, 0xff, 0xff, 0xff,
    0xff, 0xff, 0xff, 0xff, 0xff, 0xff, 0xfe, 0x7f,
    0xff, 0xff, 0xff, 0xff, 0xff, 0xff, 0xff, 0xff,
    0xff, 0xfe, 0x0, 0x0, 0x0, 0x0, 0x0, 0x0,
    0x0, 0x0, 0x2, 0x44, 0x30, 0x6, 0xff, 0xff,
    0xff, 0xff, 0xff, 0x5, 0x77, 0x28, 0xff, 0xd0,
    0x7, 0xff, 0xff, 0xff, 0xff, 0xff, 0xc, 0xff,
    0x58, 0xff, 0xd0, 0x7, 0xff, 0xff, 0xff, 0xff,
    0xff, 0xc, 0xff, 0x58, 0xff, 0xd0, 0x7, 0xff,
    0xe2, 0x22, 0x6f, 0xff, 0xc, 0xff, 0x58, 0xff,
    0xd0, 0x7, 0xff, 0xfc, 0xcc, 0xdf, 0xff, 0xc,
    0xff, 0x58, 0xff, 0xd0, 0x7, 0xff, 0xff, 0xff,
    0xff, 0xff, 0xc, 0xff, 0x58, 0xff, 0xd0, 0x7,
    0xff, 0xff, 0xff, 0xff, 0xff, 0xc, 0xff, 0x58,
    0xff, 0xd0, 0x7, 0xff, 0xe1, 0x11, 0x5f, 0xff,
    0xc, 0xff, 0x58, 0xff, 0xd0, 0x7, 0xff, 0xfc,
    0xcc, 0xdf, 0xff, 0xc, 0xff, 0x58, 0xff, 0xd0,
    0x7, 0xff, 0xff, 0xff, 0xff, 0xff, 0xc, 0xff,
    0x58, 0xff, 0xd0, 0x7, 0xff, 0xff, 0xff, 0xff,
    0xff, 0xc, 0xff, 0x58, 0xff, 0xd0, 0x7, 0xff,
    0xe0, 0x0, 0x5f, 0xff, 0x1, 0x22, 0x8, 0xff,
    0xd0, 0x7, 0xff, 0xe0, 0x11, 0x7f, 0xff, 0x1,
    0x55, 0x5b, 0xff, 0xc0, 0x7, 0xff, 0xe2, 0xff,
    0xff, 0xfe, 0x1, 0xff, 0xff, 0xff, 0xc0, 0x7,
    0xff, 0xe0, 0xef, 0xff, 0xfc, 0x0, 0xef, 0xff,
    0xff, 0x80, 0x7, 0xff, 0xe0, 0xbf, 0xff, 0xd3,
    0x0, 0xaf, 0xff, 0xe9, 0x0, 0x0, 0x0, 0x0,
    0x1, 0x10, 0x0, 0x0, 0x0, 0x0, 0x0, 0x0,

    /* U+529F "功" */
    0x0, 0x0, 0x0, 0x0, 0x0, 0x0, 0xef, 0xfa,
    0x0, 0x0, 0x0, 0x0, 0x0, 0x0, 0x0, 0x0,
    0x0, 0xef, 0xfa, 0x0, 0x0, 0x0, 0x9, 0xdd,
    0xdd, 0xdd, 0xd3, 0x0, 0xff, 0xfa, 0x0, 0x0,
    0x0, 0xc, 0xff, 0xff, 0xff, 0xf3, 0x0, 0xff,
    0xfa, 0x0, 0x0, 0x0, 0xc, 0xff, 0xff, 0xff,
    0xf3, 0x0, 0xff, 0xfa, 0x0, 0x0, 0x0, 0xc,
    0xff, 0xff, 0xff, 0xf4, 0xff, 0xff, 0xff, 0xff,
    0xff, 0xfd, 0x1, 0x29, 0xff, 0xf5, 0x20, 0xff,
    0xff, 0xff, 0xff, 0xff, 0xfd, 0x0, 0x8, 0xff,
    0xf4, 0x0, 0xff, 0xff, 0xff, 0xff, 0xff, 0xfc,
    0x0, 0x8, 0xff, 0xf4, 0x0, 0x79, 0xff, 0xfb,
    0x77, 0xdf, 0xfc, 0x0, 0x8, 0xff, 0xf4, 0x0,
    0x2, 0xff, 0xf6, 0x0, 0xcf, 0xfb, 0x0, 0x8,
    0xff, 0xf4, 0x0, 0x3, 0xff, 0xf5, 0x0, 0xcf,
    0xfb, 0x0, 0x8, 0xff, 0xf4, 0x0, 0x4, 0xff,
    0xf4, 0x0, 0xdf, 0xfa, 0x0, 0x8, 0xff, 0xf4,
    0x0, 0x5, 0xff, 0xf2, 0x0, 0xdf, 0xf9, 0x0,
    0x8, 0xff, 0xf4, 0x0, 0x7, 0xff, 0xf0, 0x0,
    0xdf, 0xf9, 0x0, 0x8, 0xff, 0xf4, 0x1, 0x9,
    0xff, 0xe0, 0x0, 0xef, 0xf8, 0x0, 0x8, 0xff,
    0xfc, 0xeb, 0xd, 0xff, 0xb0, 0x0, 0xff, 0xf8,
    0x4, 0x8d, 0xff, 0xff, 0xfd, 0x2f, 0xff, 0x70,
    0x0, 0xff, 0xf7, 0x4f, 0xff, 0xff, 0xff, 0xfe,
    0x9f, 0xff, 0x20, 0x0, 0xff, 0xf6, 0xf, 0xff,
    0xff, 0xff, 0xfe, 0xff, 0xfb, 0x0, 0x2, 0xff,
    0xf6, 0xd, 0xff, 0xea, 0x73, 0x2e, 0xff, 0xf6,
    0x66, 0x7c, 0xff, 0xf5, 0x5, 0x51, 0x0, 0x1,
    0xdf, 0xff, 0xa3, 0xff, 0xff, 0xff, 0xf2, 0x0,
    0x0, 0x0, 0x3, 0xef, 0xfe, 0x10, 0xff, 0xff,
    0xff, 0xc0, 0x0, 0x0, 0x0, 0x0, 0x2d, 0xf4,
    0x0, 0xcf, 0xff, 0xe9, 0x10, 0x0, 0x0, 0x0,
    0x0, 0x0, 0x40, 0x0, 0x0, 0x0, 0x0, 0x0,

    /* U+5305 "包" */
    0x0, 0x0, 0x4, 0xb8, 0x62, 0x0, 0x0, 0x0,
    0x0, 0x0, 0x0, 0x0, 0x0, 0x0, 0xbf, 0xff,
    0x70, 0x0, 0x0, 0x0, 0x0, 0x0, 0x0, 0x0,
    0x0, 0x3f, 0xff, 0xf8, 0x77, 0x77, 0x77, 0x77,
    0x77, 0x70, 0x0, 0x0, 0xc, 0xff, 0xff, 0xff,
    0xff, 0xff, 0xff, 0xff, 0xff, 0x0, 0x0, 0x6,
    0xff, 0xff, 0xff, 0xff, 0xff, 0xff, 0xff, 0xff,
    0xf0, 0x0, 0x3, 0xff, 0xff, 0xee, 0xee, 0xee,
    0xee, 0xee, 0xef, 0xff, 0x0, 0x3, 0xef, 0xff,
    0xa0, 0x0, 0x0, 0x0, 0x0, 0x6, 0xff, 0xf0,
    0x0, 0xef, 0xff, 0xff, 0xff, 0xff, 0xff, 0xff,
    0x0, 0x7f, 0xfe, 0x0, 0xa, 0xff, 0xff, 0xff,
    0xff, 0xff, 0xff, 0xf0, 0x7, 0xff, 0xe0, 0x0,
    0x4f, 0xff, 0xff, 0xff, 0xff, 0xff, 0xff, 0x0,
    0x7f, 0xfe, 0x0, 0x0, 0xea, 0xff, 0xf7, 0x77,
    0x79, 0xff, 0xf0, 0x8, 0xff, 0xe0, 0x0, 0x1,
    0x6f, 0xfe, 0x0, 0x0, 0x3f, 0xff, 0x0, 0x9f,
    0xfd, 0x0, 0x0, 0x6, 0xff, 0xf4, 0x44, 0x47,
    0xff, 0xf0, 0x9, 0xff, 0xd0, 0x0, 0x0, 0x6f,
    0xff, 0xff, 0xff, 0xff, 0xff, 0x0, 0xcf, 0xfc,
    0x0, 0x0, 0x6, 0xff, 0xff, 0xff, 0xff, 0xff,
    0xff, 0xff, 0xff, 0xb0, 0x0, 0x0, 0x6f, 0xff,
    0xff, 0xff, 0xff, 0xff, 0xff, 0xff, 0xf6, 0x0,
    0x0, 0x6, 0xff, 0xe0, 0x0, 0x0, 0x5, 0xff,
    0xff, 0xff, 0xeb, 0x60, 0x0, 0x6f, 0xfe, 0x0,
    0x0, 0x0, 0x16, 0x66, 0x51, 0xbf, 0xfc, 0x0,
    0x6, 0xff, 0xe0, 0x0, 0x0, 0x0, 0x0, 0x0,
    0xc, 0xff, 0xa0, 0x0, 0x5f, 0xff, 0x75, 0x55,
    0x55, 0x55, 0x55, 0x56, 0xff, 0xf8, 0x0, 0x4,
    0xff, 0xff, 0xff, 0xff, 0xff, 0xff, 0xff, 0xff,
    0xff, 0x60, 0x0, 0xe, 0xff, 0xff, 0xff, 0xff,
    0xff, 0xff, 0xff, 0xff, 0xf1, 0x0, 0x0, 0x2b,
    0xef, 0xff, 0xff, 0xff, 0xff, 0xff, 0xfe, 0xb4,
    0x0,

    /* U+544A "告" */
    0x0, 0x1, 0x21, 0x0, 0x1, 0xff, 0xfa, 0x0,
    0x0, 0x0, 0x0, 0x0, 0x8, 0xff, 0xf1, 0x1,
    0xff, 0xfa, 0x0, 0x0, 0x0, 0x0, 0x0, 0xd,
    0xff, 0xe1, 0x13, 0xff, 0xfa, 0x11, 0x11, 0x11,
    0x10, 0x0, 0x2f, 0xff, 0xff, 0xff, 0xff, 0xff,
    0xff, 0xff, 0xff, 0xc0, 0x0, 0x8f, 0xff, 0xff,
    0xff, 0xff, 0xff, 0xff, 0xff, 0xff, 0xc0, 0x0,
    0xef, 0xff, 0xff, 0xff, 0xff, 0xff, 0xff, 0xff,
    0xff, 0xc0, 0x6, 0xff, 0xf9, 0x44, 0x45, 0xff,
    0xfb, 0x44, 0x44, 0x44, 0x30, 0x2, 0x9f, 0xf1,
    0x0, 0x1, 0xff, 0xfa, 0x0, 0x0, 0x0, 0x0,
    0x37, 0x78, 0xb7, 0x77, 0x78, 0xff, 0xfc, 0x77,
    0x77, 0x77, 0x76, 0x6f, 0xff, 0xff, 0xff, 0xff,
    0xff, 0xff, 0xff, 0xff, 0xff, 0xfe, 0x6f, 0xff,
    0xff, 0xff, 0xff, 0xff, 0xff, 0xff, 0xff, 0xff,
    0xfe, 0x6e, 0xee, 0xee, 0xee, 0xee, 0xee, 0xee,
    0xee, 0xee, 0xee, 0xed, 0x0, 0x0, 0x0, 0x0,
    0x0, 0x0, 0x0, 0x0, 0x0, 0x0, 0x0, 0x0,
    0x4f, 0xff, 0xff, 0xff, 0xff, 0xff, 0xff, 0xff,
    0xfd, 0x0, 0x0, 0x4f, 0xff, 0xff, 0xff, 0xff,
    0xff, 0xff, 0xff, 0xfd, 0x0, 0x0, 0x4f, 0xff,
    0xff, 0xff, 0xff, 0xff, 0xff, 0xff, 0xfd, 0x0,
    0x0, 0x4f, 0xff, 0x62, 0x22, 0x22, 0x22, 0x22,
    0xcf, 0xfd, 0x0, 0x0, 0x4f, 0xff, 0x40, 0x0,
    0x0, 0x0, 0x0, 0xcf, 0xfd, 0x0, 0x0, 0x4f,
    0xff, 0x96, 0x66, 0x66, 0x66, 0x66, 0xdf, 0xfd,
    0x0, 0x0, 0x4f, 0xff, 0xff, 0xff, 0xff, 0xff,
    0xff, 0xff, 0xfd, 0x0, 0x0, 0x4f, 0xff, 0xff,
    0xff, 0xff, 0xff, 0xff, 0xff, 0xfd, 0x0, 0x0,
    0x4f, 0xff, 0xff, 0xff, 0xff, 0xff, 0xff, 0xff,
    0xfd, 0x0, 0x0, 0x4f, 0xff, 0x40, 0x0, 0x0,
    0x0, 0x0, 0xcf, 0xfd, 0x0,

    /* U+5728 "在" */
    0x0, 0x0, 0x0, 0x0, 0x37, 0x54, 0x0, 0x0,
    0x0, 0x0, 0x0, 0x0, 0x0, 0x0, 0x0, 0xa,
    0xff, 0xf0, 0x0, 0x0, 0x0, 0x0, 0x0, 0x0,
    0x33, 0x33, 0x33, 0xff, 0xfc, 0x33, 0x33, 0x33,
    0x33, 0x33, 0x10, 0x1f, 0xff, 0xff, 0xff, 0xff,
    0xff, 0xff, 0xff, 0xff, 0xff, 0xf8, 0x1, 0xff,
    0xff, 0xff, 0xff, 0xff, 0xff, 0xff, 0xff, 0xff,
    0xff, 0x80, 0x1f, 0xff, 0xff, 0xff, 0xff, 0xff,
    0xff, 0xff, 0xff, 0xff, 0xf8, 0x0, 0x22, 0x23,
    0xef, 0xff, 0x32, 0x22, 0x22, 0x22, 0x22, 0x22,
    0x10, 0x0, 0x0, 0x8f, 0xff, 0x80, 0x0, 0x3c,
    0xcc, 0x40, 0x0, 0x0, 0x0, 0x0, 0x3f, 0xff,
    0xe1, 0x0, 0x4, 0xff, 0xf6, 0x0, 0x0, 0x0,
    0x0, 0xd, 0xff, 0xf6, 0x0, 0x0, 0x4f, 0xff,
    0x60, 0x0, 0x0, 0x0, 0xb, 0xff, 0xfc, 0x2,
    0x22, 0x26, 0xff, 0xf7, 0x22, 0x22, 0x0, 0x9,
    0xff, 0xff, 0x90, 0xcf, 0xff, 0xff, 0xff, 0xff,
    0xff, 0xe0, 0x9, 0xff, 0xff, 0xf9, 0xc, 0xff,
    0xff, 0xff, 0xff, 0xff, 0xfe, 0x0, 0xdf, 0xff,
    0xff, 0x90, 0xcf, 0xff, 0xff, 0xff, 0xff, 0xff,
    0xe0, 0x6, 0xff, 0xff, 0xf9, 0x1, 0x22, 0x25,
    0xff, 0xf7, 0x22, 0x22, 0x0, 0xf, 0xac, 0xff,
    0x90, 0x0, 0x0, 0x4f, 0xff, 0x60, 0x0, 0x0,
    0x0, 0x40, 0xcf, 0xf9, 0x0, 0x0, 0x4, 0xff,
    0xf6, 0x0, 0x0, 0x0, 0x0, 0xc, 0xff, 0x90,
    0x0, 0x0, 0x4f, 0xff, 0x60, 0x0, 0x0, 0x0,
    0x0, 0xcf, 0xf9, 0x25, 0x55, 0x58, 0xff, 0xf9,
    0x55, 0x55, 0x30, 0x0, 0xc, 0xff, 0x98, 0xff,
    0xff, 0xff, 0xff, 0xff, 0xff, 0xfa, 0x0, 0x0,
    0xcf, 0xf9, 0x8f, 0xff, 0xff, 0xff, 0xff, 0xff,
    0xff, 0xa0, 0x0, 0xc, 0xff, 0x97, 0xff, 0xff,
    0xff, 0xff, 0xff, 0xff, 0xfa, 0x0, 0x0, 0xcf,
    0xf9, 0x0, 0x0, 0x0, 0x0, 0x0, 0x0, 0x0,
    0x0,

    /* U+578B "型" */
    0x0, 0x0, 0x0, 0x0, 0x0, 0x0, 0x0, 0x0,
    0x0, 0x5f, 0xfe, 0x0, 0x3f, 0xff, 0xff, 0xff,
    0xff, 0xff, 0x3f, 0xff, 0x65, 0xff, 0xe0, 0x3,
    0xff, 0xff, 0xff, 0xff, 0xff, 0xf3, 0xff, 0xf6,
    0x5f, 0xfe, 0x0, 0x3f, 0xff, 0xff, 0xff, 0xff,
    0xff, 0x3f, 0xff, 0x65, 0xff, 0xe0, 0x0, 0x28,
    0xff, 0xc2, 0x9f, 0xfb, 0x20, 0xff, 0xf6, 0x5f,
    0xfe, 0x0, 0x0, 0x7f, 0xfb, 0x8, 0xff, 0xb0,
    0xf, 0xff, 0x65, 0xff, 0xe0, 0xb, 0xff, 0xff,
    0xff, 0xff, 0xff, 0xf3, 0xff, 0xf6, 0x5f, 0xfe,
    0x0, 0xcf, 0xff, 0xff, 0xff, 0xff, 0xff, 0x4f,
    0xff, 0x65, 0xff, 0xe0, 0xc, 0xff, 0xff, 0xff,
    0xff, 0xff, 0xf4, 0xff, 0xf6, 0x5f, 0xfe, 0x0,
    0x14, 0xff, 0xf7, 0x29, 0xff, 0xb2, 0x1, 0x11,
    0x5, 0xff, 0xe0, 0x0, 0xaf, 0xff, 0x10, 0x8f,
    0xfb, 0x0, 0x1, 0x55, 0xbf, 0xfe, 0x0, 0x7f,
    0xff, 0xb0, 0x8, 0xff, 0xb0, 0x0, 0x3f, 0xff,
    0xff, 0xd0, 0xb, 0xff, 0xf2, 0x0, 0x6b, 0xb7,
    0x0, 0x0, 0xff, 0xff, 0xf8, 0x0, 0x8, 0xf5,
    0x0, 0x0, 0x4, 0x55, 0x30, 0xa, 0xcc, 0xb6,
    0x0, 0x0, 0x4, 0x11, 0x11, 0x11, 0xff, 0xfd,
    0x11, 0x11, 0x11, 0x10, 0x0, 0x0, 0xff, 0xff,
    0xff, 0xff, 0xff, 0xff, 0xff, 0xff, 0xfd, 0x0,
    0x0, 0xf, 0xff, 0xff, 0xff, 0xff, 0xff, 0xff,
    0xff, 0xff, 0xd0, 0x0, 0x0, 0xff, 0xff, 0xff,
    0xff, 0xff, 0xff, 0xff, 0xff, 0xfc, 0x0, 0x0,
    0x0, 0x0, 0x0, 0x0, 0xff, 0xfc, 0x0, 0x0,
    0x0, 0x0, 0x0, 0x12, 0x22, 0x22, 0x22, 0x2f,
    0xff, 0xd2, 0x22, 0x22, 0x22, 0x21, 0x9, 0xff,
    0xff, 0xff, 0xff, 0xff, 0xff, 0xff, 0xff, 0xff,
    0xff, 0x60, 0x9f, 0xff, 0xff, 0xff, 0xff, 0xff,
    0xff, 0xff, 0xff, 0xff, 0xf6, 0x9, 0xff, 0xff,
    0xff, 0xff, 0xff, 0xff, 0xff, 0xff, 0xff, 0xff,
    0x60,

    /* U+5907 "备" */
    0x0, 0x0, 0x0, 0x9c, 0x95, 0x10, 0x0, 0x0,
    0x0, 0x0, 0x0, 0x0, 0x0, 0x0, 0x7f, 0xff,
    0xf2, 0x0, 0x0, 0x0, 0x0, 0x0, 0x0, 0x0,
    0x0, 0x6f, 0xff, 0xff, 0xee, 0xee, 0xee, 0xee,
    0xee, 0x0, 0x0, 0x0, 0x7f, 0xff, 0xff, 0xff,
    0xff, 0xff, 0xff, 0xff, 0xf0, 0x0, 0x0, 0xaf,
    0xff, 0xff, 0xff, 0xff, 0xff, 0xff, 0xff, 0xff,
    0x0, 0x3, 0xef, 0xff, 0xff, 0xfc, 0x20, 0x0,
    0x2b, 0xff, 0xff, 0xd0, 0x0, 0x1e, 0xff, 0xfe,
    0xff, 0xff, 0x83, 0x9f, 0xff, 0xff, 0xa0, 0x0,
    0x0, 0x4f, 0xd3, 0x1c, 0xff, 0xff, 0xff, 0xff,
    0xfe, 0x40, 0x0, 0x0, 0x0, 0x50, 0x2, 0x6f,
    0xff, 0xff, 0xff, 0xff, 0xa6, 0x31, 0x0, 0x3,
    0x69, 0xbe, 0xff, 0xff, 0xff, 0xff, 0xff, 0xff,
    0xff, 0xff, 0xd3, 0xbf, 0xff, 0xff, 0xff, 0xff,
    0xc8, 0xdf, 0xff, 0xff, 0xff, 0xff, 0x6, 0xff,
    0xff, 0xff, 0xc7, 0x20, 0x0, 0x38, 0xcf, 0xff,
    0xff, 0xc0, 0x1f, 0xef, 0xff, 0xff, 0xff, 0xff,
    0xff, 0xff, 0xff, 0xff, 0xa6, 0x0, 0x7, 0xff,
    0xff, 0xff, 0xff, 0xff, 0xff, 0xff, 0xff, 0xf1,
    0x0, 0x0, 0x7f, 0xff, 0x99, 0x9c, 0xff, 0xf9,
    0x99, 0xbf, 0xff, 0x10, 0x0, 0x7, 0xff, 0xf4,
    0x44, 0x8f, 0xff, 0x44, 0x48, 0xff, 0xf1, 0x0,
    0x0, 0x7f, 0xff, 0xff, 0xff, 0xff, 0xff, 0xff,
    0xff, 0xff, 0x10, 0x0, 0x7, 0xff, 0xff, 0xff,
    0xff, 0xff, 0xff, 0xff, 0xff, 0xf1, 0x0, 0x0,
    0x7f, 0xfe, 0x22, 0x27, 0xff, 0xe2, 0x22, 0x6f,
    0xff, 0x10, 0x0, 0x7, 0xff, 0xfb, 0xbb, 0xdf,
    0xff, 0xbb, 0xbd, 0xff, 0xf1, 0x0, 0x0, 0x7f,
    0xff, 0xff, 0xff, 0xff, 0xff, 0xff, 0xff, 0xff,
    0x10, 0x0, 0x7, 0xff, 0xff, 0xff, 0xff, 0xff,
    0xff, 0xff, 0xff, 0xf1, 0x0, 0x0, 0x7f, 0xfe,
    0x0, 0x0, 0x0, 0x0, 0x0, 0x5f, 0xff, 0x10,
    0x0,

    /* U+590D "复" */
    0x0, 0x0, 0x0, 0x0, 0x0, 0x0, 0x0, 0x0,
    0x0, 0x0, 0x0, 0x0, 0x0, 0x0, 0xaf, 0xda,
    0x10, 0x0, 0x0, 0x0, 0x0, 0x0, 0x0, 0x0,
    0x0, 0x4f, 0xff, 0xe8, 0x88, 0x88, 0x88, 0x88,
    0x88, 0x88, 0x10, 0x0, 0x1e, 0xff, 0xff, 0xff,
    0xff, 0xff, 0xff, 0xff, 0xff, 0xf2, 0x0, 0xb,
    0xff, 0xff, 0xff, 0xff, 0xff, 0xff, 0xff, 0xff,
    0xff, 0x20, 0x8, 0xff, 0xfc, 0x55, 0x55, 0x55,
    0x55, 0x55, 0x55, 0x55, 0x50, 0x7, 0xff, 0xff,
    0xff, 0xff, 0xff, 0xff, 0xff, 0xff, 0xff, 0xf0,
    0x1, 0xff, 0xff, 0xff, 0xff, 0xff, 0xff, 0xff,
    0xff, 0xff, 0xff, 0x0, 0x4, 0xff, 0xff, 0xf9,
    0x77, 0x77, 0x77, 0x77, 0x7b, 0xff, 0xf0, 0x0,
    0x8, 0x9f, 0xff, 0xcb, 0xbb, 0xbb, 0xbb, 0xbb,
    0xdf, 0xff, 0x0, 0x0, 0x3, 0xff, 0xff, 0xff,
    0xff, 0xff, 0xff, 0xff, 0xff, 0xf0, 0x0, 0x0,
    0x3f, 0xff, 0x63, 0x33, 0x33, 0x33, 0x33, 0x9f,
    0xff, 0x0, 0x0, 0x3, 0xff, 0xff, 0xff, 0xff,
    0xff, 0xff, 0xff, 0xff, 0xf0, 0x0, 0x0, 0x3f,
    0xff, 0xff, 0xff, 0xff, 0xff, 0xff, 0xff, 0xff,
    0x0, 0x0, 0x0, 0x55, 0xef, 0xff, 0x65, 0x55,
    0x55, 0x55, 0x55, 0x50, 0x0, 0x0, 0x0, 0xbf,
    0xff, 0xd8, 0x88, 0x88, 0x88, 0x88, 0x87, 0x0,
    0x0, 0x3, 0xdf, 0xff, 0xff, 0xff, 0xff, 0xff,
    0xff, 0xff, 0xe0, 0x0, 0x8, 0xff, 0xff, 0xff,
    0xff, 0xff, 0xff, 0xff, 0xff, 0xfd, 0x0, 0x3,
    0xff, 0xfe, 0xef, 0xff, 0xc6, 0x1, 0x6c, 0xff,
    0xfd, 0x30, 0x0, 0x9, 0xfb, 0x10, 0x8f, 0xff,
    0xff, 0xff, 0xff, 0xf7, 0x0, 0x0, 0x0, 0x4,
    0x2, 0x58, 0xdf, 0xff, 0xff, 0xff, 0xfc, 0x97,
    0x53, 0x10, 0x3b, 0xef, 0xff, 0xff, 0xff, 0xff,
    0xff, 0xff, 0xff, 0xff, 0xf8, 0x1, 0xff, 0xff,
    0xff, 0xfe, 0xa5, 0x12, 0x7b, 0xff, 0xff, 0xff,
    0x40, 0xc, 0xff, 0xc9, 0x52, 0x0, 0x0, 0x0,
    0x0, 0x36, 0x9b, 0xd0, 0x0, 0x22, 0x0, 0x0,
    0x0, 0x0, 0x0, 0x0, 0x0, 0x0, 0x0, 0x0,

    /* U+5927 "大" */
    0x0, 0x0, 0x0, 0x0, 0xe, 0xff, 0xf0, 0x0,
    0x0, 0x0, 0x0, 0x0, 0x0, 0x0, 0x0, 0xe,
    0xff, 0xf0, 0x0, 0x0, 0x0, 0x0, 0x0, 0x0,
    0x0, 0x0, 0xe, 0xff, 0xf0, 0x0, 0x0, 0x0,
    0x0, 0x0, 0x0, 0x0, 0x0, 0xe, 0xff, 0xf0,
    0x0, 0x0, 0x0, 0x0, 0x0, 0x0, 0x0, 0x0,
    0xe, 0xff, 0xf0, 0x0, 0x0, 0x0, 0x0, 0xe,
    0xff, 0xff, 0xff, 0xff, 0xff, 0xff, 0xff, 0xff,
    0xff, 0xf1, 0xf, 0xff, 0xff, 0xff, 0xff, 0xff,
    0xff, 0xff, 0xff, 0xff, 0xf2, 0xf, 0xff, 0xff,
    0xff, 0xff, 0xff, 0xff, 0xff, 0xff, 0xff, 0xf2,
    0x9, 0x99, 0x99, 0x99, 0xaf, 0xff, 0xf9, 0x99,
    0x99, 0x99, 0x91, 0x0, 0x0, 0x0, 0x0, 0x4f,
    0xff, 0xf3, 0x0, 0x0, 0x0, 0x0, 0x0, 0x0,
    0x0, 0x0, 0x9f, 0xff, 0xf8, 0x0, 0x0, 0x0,
    0x0, 0x0, 0x0, 0x0, 0x1, 0xff, 0xff, 0xff,
    0x10, 0x0, 0x0, 0x0, 0x0, 0x0, 0x0, 0xa,
    0xff, 0xff, 0xff, 0x90, 0x0, 0x0, 0x0, 0x0,
    0x0, 0x0, 0x5f, 0xff, 0xff, 0xff, 0xf4, 0x0,
    0x0, 0x0, 0x0, 0x0, 0x3, 0xff, 0xff, 0xa6,
    0xff, 0xfe, 0x30, 0x0, 0x0, 0x0, 0x0, 0x4f,
    0xff, 0xfe, 0x10, 0xcf, 0xff, 0xe4, 0x0, 0x0,
    0x0, 0x7, 0xff, 0xff, 0xf4, 0x0, 0x2e, 0xff,
    0xff, 0x70, 0x0, 0x3, 0xcf, 0xff, 0xff, 0x50,
    0x0, 0x3, 0xff, 0xff, 0xfd, 0x40, 0x8f, 0xff,
    0xff, 0xf5, 0x0, 0x0, 0x0, 0x4e, 0xff, 0xff,
    0xf9, 0x5f, 0xff, 0xfe, 0x30, 0x0, 0x0, 0x0,
    0x2, 0xdf, 0xff, 0xf3, 0xa, 0xff, 0xa1, 0x0,
    0x0, 0x0, 0x0, 0x0, 0x8, 0xff, 0x80, 0x1,
    0xd5, 0x0, 0x0, 0x0, 0x0, 0x0, 0x0, 0x0,
    0x29, 0x0, 0x0, 0x0, 0x0, 0x0, 0x0, 0x0,
    0x0, 0x0, 0x0, 0x0, 0x0,

    /* U+5B8C "完" */
    0x0, 0x0, 0x0, 0x0, 0x2, 0x35, 0x50, 0x0,
    0x0, 0x0, 0x0, 0x0, 0x0, 0x0, 0x0, 0x6f,
    0xff, 0xf0, 0x0, 0x0, 0x0, 0x0, 0x4, 0x44,
    0x44, 0x44, 0x6f, 0xff, 0xf6, 0x44, 0x44, 0x44,
    0x40, 0x1f, 0xff, 0xff, 0xff, 0xff, 0xff, 0xff,
    0xff, 0xff, 0xff, 0xf1, 0x1f, 0xff, 0xff, 0xff,
    0xff, 0xff, 0xff, 0xff, 0xff, 0xff, 0xf1, 0x1f,
    0xff, 0xff, 0xff, 0xff, 0xff, 0xff, 0xff, 0xff,
    0xff, 0xf1, 0x1f, 0xff, 0x50, 0x0, 0x0, 0x0,
    0x0, 0x0, 0x8, 0xff, 0xf1, 0x1b, 0xbb, 0x40,
    0x0, 0x0, 0x0, 0x0, 0x0, 0x6, 0xba, 0xa0,
    0x0, 0xf, 0xff, 0xff, 0xff, 0xff, 0xff, 0xff,
    0xff, 0xb0, 0x0, 0x0, 0xf, 0xff, 0xff, 0xff,
    0xff, 0xff, 0xff, 0xff, 0xb0, 0x0, 0x0, 0xd,
    0xee, 0xee, 0xee, 0xee, 0xee, 0xee, 0xee, 0x90,
    0x0, 0x0, 0x0, 0x0, 0x0, 0x0, 0x0, 0x0,
    0x0, 0x0, 0x0, 0x0, 0xf, 0xff, 0xff, 0xff,
    0xff, 0xff, 0xff, 0xff, 0xff, 0xff, 0xc0, 0x1f,
    0xff, 0xff, 0xff, 0xff, 0xff, 0xff, 0xff, 0xff,
    0xff, 0xd0, 0x1f, 0xff, 0xff, 0xff, 0xff, 0xff,
    0xff, 0xff, 0xff, 0xff, 0xd0, 0x4, 0x44, 0x47,
    0xff, 0xfa, 0x49, 0xff, 0xf5, 0x44, 0x64, 0x30,
    0x0, 0x0, 0x7, 0xff, 0xf5, 0x7, 0xff, 0xf1,
    0x0, 0xbf, 0xb4, 0x0, 0x0, 0xd, 0xff, 0xf2,
    0x7, 0xff, 0xf1, 0x0, 0xbf, 0xf8, 0x0, 0x1,
    0xbf, 0xff, 0xc0, 0x7, 0xff, 0xf1, 0x0, 0xcf,
    0xf7, 0x2, 0x8f, 0xff, 0xff, 0x40, 0x7, 0xff,
    0xf5, 0x23, 0xef, 0xf6, 0x2f, 0xff, 0xff, 0xf7,
    0x0, 0x5, 0xff, 0xff, 0xff, 0xff, 0xf4, 0xb,
    0xff, 0xff, 0x60, 0x0, 0x1, 0xff, 0xff, 0xff,
    0xff, 0xf0, 0x2, 0xff, 0x91, 0x0, 0x0, 0x0,
    0x4c, 0xff, 0xff, 0xfb, 0x30, 0x0, 0x41, 0x0,
    0x0, 0x0, 0x0, 0x0, 0x0, 0x0, 0x0, 0x0,

    /* U+5B9E "实" */
    0x0, 0x0, 0x0, 0x0, 0x0, 0x0, 0x10, 0x0,
    0x0, 0x0, 0x0, 0x0, 0x0, 0x0, 0x0, 0xc,
    0xff, 0xf5, 0x0, 0x0, 0x0, 0x0, 0x0, 0x0,
    0x0, 0x0, 0xa, 0xff, 0xfa, 0x0, 0x0, 0x0,
    0x0, 0xf, 0xff, 0xff, 0xff, 0xff, 0xff, 0xff,
    0xff, 0xff, 0xff, 0xf7, 0xf, 0xff, 0xff, 0xff,
    0xff, 0xff, 0xff, 0xff, 0xff, 0xff, 0xf8, 0xf,
    0xff, 0xff, 0xff, 0xff, 0xff, 0xff, 0xff, 0xff,
    0xff, 0xf8, 0xf, 0xff, 0x73, 0xb6, 0x33, 0x33,
    0x33, 0x33, 0x33, 0xff, 0xf8, 0xf, 0xff, 0x53,
    0xff, 0xa2, 0x0, 0xbd, 0xda, 0x0, 0xff, 0xf8,
    0xb, 0xbb, 0x4b, 0xff, 0xff, 0x91, 0xdf, 0xfc,
    0x0, 0xbc, 0xc6, 0x0, 0x0, 0x14, 0xcf, 0xff,
    0xf4, 0xef, 0xfb, 0x0, 0x0, 0x0, 0x0, 0x1,
    0xf9, 0x25, 0xdf, 0xd0, 0xef, 0xfb, 0x0, 0x0,
    0x0, 0x0, 0x8, 0xff, 0xf9, 0x26, 0x50, 0xff,
    0xfa, 0x0, 0x0, 0x0, 0x0, 0xb, 0xff, 0xff,
    0xf9, 0x0, 0xff, 0xf9, 0x0, 0x0, 0x0, 0x0,
    0x0, 0x4c, 0xff, 0xfb, 0x1, 0xff, 0xf8, 0x0,
    0x0, 0x0, 0x3f, 0xff, 0xff, 0xff, 0xff, 0xff,
    0xff, 0xff, 0xff, 0xff, 0xfb, 0x3f, 0xff, 0xff,
    0xff, 0xff, 0xff, 0xff, 0xff, 0xff, 0xff, 0xfb,
    0x3f, 0xff, 0xff, 0xff, 0xff, 0xff, 0xff, 0xff,
    0xff, 0xff, 0xfb, 0x4, 0x44, 0x44, 0x44, 0x48,
    0xff, 0xff, 0xb4, 0x44, 0x44, 0x43, 0x0, 0x0,
    0x0, 0x4, 0xbf, 0xff, 0xff, 0xfd, 0x71, 0x0,
    0x0, 0x0, 0x2, 0x59, 0xef, 0xff, 0xff, 0xff,
    0xff, 0xff, 0x93, 0x0, 0xa, 0xff, 0xff, 0xff,
    0xff, 0xf9, 0x6d, 0xff, 0xff, 0xff, 0xc4, 0x8,
    0xff, 0xff, 0xff, 0xfb, 0x30, 0x0, 0x4b, 0xff,
    0xff, 0xf5, 0x2, 0xff, 0xff, 0xd8, 0x20, 0x0,
    0x0, 0x0, 0x3a, 0xff, 0xd0, 0x0, 0xaa, 0x62,
    0x0, 0x0, 0x0, 0x0, 0x0, 0x0, 0x29, 0x60,

    /* U+5BF8 "寸" */
    0x0, 0x0, 0x0, 0x0, 0x0, 0x0, 0x0, 0xef,
    0xff, 0x0, 0x0, 0x0, 0x0, 0x0, 0x0, 0x0,
    0x0, 0x0, 0xef, 0xff, 0x0, 0x0, 0x0, 0x0,
    0x0, 0x0, 0x0, 0x0, 0x0, 0xef, 0xff, 0x0,
    0x0, 0x0, 0x0, 0x0, 0x0, 0x0, 0x0, 0x0,
    0xef, 0xff, 0x0, 0x0, 0x19, 0x99, 0x99, 0x99,
    0x99, 0x99, 0x99, 0xff, 0xff, 0x99, 0x95, 0x2f,
    0xff, 0xff, 0xff, 0xff, 0xff, 0xff, 0xff, 0xff,
    0xff, 0xfa, 0x2f, 0xff, 0xff, 0xff, 0xff, 0xff,
    0xff, 0xff, 0xff, 0xff, 0xfa, 0x2f, 0xff, 0xff,
    0xff, 0xff, 0xff, 0xff, 0xff, 0xff, 0xff, 0xfa,
    0x0, 0x0, 0x1, 0x30, 0x0, 0x0, 0x0, 0xef,
    0xff, 0x0, 0x0, 0x0, 0x0, 0xc, 0xe2, 0x0,
    0x0, 0x0, 0xef, 0xff, 0x0, 0x0, 0x0, 0x0,
    0xbf, 0xfd, 0x10, 0x0, 0x0, 0xef, 0xff, 0x0,
    0x0, 0x0, 0x3, 0xff, 0xff, 0xd1, 0x0, 0x0,
    0xef, 0xff, 0x0, 0x0, 0x0, 0x0, 0x6f, 0xff,
    0xfc, 0x0, 0x0, 0xef, 0xff, 0x0, 0x0, 0x0,
    0x0, 0x8, 0xff, 0xff, 0xb0, 0x0, 0xef, 0xff,
    0x0, 0x0, 0x0, 0x0, 0x0, 0xaf, 0xff, 0xd1,
    0x0, 0xef, 0xff, 0x0, 0x0, 0x0, 0x0, 0x0,
    0xb, 0xfe, 0x10, 0x0, 0xef, 0xff, 0x0, 0x0,
    0x0, 0x0, 0x0, 0x0, 0xb2, 0x0, 0x0, 0xef,
    0xff, 0x0, 0x0, 0x0, 0x0, 0x0, 0x0, 0x0,
    0x0, 0x0, 0xef, 0xff, 0x0, 0x0, 0x0, 0x0,
    0x0, 0x0, 0x0, 0x0, 0x0, 0xff, 0xff, 0x0,
    0x0, 0x0, 0x0, 0x0, 0x0, 0xbb, 0xbb, 0xbd,
    0xff, 0xfe, 0x0, 0x0, 0x0, 0x0, 0x0, 0x0,
    0xcf, 0xff, 0xff, 0xff, 0xfc, 0x0, 0x0, 0x0,
    0x0, 0x0, 0x0, 0x9f, 0xff, 0xff, 0xff, 0xf6,
    0x0, 0x0, 0x0, 0x0, 0x0, 0x0, 0x5f, 0xff,
    0xff, 0xec, 0x50, 0x0, 0x0,

    /* U+5C0F "小" */
    0x0, 0x0, 0x0, 0x0, 0x0, 0xdf, 0xff, 0x10,
    0x0, 0x0, 0x0, 0x0, 0x0, 0x0, 0x0, 0x0,
    0x0, 0xdf, 0xff, 0x10, 0x0, 0x0, 0x0, 0x0,
    0x0, 0x0, 0x0, 0x0, 0x0, 0xdf, 0xff, 0x10,
    0x0, 0x0, 0x0, 0x0, 0x0, 0x0, 0x0, 0x0,
    0x0, 0xdf, 0xff, 0x10, 0x0, 0x0, 0x0, 0x0,
    0x0, 0x0, 0x76, 0x30, 0x0, 0xdf, 0xff, 0x10,
    0x28, 0xb0, 0x0, 0x0, 0x0, 0x0, 0xff, 0xfd,
    0x0, 0xdf, 0xff, 0x19, 0xff, 0xf4, 0x0, 0x0,
    0x0, 0x2, 0xff, 0xfa, 0x0, 0xdf, 0xff, 0x15,
    0xff, 0xfa, 0x0, 0x0, 0x0, 0x6, 0xff, 0xf6,
    0x0, 0xdf, 0xff, 0x10, 0xff, 0xff, 0x0, 0x0,
    0x0, 0xa, 0xff, 0xf3, 0x0, 0xdf, 0xff, 0x10,
    0xaf, 0xff, 0x50, 0x0, 0x0, 0xe, 0xff, 0xe0,
    0x0, 0xdf, 0xff, 0x10, 0x5f, 0xff, 0xb0, 0x0,
    0x0, 0x2f, 0xff, 0xa0, 0x0, 0xdf, 0xff, 0x10,
    0xf, 0xff, 0xf1, 0x0, 0x0, 0x7f, 0xff, 0x50,
    0x0, 0xdf, 0xff, 0x10, 0xa, 0xff, 0xf6, 0x0,
    0x0, 0xdf, 0xff, 0x10, 0x0, 0xdf, 0xff, 0x10,
    0x5, 0xff, 0xfc, 0x0, 0x2, 0xff, 0xfb, 0x0,
    0x0, 0xdf, 0xff, 0x10, 0x0, 0xff, 0xff, 0x20,
    0x8, 0xff, 0xf5, 0x0, 0x0, 0xdf, 0xff, 0x10,
    0x0, 0xbf, 0xff, 0x70, 0xf, 0xff, 0xf0, 0x0,
    0x0, 0xdf, 0xff, 0x10, 0x0, 0x6f, 0xff, 0xd0,
    0x3e, 0xff, 0x90, 0x0, 0x0, 0xdf, 0xff, 0x10,
    0x0, 0x1f, 0xff, 0xc0, 0x0, 0x6e, 0x20, 0x0,
    0x0, 0xef, 0xff, 0x10, 0x0, 0x9, 0x71, 0x0,
    0x0, 0x0, 0x0, 0xab, 0xbc, 0xff, 0xff, 0x0,
    0x0, 0x0, 0x0, 0x0, 0x0, 0x0, 0x0, 0xbf,
    0xff, 0xff, 0xfe, 0x0, 0x0, 0x0, 0x0, 0x0,
    0x0, 0x0, 0x0, 0x8f, 0xff, 0xff, 0xf9, 0x0,
    0x0, 0x0, 0x0, 0x0, 0x0, 0x0, 0x0, 0x5f,
    0xff, 0xfd, 0x80, 0x0, 0x0, 0x0, 0x0, 0x0,

    /* U+5C3A "尺" */
    0x0, 0x9, 0xff, 0xff, 0xff, 0xff, 0xff, 0xff,
    0xff, 0xff, 0xe0, 0x0, 0x0, 0x9f, 0xff, 0xff,
    0xff, 0xff, 0xff, 0xff, 0xff, 0xfe, 0x0, 0x0,
    0x9, 0xff, 0xff, 0xff, 0xff, 0xff, 0xff, 0xff,
    0xff, 0xe0, 0x0, 0x0, 0x9f, 0xff, 0xa8, 0x88,
    0x88, 0x88, 0x88, 0xef, 0xfe, 0x0, 0x0, 0x9,
    0xff, 0xf3, 0x0, 0x0, 0x0, 0x0, 0xd, 0xff,
    0xe0, 0x0, 0x0, 0x9f, 0xff, 0x30, 0x0, 0x0,
    0x0, 0x0, 0xdf, 0xfe, 0x0, 0x0, 0x9, 0xff,
    0xf3, 0x0, 0x0, 0x0, 0x0, 0xd, 0xff, 0xe0,
    0x0, 0x0, 0x9f, 0xff, 0xba, 0xaa, 0xaa, 0xaa,
    0xaa, 0xff, 0xfe, 0x0, 0x0, 0x9, 0xff, 0xff,
    0xff, 0xff, 0xff, 0xff, 0xff, 0xff, 0xe0, 0x0,
    0x0, 0x9f, 0xff, 0xff, 0xff, 0xff, 0xff, 0xff,
    0xff, 0xfe, 0x0, 0x0, 0x9, 0xff, 0xff, 0xff,
    0xff, 0xff, 0xff, 0xff, 0xff, 0xe0, 0x0, 0x0,
    0xaf, 0xff, 0x10, 0xd, 0xff, 0xf2, 0x0, 0x0,
    0x0, 0x0, 0x0, 0xb, 0xff, 0xf0, 0x0, 0x7f,
    0xff, 0xa0, 0x0, 0x0, 0x0, 0x0, 0x0, 0xdf,
    0xff, 0x0, 0x0, 0xef, 0xff, 0x60, 0x0, 0x0,
    0x0, 0x0, 0xf, 0xff, 0xc0, 0x0, 0x6, 0xff,
    0xff, 0x60, 0x0, 0x0, 0x0, 0x4, 0xff, 0xf9,
    0x0, 0x0, 0xb, 0xff, 0xff, 0xa1, 0x0, 0x0,
    0x0, 0x9f, 0xff, 0x50, 0x0, 0x0, 0x1d, 0xff,
    0xff, 0xf7, 0x10, 0x0, 0x1f, 0xff, 0xf0, 0x0,
    0x0, 0x0, 0x1d, 0xff, 0xff, 0xff, 0xa1, 0x9,
    0xff, 0xf9, 0x0, 0x0, 0x0, 0x0, 0x1b, 0xff,
    0xff, 0xfe, 0x2, 0xff, 0xff, 0x20, 0x0, 0x0,
    0x0, 0x0, 0x7, 0xff, 0xff, 0x80, 0x8, 0xff,
    0x90, 0x0, 0x0, 0x0, 0x0, 0x0, 0x1, 0xaf,
    0xf1, 0x0, 0x4, 0xd0, 0x0, 0x0, 0x0, 0x0,
    0x0, 0x0, 0x0, 0x25, 0x0, 0x0, 0x0, 0x0,
    0x0, 0x0, 0x0, 0x0, 0x0, 0x0, 0x0, 0x0,
    0x0,

    /* U+5DE5 "工" */
    0x0, 0x0, 0x0, 0x0, 0x0, 0x0, 0x0, 0x0,
    0x0, 0x0, 0x0, 0x0, 0xef, 0xff, 0xff, 0xff,
    0xff, 0xff, 0xff, 0xff, 0xff, 0x60, 0x0, 0xef,
    0xff, 0xff, 0xff, 0xff, 0xff, 0xff, 0xff, 0xff,
    0x60, 0x0, 0xef, 0xff, 0xff, 0xff, 0xff, 0xff,
    0xff, 0xff, 0xff, 0x60, 0x0, 0xab, 0xbb, 0xbb,
    0xbf, 0xff, 0xfc, 0xbb, 0xbb, 0xbb, 0x40, 0x0,
    0x0, 0x0, 0x0, 0xd, 0xff, 0xf4, 0x0, 0x0,
    0x0, 0x0, 0x0, 0x0, 0x0, 0x0, 0xd, 0xff,
    0xf4, 0x0, 0x0, 0x0, 0x0, 0x0, 0x0, 0x0,
    0x0, 0xd, 0xff, 0xf4, 0x0, 0x0, 0x0, 0x0,
    0x0, 0x0, 0x0, 0x0, 0xd, 0xff, 0xf4, 0x0,
    0x0, 0x0, 0x0, 0x0, 0x0, 0x0, 0x0, 0xd,
    0xff, 0xf4, 0x0, 0x0, 0x0, 0x0, 0x0, 0x0,
    0x0, 0x0, 0xd, 0xff, 0xf4, 0x0, 0x0, 0x0,
    0x0, 0x0, 0x0, 0x0, 0x0, 0xd, 0xff, 0xf4,
    0x0, 0x0, 0x0, 0x0, 0x0, 0x0, 0x0, 0x0,
    0xd, 0xff, 0xf4, 0x0, 0x0, 0x0, 0x0, 0x0,
    0x0, 0x0, 0x0, 0xd, 0xff, 0xf4, 0x0, 0x0,
    0x0, 0x0, 0x0, 0x0, 0x0, 0x0, 0xd, 0xff,
    0xf4, 0x0, 0x0, 0x0, 0x0, 0x0, 0x0, 0x0,
    0x0, 0xd, 0xff, 0xf4, 0x0, 0x0, 0x0, 0x0,
    0x0, 0x0, 0x0, 0x0, 0xd, 0xff, 0xf4, 0x0,
    0x0, 0x0, 0x0, 0x6f, 0xff, 0xff, 0xff, 0xff,
    0xff, 0xff, 0xff, 0xff, 0xff, 0xfd, 0x6f, 0xff,
    0xff, 0xff, 0xff, 0xff, 0xff, 0xff, 0xff, 0xff,
    0xfd, 0x6f, 0xff, 0xff, 0xff, 0xff, 0xff, 0xff,
    0xff, 0xff, 0xff, 0xfd, 0x38, 0x88, 0x88, 0x88,
    0x88, 0x88, 0x88, 0x88, 0x88, 0x88, 0x87,

    /* U+5E27 "帧" */
    0x0, 0xa, 0xff, 0x90, 0x0, 0x0, 0x7, 0xff,
    0xe0, 0x0, 0x0, 0x0, 0x0, 0xaf, 0xfa, 0x0,
    0x0, 0x0, 0x7f, 0xff, 0x99, 0x99, 0x90, 0x1,
    0x1a, 0xff, 0xa1, 0x10, 0x0, 0x7, 0xff, 0xff,
    0xff, 0xff, 0x5, 0xff, 0xff, 0xff, 0xff, 0x50,
    0x0, 0x7f, 0xff, 0xff, 0xff, 0xf0, 0x5f, 0xff,
    0xff, 0xff, 0xf5, 0x0, 0x7, 0xff, 0xfe, 0xee,
    0xee, 0x5, 0xff, 0xff, 0xff, 0xff, 0x50, 0x0,
    0x7f, 0xfe, 0x0, 0x0, 0x0, 0x5f, 0xfb, 0xff,
    0xaf, 0xf5, 0xbe, 0xee, 0xff, 0xfe, 0xee, 0xe2,
    0x5, 0xfe, 0x6f, 0xf4, 0xef, 0x5d, 0xff, 0xff,
    0xff, 0xff, 0xff, 0x30, 0x5f, 0xe6, 0xff, 0x4e,
    0xf5, 0xdf, 0xff, 0xff, 0xff, 0xff, 0xf3, 0x5,
    0xfe, 0x6f, 0xf4, 0xef, 0x5d, 0xff, 0x84, 0x44,
    0x4f, 0xff, 0x30, 0x5f, 0xe6, 0xff, 0x4e, 0xf5,
    0xdf, 0xf5, 0x8e, 0xe3, 0xef, 0xf3, 0x5, 0xfe,
    0x6f, 0xf4, 0xef, 0x5d, 0xff, 0x5a, 0xff, 0x4e,
    0xff, 0x30, 0x5f, 0xe6, 0xff, 0x4e, 0xf5, 0xdf,
    0xf5, 0xaf, 0xf4, 0xef, 0xf3, 0x5, 0xfe, 0x6f,
    0xf4, 0xef, 0x5d, 0xff, 0x5a, 0xff, 0x4e, 0xff,
    0x30, 0x5f, 0xe6, 0xff, 0x4f, 0xf5, 0xdf, 0xf5,
    0xbf, 0xf3, 0xef, 0xf3, 0x5, 0xfe, 0x6f, 0xff,
    0xff, 0x5d, 0xff, 0x5e, 0xff, 0x2e, 0xff, 0x30,
    0x5f, 0xe6, 0xff, 0xef, 0xf4, 0xac, 0xc9, 0xff,
    0xf9, 0x66, 0x61, 0x5, 0xfe, 0x6f, 0xfb, 0xfe,
    0x0, 0x4, 0xff, 0xff, 0xfc, 0x20, 0x0, 0x28,
    0x76, 0xff, 0x64, 0x10, 0x2a, 0xff, 0xff, 0xff,
    0xff, 0x40, 0x0, 0x0, 0x6f, 0xf4, 0x3, 0xbf,
    0xff, 0xff, 0x8a, 0xff, 0xff, 0x80, 0x0, 0x6,
    0xff, 0x40, 0x3f, 0xff, 0xff, 0x70, 0x7, 0xff,
    0xff, 0x30, 0x0, 0x6f, 0xf4, 0x0, 0xbf, 0xfc,
    0x30, 0x0, 0x5, 0xff, 0x70, 0x0, 0x6, 0xff,
    0x40, 0x2, 0xc5, 0x0, 0x0, 0x0, 0x3, 0x80,
    0x0,

    /* U+5EA6 "度" */
    0x0, 0x0, 0x0, 0x0, 0x0, 0x57, 0x9a, 0x70,
    0x0, 0x0, 0x0, 0x0, 0x0, 0x0, 0x0, 0x0,
    0x8, 0xff, 0xff, 0x10, 0x0, 0x0, 0x0, 0x0,
    0x5f, 0xff, 0xff, 0xff, 0xff, 0xff, 0xff, 0xff,
    0xff, 0xff, 0x90, 0x5, 0xff, 0xff, 0xff, 0xff,
    0xff, 0xff, 0xff, 0xff, 0xff, 0xf9, 0x0, 0x5f,
    0xff, 0xff, 0xff, 0xff, 0xff, 0xff, 0xff, 0xff,
    0xff, 0x80, 0x5, 0xff, 0xf0, 0xe, 0xff, 0x60,
    0x0, 0xe, 0xff, 0x60, 0x0, 0x0, 0x5f, 0xff,
    0xdd, 0xff, 0xfe, 0xdd, 0xdd, 0xff, 0xfe, 0xdd,
    0x50, 0x5, 0xff, 0xff, 0xff, 0xff, 0xff, 0xff,
    0xff, 0xff, 0xff, 0xf6, 0x0, 0x5f, 0xff, 0xff,
    0xff, 0xff, 0xff, 0xff, 0xff, 0xff, 0xff, 0x60,
    0x5, 0xff, 0xf0, 0xe, 0xff, 0x60, 0x0, 0xe,
    0xff, 0x60, 0x0, 0x0, 0x5f, 0xff, 0x0, 0xef,
    0xff, 0xff, 0xff, 0xff, 0xf6, 0x0, 0x0, 0x5,
    0xff, 0xf0, 0xe, 0xff, 0xff, 0xff, 0xff, 0xff,
    0x60, 0x0, 0x0, 0x5f, 0xff, 0x0, 0x56, 0x66,
    0x66, 0x66, 0x66, 0x62, 0x0, 0x0, 0x6, 0xff,
    0xf0, 0xbb, 0xbb, 0xbb, 0xbb, 0xbb, 0xbb, 0xba,
    0x0, 0x0, 0x6f, 0xff, 0x1f, 0xff, 0xff, 0xff,
    0xff, 0xff, 0xff, 0xf0, 0x0, 0x7, 0xff, 0xe1,
    0xff, 0xff, 0xff, 0xff, 0xff, 0xff, 0xff, 0x0,
    0x0, 0x9f, 0xfc, 0x7, 0xff, 0xfd, 0x20, 0x6,
    0xff, 0xff, 0x60, 0x0, 0xc, 0xff, 0xa0, 0x6,
    0xff, 0xff, 0x9d, 0xff, 0xff, 0x50, 0x0, 0x0,
    0xff, 0xf7, 0x0, 0x5, 0xff, 0xff, 0xff, 0xfe,
    0x20, 0x0, 0x0, 0x5f, 0xff, 0x55, 0x8c, 0xff,
    0xff, 0xff, 0xff, 0xff, 0xdb, 0x94, 0xc, 0xff,
    0xeb, 0xff, 0xff, 0xff, 0xfd, 0xff, 0xff, 0xff,
    0xff, 0x40, 0xaf, 0xf9, 0x4f, 0xff, 0xfe, 0x82,
    0x2, 0x8d, 0xff, 0xff, 0xf0, 0x0, 0x3c, 0x20,
    0xdc, 0x83, 0x0, 0x0, 0x0, 0x1, 0x59, 0xc9,
    0x0, 0x0, 0x0, 0x0, 0x0, 0x0, 0x0, 0x0,
    0x0, 0x0, 0x0, 0x0,

    /* U+5F53 "当" */
    0x0, 0x4, 0x40, 0x0, 0xe, 0xff, 0xf0, 0x0,
    0x3, 0x80, 0x0, 0x3, 0xfe, 0x20, 0x0, 0xef,
    0xff, 0x0, 0x0, 0xdf, 0x90, 0x3, 0xff, 0xfd,
    0x0, 0xe, 0xff, 0xf0, 0x0, 0xaf, 0xff, 0x90,
    0x2f, 0xff, 0xfa, 0x0, 0xef, 0xff, 0x0, 0x7f,
    0xff, 0xf4, 0x0, 0x4f, 0xff, 0xf7, 0xe, 0xff,
    0xf0, 0x4f, 0xff, 0xf8, 0x0, 0x0, 0x7f, 0xff,
    0xc0, 0xef, 0xff, 0xd, 0xff, 0xfc, 0x0, 0x0,
    0x0, 0xaf, 0xb0, 0xe, 0xff, 0xf0, 0x1d, 0xfe,
    0x10, 0x0, 0x57, 0x78, 0xe7, 0x77, 0xff, 0xff,
    0x77, 0x8f, 0x63, 0x32, 0xc, 0xff, 0xff, 0xff,
    0xff, 0xff, 0xff, 0xff, 0xff, 0xff, 0xd0, 0xcf,
    0xff, 0xff, 0xff, 0xff, 0xff, 0xff, 0xff, 0xff,
    0xfd, 0xc, 0xff, 0xff, 0xff, 0xff, 0xff, 0xff,
    0xff, 0xff, 0xff, 0xd0, 0x0, 0x0, 0x0, 0x0,
    0x0, 0x0, 0x0, 0x1, 0xff, 0xfd, 0x0, 0x0,
    0x0, 0x0, 0x0, 0x0, 0x0, 0x0, 0x1f, 0xff,
    0xd0, 0xf, 0xff, 0xff, 0xff, 0xff, 0xff, 0xff,
    0xff, 0xff, 0xfd, 0x0, 0xff, 0xff, 0xff, 0xff,
    0xff, 0xff, 0xff, 0xff, 0xff, 0xd0, 0xf, 0xff,
    0xff, 0xff, 0xff, 0xff, 0xff, 0xff, 0xff, 0xfd,
    0x0, 0x66, 0x66, 0x66, 0x66, 0x66, 0x66, 0x66,
    0x7f, 0xff, 0xd0, 0x0, 0x0, 0x0, 0x0, 0x0,
    0x0, 0x0, 0x1, 0xff, 0xfd, 0x17, 0x77, 0x77,
    0x77, 0x77, 0x77, 0x77, 0x77, 0x8f, 0xff, 0xd3,
    0xff, 0xff, 0xff, 0xff, 0xff, 0xff, 0xff, 0xff,
    0xff, 0xfd, 0x3f, 0xff, 0xff, 0xff, 0xff, 0xff,
    0xff, 0xff, 0xff, 0xff, 0xd3, 0xff, 0xff, 0xff,
    0xff, 0xff, 0xff, 0xff, 0xff, 0xff, 0xfd, 0x0,
    0x0, 0x0, 0x0, 0x0, 0x0, 0x0, 0x0, 0x1f,
    0xff, 0xd0,

    /* U+5F55 "录" */
    0x0, 0xff, 0xff, 0xff, 0xff, 0xff, 0xff, 0xff,
    0xff, 0xf2, 0x0, 0x0, 0xff, 0xff, 0xff, 0xff,
    0xff, 0xff, 0xff, 0xff, 0xf2, 0x0, 0x0, 0xff,
    0xff, 0xff, 0xff, 0xff, 0xff, 0xff, 0xff, 0xf2,
    0x0, 0x0, 0x0, 0x0, 0x0, 0x0, 0x0, 0x0,
    0x6, 0xff, 0xf2, 0x0, 0x0, 0x4d, 0xdd, 0xdd,
    0xdd, 0xdd, 0xdd, 0xde, 0xff, 0xf2, 0x0, 0x0,
    0x5f, 0xff, 0xff, 0xff, 0xff, 0xff, 0xff, 0xff,
    0xf2, 0x0, 0x0, 0x5f, 0xff, 0xff, 0xff, 0xff,
    0xff, 0xff, 0xff, 0xf2, 0x0, 0x0, 0x0, 0x0,
    0x0, 0x0, 0x0, 0x0, 0x6, 0xff, 0xf2, 0x0,
    0xad, 0xdd, 0xdd, 0xdd, 0xdd, 0xdd, 0xdd, 0xde,
    0xff, 0xfd, 0xdc, 0xcf, 0xff, 0xff, 0xff, 0xff,
    0xff, 0xff, 0xff, 0xff, 0xff, 0xfe, 0xcf, 0xff,
    0xff, 0xff, 0xff, 0xff, 0xff, 0xff, 0xff, 0xff,
    0xfe, 0x23, 0xbf, 0xe5, 0x33, 0x3a, 0xff, 0xf4,
    0x33, 0x39, 0xfa, 0x33, 0x4, 0xff, 0xfe, 0x40,
    0x9, 0xff, 0xf9, 0x0, 0xaf, 0xff, 0x40, 0x0,
    0xaf, 0xff, 0xe4, 0xcf, 0xff, 0xff, 0x8d, 0xff,
    0xff, 0x70, 0x0, 0x7, 0xff, 0xef, 0xff, 0xff,
    0xff, 0xff, 0xff, 0xe4, 0x0, 0x0, 0x1, 0xcf,
    0xff, 0xff, 0xff, 0xff, 0xff, 0xfc, 0x10, 0x0,
    0x0, 0x8f, 0xff, 0xff, 0xfe, 0xff, 0xff, 0xff,
    0xfe, 0x81, 0x0, 0x6e, 0xff, 0xff, 0xfd, 0x49,
    0xff, 0xf4, 0xff, 0xff, 0xff, 0xb6, 0x7f, 0xff,
    0xfe, 0x93, 0x4d, 0xff, 0xf0, 0x3d, 0xff, 0xff,
    0xfa, 0xe, 0xff, 0x80, 0xaf, 0xff, 0xff, 0xf0,
    0x0, 0x9f, 0xff, 0xf3, 0x7, 0xb2, 0x0, 0x7f,
    0xff, 0xff, 0xc0, 0x0, 0x2, 0xaf, 0xc0, 0x0,
    0x0, 0x0, 0x3f, 0xff, 0xeb, 0x20, 0x0, 0x0,
    0x2, 0x30,

    /* U+5FD7 "志" */
    0x0, 0x0, 0x0, 0x0, 0xb, 0xff, 0xf1, 0x0,
    0x0, 0x0, 0x0, 0x0, 0x0, 0x0, 0x0, 0x0,
    0xbf, 0xff, 0x10, 0x0, 0x0, 0x0, 0x0, 0x0,
    0x0, 0x0, 0x0, 0xb, 0xff, 0xf1, 0x0, 0x0,
    0x0, 0x0, 0x9, 0xff, 0xff, 0xff, 0xff, 0xff,
    0xff, 0xff, 0xff, 0xff, 0xff, 0xe0, 0x9f, 0xff,
    0xff, 0xff, 0xff, 0xff, 0xff, 0xff, 0xff, 0xff,
    0xfe, 0x9, 0xff, 0xff, 0xff, 0xff, 0xff, 0xff,
    0xff, 0xff, 0xff, 0xff, 0xe0, 0x48, 0x88, 0x88,
    0x88, 0x8d, 0xff, 0xf8, 0x88, 0x88, 0x88, 0x87,
    0x0, 0x0, 0x0, 0x0, 0x0, 0xbf, 0xff, 0x10,
    0x0, 0x0, 0x0, 0x0, 0x0, 0x55, 0x55, 0x55,
    0x5d, 0xff, 0xf6, 0x55, 0x55, 0x55, 0x10, 0x0,
    0xf, 0xff, 0xff, 0xff, 0xff, 0xff, 0xff, 0xff,
    0xff, 0xf5, 0x0, 0x0, 0xff, 0xff, 0xff, 0xff,
    0xff, 0xff, 0xff, 0xff, 0xff, 0x50, 0x0, 0xf,
    0xff, 0xff, 0xff, 0xff, 0xff, 0xff, 0xff, 0xff,
    0xf5, 0x0, 0x0, 0x11, 0x11, 0x11, 0x11, 0x2c,
    0xc1, 0x11, 0x11, 0x11, 0x0, 0x0, 0x1, 0x0,
    0x58, 0x87, 0x2d, 0xff, 0x50, 0x0, 0x5, 0x20,
    0x0, 0x0, 0xed, 0x7c, 0xff, 0xf6, 0xff, 0xfe,
    0x10, 0x2b, 0xfa, 0x0, 0x0, 0x4f, 0xff, 0xef,
    0xff, 0xb, 0xff, 0xf6, 0xa, 0xff, 0xf4, 0x0,
    0x9, 0xff, 0xea, 0xff, 0xf0, 0x1e, 0xf5, 0x66,
    0x4f, 0xff, 0xd0, 0x0, 0xff, 0xf8, 0xaf, 0xff,
    0x0, 0x52, 0xb, 0xff, 0xff, 0xff, 0x60, 0x7f,
    0xff, 0x3a, 0xff, 0xf0, 0x0, 0x0, 0xcf, 0xf8,
    0xef, 0xfe, 0xc, 0xff, 0xd0, 0xaf, 0xff, 0x76,
    0x66, 0x7f, 0xff, 0x67, 0xff, 0xa1, 0x6, 0xe7,
    0x9, 0xff, 0xff, 0xff, 0xff, 0xff, 0xf4, 0xb,
    0x40, 0x0, 0x0, 0x0, 0x5f, 0xff, 0xff, 0xff,
    0xff, 0xff, 0x10, 0x0, 0x0, 0x0, 0x0, 0x0,
    0x7d, 0xff, 0xff, 0xff, 0xfc, 0x40, 0x0, 0x0,
    0x0,

    /* U+6001 "态" */
    0x0, 0x0, 0x0, 0x0, 0x0, 0x0, 0x0, 0x0,
    0x0, 0x0, 0x0, 0x0, 0x0, 0x0, 0x0, 0x0,
    0x0, 0xdf, 0xff, 0x0, 0x0, 0x0, 0x0, 0x0,
    0x0, 0x0, 0x0, 0x0, 0x0, 0xff, 0xfe, 0x0,
    0x0, 0x0, 0x0, 0x0, 0x0, 0x55, 0x55, 0x55,
    0x55, 0xff, 0xfe, 0x55, 0x55, 0x55, 0x55, 0x10,
    0x2, 0xff, 0xff, 0xff, 0xff, 0xff, 0xff, 0xff,
    0xff, 0xff, 0xff, 0x30, 0x2, 0xff, 0xff, 0xff,
    0xff, 0xff, 0xff, 0xff, 0xff, 0xff, 0xff, 0x30,
    0x2, 0xff, 0xff, 0xff, 0xff, 0xff, 0xff, 0xff,
    0xff, 0xff, 0xff, 0x30, 0x0, 0x0, 0x0, 0x0,
    0x8f, 0xff, 0xff, 0xf6, 0x0, 0x0, 0x0, 0x0,
    0x0, 0x0, 0x0, 0x5, 0xff, 0xff, 0xff, 0xff,
    0x60, 0x0, 0x0, 0x0, 0x0, 0x0, 0x0, 0x8f,
    0xff, 0xfc, 0x6f, 0xff, 0xfb, 0x10, 0x0, 0x0,
    0x0, 0x0, 0x6d, 0xff, 0xff, 0xff, 0x48, 0xff,
    0xff, 0xf9, 0x20, 0x0, 0x4, 0x9e, 0xff, 0xff,
    0xff, 0xff, 0xf6, 0x8f, 0xff, 0xff, 0xfc, 0x60,
    0x9, 0xff, 0xff, 0xff, 0xa8, 0xff, 0xf4, 0x5,
    0xff, 0xff, 0xff, 0x90, 0x1, 0xff, 0xff, 0xe5,
    0x0, 0x6f, 0x70, 0x0, 0x2b, 0xff, 0xff, 0x30,
    0x0, 0xaf, 0xe7, 0x0, 0x0, 0x4, 0x91, 0x0,
    0x0, 0x4b, 0xfd, 0x0, 0x0, 0x26, 0x0, 0x24,
    0x43, 0x2d, 0xfb, 0x0, 0x0, 0x3a, 0x23, 0x0,
    0x0, 0xd, 0xa4, 0xbf, 0xfc, 0x5f, 0xff, 0x80,
    0xb, 0xff, 0x80, 0x0, 0x0, 0x4f, 0xff, 0xff,
    0xfc, 0xa, 0xff, 0xf3, 0xb, 0xff, 0xf2, 0x0,
    0x0, 0xaf, 0xfd, 0xbf, 0xfc, 0x0, 0xdf, 0x9e,
    0xba, 0xff, 0xfc, 0x0, 0x2, 0xff, 0xf7, 0xbf,
    0xfc, 0x0, 0x35, 0xf, 0xff, 0xef, 0xff, 0x50,
    0x9, 0xff, 0xf1, 0xbf, 0xfe, 0x54, 0x44, 0x6f,
    0xff, 0x5f, 0xff, 0xe0, 0xc, 0xff, 0x90, 0xaf,
    0xff, 0xff, 0xff, 0xff, 0xff, 0x28, 0xfc, 0x30,
    0x0, 0x5d, 0x20, 0x7f, 0xff, 0xff, 0xff, 0xff,
    0xfe, 0x0, 0x50, 0x0, 0x0, 0x0, 0x0, 0x9,
    0xef, 0xff, 0xff, 0xff, 0xc3, 0x0, 0x0, 0x0,

    /* U+60C5 "情" */
    0x0, 0x5, 0xff, 0xf0, 0x0, 0x0, 0xb, 0xee,
    0x40, 0x0, 0x0, 0x0, 0x0, 0x5f, 0xff, 0x8,
    0x88, 0x88, 0xef, 0xfb, 0x88, 0x88, 0x83, 0x0,
    0x5, 0xff, 0xf0, 0xef, 0xff, 0xff, 0xff, 0xff,
    0xff, 0xff, 0x50, 0x0, 0x5f, 0xff, 0xe, 0xff,
    0xff, 0xff, 0xff, 0xff, 0xff, 0xf5, 0x3, 0xab,
    0xff, 0xf5, 0x11, 0x11, 0x1d, 0xff, 0x61, 0x11,
    0x11, 0x0, 0x6f, 0xff, 0xff, 0xfd, 0xff, 0xff,
    0xff, 0xff, 0xff, 0xff, 0xd0, 0x7, 0xff, 0xff,
    0xff, 0xff, 0xff, 0xff, 0xff, 0xff, 0xff, 0xfd,
    0x0, 0x8f, 0xdf, 0xff, 0xf9, 0x33, 0x33, 0xdf,
    0xf7, 0x33, 0x33, 0x31, 0xa, 0xfc, 0xff, 0xfa,
    0xff, 0xff, 0xff, 0xff, 0xff, 0xff, 0xff, 0xb0,
    0xbf, 0xbf, 0xff, 0x4f, 0xff, 0xff, 0xff, 0xff,
    0xff, 0xff, 0xfb, 0xd, 0xf9, 0xff, 0xf1, 0x45,
    0x55, 0x55, 0x55, 0x55, 0x55, 0x55, 0x30, 0xff,
    0x7f, 0xff, 0x6, 0xff, 0xff, 0xff, 0xff, 0xff,
    0xff, 0xb0, 0x8, 0xc5, 0xff, 0xf0, 0x6f, 0xff,
    0xff, 0xff, 0xff, 0xff, 0xfb, 0x0, 0x0, 0x5f,
    0xff, 0x6, 0xff, 0xe6, 0x66, 0x66, 0x6c, 0xff,
    0xb0, 0x0, 0x5, 0xff, 0xf0, 0x6f, 0xff, 0xff,
    0xff, 0xff, 0xff, 0xfb, 0x0, 0x0, 0x5f, 0xff,
    0x6, 0xff, 0xff, 0xff, 0xff, 0xff, 0xff, 0xb0,
    0x0, 0x5, 0xff, 0xf0, 0x6f, 0xfe, 0x55, 0x55,
    0x55, 0xbf, 0xfb, 0x0, 0x0, 0x5f, 0xff, 0x6,
    0xff, 0xff, 0xff, 0xff, 0xff, 0xff, 0xb0, 0x0,
    0x5, 0xff, 0xf0, 0x6f, 0xff, 0xff, 0xff, 0xff,
    0xff, 0xfb, 0x0, 0x0, 0x5f, 0xff, 0x6, 0xff,
    0xe4, 0x44, 0x44, 0x4b, 0xff, 0xb0, 0x0, 0x5,
    0xff, 0xf0, 0x6f, 0xfe, 0x0, 0x39, 0x99, 0xef,
    0xfb, 0x0, 0x0, 0x5f, 0xff, 0x6, 0xff, 0xe0,
    0x3, 0xff, 0xff, 0xff, 0x80, 0x0, 0x5, 0xff,
    0xf0, 0x6f, 0xfe, 0x0, 0xf, 0xff, 0xfe, 0xa1,
    0x0, 0x0, 0x0, 0x0, 0x0, 0x11, 0x10, 0x0,
    0x0, 0x0, 0x0, 0x0,

    /* U+6210 "成" */
    0x0, 0x0, 0x0, 0x0, 0x0, 0x0, 0x0, 0x0,
    0x1, 0x70, 0x0, 0x0, 0x0, 0x0, 0x0, 0x0,
    0x0, 0x0, 0xbf, 0xf9, 0x1d, 0xfa, 0x0, 0x0,
    0x0, 0x0, 0x0, 0x0, 0x0, 0x0, 0xaf, 0xfa,
    0xaf, 0xff, 0xa0, 0x0, 0x0, 0x1, 0x11, 0x11,
    0x11, 0x11, 0x9f, 0xfc, 0x2c, 0xff, 0xc2, 0x10,
    0x0, 0x3f, 0xff, 0xff, 0xff, 0xff, 0xff, 0xff,
    0xff, 0xff, 0xff, 0xc0, 0x0, 0x3f, 0xff, 0xff,
    0xff, 0xff, 0xff, 0xff, 0xff, 0xff, 0xff, 0xc0,
    0x0, 0x3f, 0xff, 0xff, 0xff, 0xff, 0xff, 0xff,
    0xff, 0xff, 0xff, 0xc0, 0x0, 0x3f, 0xff, 0x64,
    0x44, 0x44, 0x6f, 0xff, 0x44, 0x64, 0x44, 0x30,
    0x0, 0x3f, 0xff, 0x30, 0x0, 0x0, 0x2f, 0xff,
    0x20, 0xbf, 0x93, 0x0, 0x0, 0x3f, 0xff, 0xff,
    0xff, 0xff, 0x1f, 0xff, 0x31, 0xff, 0xf9, 0x0,
    0x0, 0x3f, 0xff, 0xff, 0xff, 0xff, 0xf, 0xff,
    0x57, 0xff, 0xf2, 0x0, 0x0, 0x3f, 0xff, 0xff,
    0xff, 0xfe, 0xd, 0xff, 0x8e, 0xff, 0xc0, 0x0,
    0x0, 0x4f, 0xff, 0x75, 0xaf, 0xfe, 0xa, 0xff,
    0xff, 0xff, 0x50, 0x0, 0x0, 0x4f, 0xff, 0x20,
    0x8f, 0xfd, 0x8, 0xff, 0xff, 0xfd, 0x0, 0x0,
    0x0, 0x5f, 0xff, 0x10, 0x9f, 0xfc, 0x5, 0xff,
    0xff, 0xf4, 0x0, 0x0, 0x0, 0x6f, 0xff, 0x0,
    0xaf, 0xfb, 0x1, 0xff, 0xff, 0xa0, 0x64, 0x0,
    0x0, 0x8f, 0xfe, 0x0, 0xcf, 0xfa, 0x8, 0xff,
    0xfe, 0x0, 0xdf, 0xe1, 0x0, 0xcf, 0xff, 0xde,
    0xff, 0xf8, 0xaf, 0xff, 0xff, 0x20, 0xff, 0xf0,
    0x0, 0xff, 0xff, 0xff, 0xff, 0xff, 0xff, 0xff,
    0xff, 0xa4, 0xff, 0xb0, 0x6, 0xff, 0xf8, 0xff,
    0xff, 0xff, 0xff, 0xfc, 0xff, 0xff, 0xff, 0x80,
    0xc, 0xff, 0xf1, 0x77, 0x63, 0x7f, 0xff, 0x41,
    0xef, 0xff, 0xff, 0x30, 0x7, 0xef, 0xb0, 0x0,
    0x0, 0x8, 0xe3, 0x0, 0x4f, 0xff, 0xfc, 0x0,
    0x0, 0x7, 0x50, 0x0, 0x0, 0x0, 0x10, 0x0,
    0x5, 0xdf, 0xb1, 0x0,

    /* U+62E3 "拣" */
    0x0, 0x0, 0x0, 0x0, 0x0, 0x0, 0x36, 0x54,
    0x0, 0x0, 0x0, 0x0, 0x0, 0x9, 0xff, 0xb0,
    0x0, 0x0, 0x9f, 0xff, 0x0, 0x0, 0x0, 0x0,
    0x0, 0x9, 0xff, 0xb0, 0x4f, 0xff, 0xff, 0xff,
    0xff, 0xff, 0xff, 0x50, 0x0, 0xa, 0xff, 0xb0,
    0x5f, 0xff, 0xff, 0xff, 0xff, 0xff, 0xff, 0x50,
    0x8, 0xff, 0xff, 0xff, 0x6f, 0xff, 0xff, 0xff,
    0xff, 0xff, 0xff, 0x50, 0x8, 0xff, 0xff, 0xff,
    0x22, 0x2e, 0xff, 0xd2, 0x22, 0x22, 0x22, 0x0,
    0x8, 0xff, 0xff, 0xff, 0x10, 0x2f, 0xff, 0x80,
    0x0, 0x0, 0x0, 0x0, 0x4, 0x7c, 0xff, 0xd7,
    0x6f, 0xff, 0xff, 0xff, 0xfe, 0x0, 0x0, 0x0,
    0x0, 0x9, 0xff, 0xb0, 0x6f, 0xff, 0xff, 0xff,
    0xfe, 0x0, 0x0, 0x0, 0x0, 0x9, 0xff, 0xb2,
    0x6f, 0xff, 0xff, 0xff, 0xfe, 0x0, 0x0, 0x0,
    0x0, 0x9, 0xff, 0xff, 0x1b, 0xff, 0xf2, 0x3f,
    0xfe, 0x0, 0x0, 0x0, 0x0, 0xa, 0xff, 0xff,
    0x3f, 0xff, 0xb4, 0x5f, 0xff, 0x44, 0x44, 0x10,
    0x8, 0xef, 0xff, 0xff, 0x6f, 0xff, 0xff, 0xff,
    0xff, 0xff, 0xff, 0x40, 0xe, 0xff, 0xff, 0xff,
    0x6f, 0xff, 0xff, 0xff, 0xff, 0xff, 0xff, 0x40,
    0xb, 0xff, 0xff, 0xc1, 0x1e, 0xee, 0xee, 0xef,
    0xff, 0xee, 0xee, 0x30, 0x8, 0xff, 0xff, 0xb0,
    0x0, 0xa7, 0x0, 0x7f, 0xfe, 0x19, 0xa0, 0x0,
    0x2, 0x29, 0xff, 0xb0, 0x4, 0xff, 0xe2, 0x7f,
    0xff, 0xef, 0xf3, 0x0, 0x0, 0x9, 0xff, 0xb0,
    0xd, 0xff, 0xd0, 0x7f, 0xfe, 0xcf, 0xfb, 0x0,
    0x0, 0x9, 0xff, 0xb0, 0x8f, 0xff, 0x50, 0x7f,
    0xfe, 0x4f, 0xff, 0x30, 0x3, 0x4c, 0xff, 0xb4,
    0xff, 0xff, 0x88, 0xdf, 0xfe, 0xc, 0xff, 0xb0,
    0xa, 0xff, 0xff, 0xa6, 0xff, 0xfa, 0xff, 0xff,
    0xfe, 0x4, 0xff, 0xe1, 0x7, 0xff, 0xff, 0x80,
    0x4f, 0x85, 0xff, 0xff, 0xfb, 0x0, 0xc8, 0x0,
    0x3, 0xff, 0xfb, 0x10, 0x2, 0x3, 0xff, 0xff,
    0xc2, 0x0, 0x0, 0x0,

    /* U+63A8 "推" */
    0x0, 0x0, 0x0, 0x0, 0x0, 0x0, 0x0, 0x0,
    0x2, 0x10, 0x0, 0x0, 0x0, 0xcf, 0xf9, 0x0,
    0x9, 0xfc, 0x90, 0xbf, 0xf8, 0x0, 0x0, 0x0,
    0xc, 0xff, 0x90, 0x0, 0xdf, 0xfd, 0xb, 0xff,
    0xb0, 0x0, 0x0, 0x0, 0xcf, 0xf9, 0x0, 0x1f,
    0xff, 0x90, 0x8f, 0xfe, 0x0, 0x0, 0x0, 0xc,
    0xff, 0x90, 0x6, 0xff, 0xf6, 0x27, 0xff, 0xf3,
    0x22, 0x10, 0x9f, 0xff, 0xff, 0xf1, 0xdf, 0xff,
    0xff, 0xff, 0xff, 0xff, 0xf8, 0xa, 0xff, 0xff,
    0xff, 0x5f, 0xff, 0xff, 0xff, 0xff, 0xff, 0xff,
    0x80, 0xaf, 0xff, 0xff, 0xfc, 0xff, 0xfe, 0xdd,
    0xef, 0xff, 0xdd, 0xd7, 0x4, 0x7d, 0xff, 0xca,
    0xff, 0xff, 0x90, 0x9, 0xff, 0xf0, 0x0, 0x0,
    0x0, 0xcf, 0xf9, 0x7f, 0xff, 0xf9, 0x11, 0x9f,
    0xff, 0x11, 0x10, 0x0, 0xc, 0xff, 0x95, 0xff,
    0xff, 0xff, 0xff, 0xff, 0xff, 0xff, 0x50, 0x0,
    0xcf, 0xfe, 0xdf, 0xff, 0xff, 0xff, 0xff, 0xff,
    0xff, 0xf5, 0x0, 0x4e, 0xff, 0xfe, 0xdf, 0xff,
    0xff, 0xff, 0xff, 0xff, 0xff, 0x51, 0xff, 0xff,
    0xff, 0xf1, 0xff, 0xf9, 0x0, 0x9f, 0xff, 0x0,
    0x0, 0xf, 0xff, 0xff, 0xfe, 0xf, 0xff, 0x91,
    0x19, 0xff, 0xf1, 0x11, 0x0, 0xcf, 0xff, 0xfb,
    0x0, 0xff, 0xff, 0xff, 0xff, 0xff, 0xff, 0xf5,
    0x9, 0xde, 0xff, 0x90, 0xf, 0xff, 0xff, 0xff,
    0xff, 0xff, 0xff, 0x50, 0x10, 0xcf, 0xf9, 0x0,
    0xff, 0xff, 0xff, 0xff, 0xff, 0xff, 0xf5, 0x0,
    0xc, 0xff, 0x90, 0xf, 0xff, 0x90, 0x9, 0xff,
    0xf0, 0x0, 0x0, 0x0, 0xcf, 0xf9, 0x0, 0xff,
    0xf9, 0x22, 0x9f, 0xff, 0x22, 0x21, 0x8, 0xaf,
    0xff, 0x90, 0xf, 0xff, 0xff, 0xff, 0xff, 0xff,
    0xff, 0xd0, 0xbf, 0xff, 0xf8, 0x0, 0xff, 0xff,
    0xff, 0xff, 0xff, 0xff, 0xfd, 0x7, 0xff, 0xff,
    0x50, 0xf, 0xff, 0xed, 0xdd, 0xdd, 0xdd, 0xdd,
    0xa0, 0x4d, 0xdc, 0x80, 0x0, 0xff, 0xf9, 0x0,
    0x0, 0x0, 0x0, 0x0,

    /* U+6570 "数" */
    0x0, 0x0, 0x0, 0x0, 0x0, 0x0, 0x0, 0x0,
    0x0, 0x0, 0x0, 0x0, 0x1, 0x70, 0x4f, 0xfc,
    0x5, 0x60, 0x4, 0xfd, 0x90, 0x0, 0x0, 0x3,
    0xef, 0x74, 0xff, 0xc1, 0xef, 0xb0, 0x8f, 0xfa,
    0x0, 0x0, 0x0, 0x1e, 0xff, 0x7f, 0xfc, 0xbf,
    0xf9, 0xd, 0xff, 0x83, 0x33, 0x32, 0x0, 0x5f,
    0xb6, 0xff, 0xc6, 0xfd, 0x3, 0xff, 0xff, 0xff,
    0xff, 0xb0, 0x7a, 0xea, 0xcf, 0xfe, 0xad, 0xd6,
    0x9f, 0xff, 0xff, 0xff, 0xfb, 0xb, 0xff, 0xff,
    0xff, 0xff, 0xff, 0xaf, 0xff, 0xff, 0xff, 0xff,
    0xb0, 0xbf, 0xff, 0xff, 0xff, 0xff, 0xff, 0xff,
    0xf5, 0x4b, 0xff, 0x92, 0x1, 0x2b, 0xff, 0xff,
    0xfb, 0x43, 0xff, 0xff, 0x30, 0xbf, 0xf5, 0x0,
    0x4d, 0xff, 0xff, 0xff, 0xff, 0xbf, 0xff, 0xf6,
    0xe, 0xff, 0x30, 0xc, 0xff, 0xf9, 0xff, 0xff,
    0xff, 0xbf, 0xff, 0x91, 0xff, 0xf0, 0x0, 0x4f,
    0xea, 0x8b, 0xa8, 0x6e, 0xc1, 0xef, 0xfd, 0x5f,
    0xfd, 0x0, 0x0, 0x71, 0xff, 0xf6, 0x0, 0x1,
    0x1, 0xef, 0xfc, 0xff, 0xa0, 0x0, 0xef, 0xff,
    0xff, 0xff, 0xff, 0xf5, 0xa, 0xff, 0xff, 0xf6,
    0x0, 0xe, 0xff, 0xff, 0xff, 0xff, 0xff, 0x50,
    0x4f, 0xff, 0xff, 0x10, 0x0, 0xbe, 0xff, 0xfd,
    0xdd, 0xff, 0xf5, 0x0, 0xef, 0xff, 0xa0, 0x0,
    0x1, 0xef, 0xff, 0x70, 0xaf, 0xfd, 0x0, 0xc,
    0xff, 0xf9, 0x0, 0x0, 0x3d, 0xff, 0xff, 0xff,
    0xff, 0x40, 0x9, 0xff, 0xff, 0xf9, 0x0, 0x0,
    0x5, 0xef, 0xff, 0xff, 0xd2, 0xa, 0xff, 0xff,
    0xff, 0xfc, 0x10, 0x27, 0xbf, 0xff, 0xff, 0xff,
    0xbc, 0xff, 0xfd, 0x9f, 0xff, 0xfa, 0x1f, 0xff,
    0xff, 0xfd, 0xef, 0xec, 0xff, 0xfd, 0x10, 0xaf,
    0xff, 0x30, 0x8f, 0xff, 0xc5, 0x0, 0x86, 0x1e,
    0xfc, 0x10, 0x0, 0xaf, 0xa0, 0x1, 0xd8, 0x20,
    0x0, 0x0, 0x0, 0x5a, 0x0, 0x0, 0x0, 0x92,
    0x0, 0x0, 0x0, 0x0, 0x0, 0x0, 0x0, 0x0,
    0x0, 0x0, 0x0, 0x0,

    /* U+65B0 "新" */
    0x0, 0x0, 0x5, 0x8b, 0x60, 0x0, 0x0, 0x0,
    0x0, 0x0, 0x12, 0x0, 0x0, 0x0, 0xef, 0xfd,
    0x0, 0x0, 0x0, 0x1, 0x48, 0xcf, 0xb0, 0x5,
    0xdd, 0xdf, 0xff, 0xfd, 0xdd, 0x4a, 0xdf, 0xff,
    0xff, 0xff, 0x10, 0x6f, 0xff, 0xff, 0xff, 0xff,
    0xf4, 0xef, 0xff, 0xff, 0xff, 0xf6, 0x6, 0xff,
    0xff, 0xff, 0xff, 0xff, 0x4e, 0xff, 0xff, 0xfd,
    0x94, 0x0, 0x5, 0xff, 0xe2, 0x2d, 0xff, 0x50,
    0xef, 0xfb, 0x40, 0x0, 0x0, 0x0, 0xe, 0xff,
    0x21, 0xff, 0xf0, 0xe, 0xff, 0x80, 0x0, 0x0,
    0x0, 0x1, 0x9f, 0xf8, 0x6f, 0xfc, 0x10, 0xef,
    0xf8, 0x0, 0x0, 0x0, 0xe, 0xff, 0xff, 0xff,
    0xff, 0xff, 0xae, 0xff, 0xda, 0xaa, 0xaa, 0x90,
    0xef, 0xff, 0xff, 0xff, 0xff, 0xfa, 0xef, 0xff,
    0xff, 0xff, 0xfe, 0xe, 0xff, 0xff, 0xff, 0xff,
    0xff, 0xae, 0xff, 0xff, 0xff, 0xff, 0xe0, 0x0,
    0x0, 0x7f, 0xfb, 0x0, 0x0, 0xef, 0xfc, 0xaf,
    0xff, 0x87, 0x7, 0xff, 0xff, 0xff, 0xff, 0xff,
    0x5f, 0xff, 0x83, 0xff, 0xf0, 0x0, 0x7f, 0xff,
    0xff, 0xff, 0xff, 0xf5, 0xff, 0xf7, 0x3f, 0xff,
    0x0, 0x7, 0xff, 0xff, 0xff, 0xff, 0xff, 0x6f,
    0xff, 0x63, 0xff, 0xf0, 0x0, 0x6, 0x93, 0x7f,
    0xfb, 0x2c, 0x42, 0xff, 0xf5, 0x3f, 0xff, 0x0,
    0x0, 0xcf, 0xfa, 0xff, 0xde, 0xfe, 0x6f, 0xff,
    0x33, 0xff, 0xf0, 0x0, 0x2f, 0xfe, 0x7f, 0xfb,
    0xbf, 0xff, 0xff, 0xf1, 0x3f, 0xff, 0x0, 0x9,
    0xff, 0x86, 0xff, 0xb1, 0xfe, 0xff, 0xfd, 0x3,
    0xff, 0xf0, 0x0, 0xff, 0xf5, 0x9f, 0xfb, 0x5,
    0x4f, 0xff, 0x90, 0x3f, 0xff, 0x0, 0x6, 0xff,
    0xff, 0xff, 0xb0, 0xa, 0xff, 0xf3, 0x3, 0xff,
    0xf0, 0x0, 0x1, 0x8f, 0xff, 0xf9, 0x2, 0xff,
    0xfd, 0x0, 0x3f, 0xff, 0x0, 0x0, 0x1, 0xff,
    0xfb, 0x10, 0x2, 0x8e, 0x60, 0x3, 0xff, 0xf0,
    0x0, 0x0, 0x0, 0x0, 0x0, 0x0, 0x0, 0x0,
    0x0, 0x0, 0x0, 0x0,

    /* U+65E5 "日" */
    0xdf, 0xff, 0xff, 0xff, 0xff, 0xff, 0xff, 0xff,
    0xff, 0xdf, 0xff, 0xff, 0xff, 0xff, 0xff, 0xff,
    0xff, 0xff, 0xdf, 0xff, 0xff, 0xff, 0xff, 0xff,
    0xff, 0xff, 0xff, 0xdf, 0xff, 0xbb, 0xbb, 0xbb,
    0xbb, 0xbb, 0xff, 0xff, 0xdf, 0xff, 0x0, 0x0,
    0x0, 0x0, 0x0, 0xef, 0xff, 0xdf, 0xff, 0x0,
    0x0, 0x0, 0x0, 0x0, 0xef, 0xff, 0xdf, 0xff,
    0x0, 0x0, 0x0, 0x0, 0x0, 0xef, 0xff, 0xdf,
    0xff, 0x0, 0x0, 0x0, 0x0, 0x0, 0xef, 0xff,
    0xdf, 0xff, 0x11, 0x11, 0x11, 0x11, 0x11, 0xef,
    0xff, 0xdf, 0xff, 0xff, 0xff, 0xff, 0xff, 0xff,
    0xff, 0xff, 0xdf, 0xff, 0xff, 0xff, 0xff, 0xff,
    0xff, 0xff, 0xff, 0xdf, 0xff, 0xff, 0xff, 0xff,
    0xff, 0xff, 0xff, 0xff, 0xdf, 0xff, 0x88, 0x88,
    0x88, 0x88, 0x88, 0xff, 0xff, 0xdf, 0xff, 0x0,
    0x0, 0x0, 0x0, 0x0, 0xef, 0xff, 0xdf, 0xff,
    0x0, 0x0, 0x0, 0x0, 0x0, 0xef, 0xff, 0xdf,
    0xff, 0x0, 0x0, 0x0, 0x0, 0x0, 0xef, 0xff,
    0xdf, 0xff, 0x0, 0x0, 0x0, 0x0, 0x0, 0xef,
    0xff, 0xdf, 0xff, 0xff, 0xff, 0xff, 0xff, 0xff,
    0xff, 0xff, 0xdf, 0xff, 0xff, 0xff, 0xff, 0xff,
    0xff, 0xff, 0xff, 0xdf, 0xff, 0xff, 0xff, 0xff,
    0xff, 0xff, 0xff, 0xff, 0xdf, 0xff, 0xaa, 0xaa,
    0xaa, 0xaa, 0xaa, 0xff, 0xff, 0xdf, 0xff, 0x0,
    0x0, 0x0, 0x0, 0x0, 0xef, 0xff, 0x0, 0x0,
    0x0, 0x0, 0x0, 0x0, 0x0, 0x0, 0x0,

    /* U+65F6 "时" */
    0x0, 0x0, 0x0, 0x0, 0x0, 0x0, 0x0, 0x0,
    0xaf, 0xff, 0x0, 0x2f, 0xff, 0xff, 0xff, 0xfe,
    0x0, 0x0, 0x0, 0xaf, 0xff, 0x0, 0x2f, 0xff,
    0xff, 0xff, 0xfe, 0x0, 0x0, 0x0, 0xaf, 0xff,
    0x0, 0x2f, 0xff, 0xff, 0xff, 0xfe, 0x0, 0x0,
    0x0, 0xaf, 0xff, 0x0, 0x2f, 0xff, 0x86, 0xaf,
    0xfe, 0x5b, 0xbb, 0xbb, 0xef, 0xff, 0xba, 0x2f,
    0xff, 0x30, 0x7f, 0xfe, 0x7f, 0xff, 0xff, 0xff,
    0xff, 0xff, 0x2f, 0xff, 0x30, 0x7f, 0xfe, 0x7f,
    0xff, 0xff, 0xff, 0xff, 0xff, 0x2f, 0xff, 0x30,
    0x7f, 0xfe, 0x7f, 0xff, 0xff, 0xff, 0xff, 0xff,
    0x2f, 0xff, 0x30, 0x7f, 0xfe, 0x12, 0x53, 0x22,
    0xbf, 0xff, 0x22, 0x2f, 0xff, 0xee, 0xff, 0xfe,
    0x19, 0xf6, 0x0, 0xaf, 0xff, 0x0, 0x2f, 0xff,
    0xff, 0xff, 0xfe, 0xaf, 0xfe, 0x10, 0xaf, 0xff,
    0x0, 0x2f, 0xff, 0xff, 0xff, 0xfe, 0x2f, 0xff,
    0x80, 0xaf, 0xff, 0x0, 0x2f, 0xff, 0x64, 0x9f,
    0xfe, 0xa, 0xff, 0xf1, 0xaf, 0xff, 0x0, 0x2f,
    0xff, 0x30, 0x7f, 0xfe, 0x2, 0xff, 0xf9, 0xaf,
    0xff, 0x0, 0x2f, 0xff, 0x30, 0x7f, 0xfe, 0x0,
    0xaf, 0xfa, 0xaf, 0xff, 0x0, 0x2f, 0xff, 0x30,
    0x7f, 0xfe, 0x0, 0x2c, 0x30, 0xaf, 0xff, 0x0,
    0x2f, 0xff, 0x30, 0x7f, 0xfe, 0x0, 0x0, 0x0,
    0xaf, 0xff, 0x0, 0x2f, 0xff, 0xff, 0xff, 0xfe,
    0x0, 0x0, 0x0, 0xaf, 0xff, 0x0, 0x2f, 0xff,
    0xff, 0xff, 0xfe, 0x0, 0x0, 0x0, 0xaf, 0xff,
    0x0, 0x2f, 0xff, 0xff, 0xff, 0xfe, 0x0, 0x9a,
    0xaa, 0xff, 0xff, 0x0, 0x2f, 0xff, 0x75, 0x55,
    0x54, 0x0, 0xcf, 0xff, 0xff, 0xfd, 0x0, 0x2f,
    0xff, 0x30, 0x0, 0x0, 0x0, 0x9f, 0xff, 0xff,
    0xf8, 0x0, 0x1, 0x11, 0x0, 0x0, 0x0, 0x0,
    0x6f, 0xff, 0xfd, 0x80, 0x0,

    /* U+673A "机" */
    0x0, 0x6f, 0xfe, 0x0, 0x3, 0x33, 0x33, 0x33,
    0x33, 0x0, 0x0, 0x0, 0x6f, 0xfe, 0x0, 0xf,
    0xff, 0xff, 0xff, 0xff, 0x50, 0x0, 0x0, 0x6f,
    0xfe, 0x0, 0xf, 0xff, 0xff, 0xff, 0xff, 0x50,
    0x0, 0x46, 0xaf, 0xff, 0x66, 0xf, 0xff, 0xff,
    0xff, 0xff, 0x50, 0x0, 0xaf, 0xff, 0xff, 0xff,
    0x1f, 0xff, 0xb8, 0x8f, 0xff, 0x50, 0x0, 0xaf,
    0xff, 0xff, 0xff, 0x1f, 0xff, 0x70, 0x1f, 0xff,
    0x50, 0x0, 0x8e, 0xef, 0xff, 0xee, 0x1f, 0xff,
    0x70, 0x1f, 0xff, 0x50, 0x0, 0x0, 0x9f, 0xfe,
    0x0, 0xf, 0xff, 0x70, 0x1f, 0xff, 0x50, 0x0,
    0x0, 0xff, 0xff, 0x0, 0xf, 0xff, 0x70, 0x1f,
    0xff, 0x50, 0x0, 0x6, 0xff, 0xff, 0xd4, 0xf,
    0xff, 0x70, 0x1f, 0xff, 0x50, 0x0, 0xe, 0xff,
    0xff, 0xff, 0xaf, 0xff, 0x70, 0x1f, 0xff, 0x50,
    0x0, 0x7f, 0xff, 0xff, 0xff, 0xff, 0xff, 0x70,
    0x1f, 0xff, 0x50, 0x0, 0xef, 0xff, 0xff, 0xff,
    0xcf, 0xff, 0x60, 0x1f, 0xff, 0x50, 0x0, 0xdf,
    0xff, 0xfe, 0x3d, 0x6f, 0xff, 0x60, 0x1f, 0xff,
    0x51, 0x0, 0xbf, 0xef, 0xfe, 0x0, 0x2f, 0xff,
    0x50, 0x1f, 0xff, 0x5e, 0xe8, 0xae, 0x7f, 0xfe,
    0x0, 0x4f, 0xff, 0x30, 0x1f, 0xff, 0x5f, 0xfc,
    0x86, 0x6f, 0xfe, 0x0, 0x7f, 0xff, 0x0, 0x1f,
    0xff, 0x5f, 0xfc, 0x40, 0x6f, 0xfe, 0x0, 0xdf,
    0xfc, 0x0, 0x1f, 0xff, 0x5f, 0xfb, 0x0, 0x6f,
    0xfe, 0x5, 0xff, 0xf7, 0x0, 0x1f, 0xff, 0x9f,
    0xfb, 0x0, 0x6f, 0xfe, 0x2e, 0xff, 0xe0, 0x0,
    0x1f, 0xff, 0xff, 0xfa, 0x0, 0x6f, 0xfe, 0x8f,
    0xff, 0x50, 0x0, 0xe, 0xff, 0xff, 0xf7, 0x0,
    0x6f, 0xfe, 0x3, 0xb8, 0x0, 0x0, 0x4, 0xdf,
    0xff, 0xb1,

    /* U+6781 "极" */
    0x0, 0x4, 0xff, 0xf1, 0xd, 0xff, 0xff, 0xff,
    0xff, 0xff, 0xf5, 0x0, 0x0, 0x4, 0xff, 0xf1,
    0xd, 0xff, 0xff, 0xff, 0xff, 0xff, 0xf5, 0x0,
    0x0, 0x4, 0xff, 0xf1, 0xd, 0xff, 0xff, 0xff,
    0xff, 0xff, 0xf5, 0x0, 0x2, 0x69, 0xff, 0xf7,
    0x54, 0x7f, 0xff, 0x55, 0x58, 0xff, 0xf3, 0x0,
    0x5, 0xff, 0xff, 0xff, 0xe0, 0x4f, 0xff, 0x0,
    0xc, 0xff, 0xb0, 0x0, 0x5, 0xff, 0xff, 0xff,
    0xe0, 0x4f, 0xff, 0x0, 0x4f, 0xff, 0x30, 0x0,
    0x4, 0xee, 0xff, 0xfe, 0xc0, 0x5f, 0xff, 0x10,
    0xdf, 0xfd, 0x55, 0x30, 0x0, 0x8, 0xff, 0xf1,
    0x0, 0x6f, 0xff, 0x51, 0xff, 0xff, 0xff, 0xa0,
    0x0, 0xe, 0xff, 0xfa, 0x10, 0x7f, 0xff, 0xb1,
    0xff, 0xff, 0xff, 0xa0, 0x0, 0x6f, 0xff, 0xff,
    0xf6, 0x8f, 0xff, 0xf2, 0x33, 0x3f, 0xff, 0x80,
    0x0, 0xdf, 0xff, 0xff, 0xf7, 0xaf, 0xff, 0xf9,
    0x0, 0x6f, 0xff, 0x10, 0x7, 0xff, 0xff, 0xff,
    0xe0, 0xdf, 0xff, 0xff, 0x20, 0xef, 0xfa, 0x0,
    0x2f, 0xff, 0xff, 0xf4, 0x61, 0xff, 0xfe, 0xff,
    0xd9, 0xff, 0xf2, 0x0, 0x6f, 0xff, 0xff, 0xf1,
    0x5, 0xff, 0xf4, 0xff, 0xff, 0xff, 0xa0, 0x0,
    0xe, 0xf8, 0xff, 0xf1, 0xa, 0xff, 0xb0, 0xbf,
    0xff, 0xfe, 0x10, 0x0, 0x8, 0xa4, 0xff, 0xf1,
    0x2f, 0xff, 0x70, 0x5f, 0xff, 0xf9, 0x0, 0x0,
    0x1, 0x24, 0xff, 0xf1, 0xaf, 0xff, 0x16, 0xff,
    0xff, 0xff, 0x80, 0x0, 0x0, 0x4, 0xff, 0xf5,
    0xff, 0xfa, 0xaf, 0xff, 0xff, 0xff, 0xfc, 0x20,
    0x0, 0x4, 0xff, 0xfc, 0xff, 0xff, 0xff, 0xff,
    0xa9, 0xff, 0xff, 0xf1, 0x0, 0x4, 0xff, 0xf5,
    0xff, 0xff, 0xff, 0xf7, 0x0, 0x8f, 0xff, 0xa0,
    0x0, 0x4, 0xff, 0xf1, 0xbe, 0x6f, 0xfe, 0x40,
    0x0, 0x6, 0xff, 0x20, 0x0, 0x4, 0xff, 0xf1,
    0x24, 0xb, 0xa1, 0x0, 0x0, 0x0, 0x37, 0x0,
    0x0, 0x0, 0x0, 0x0, 0x0, 0x0, 0x0, 0x0,
    0x0, 0x0, 0x0, 0x0,

    /* U+679C "果" */
    0x0, 0xcf, 0xff, 0xff, 0xff, 0xff, 0xff, 0xff,
    0xff, 0xff, 0x0, 0x0, 0xc, 0xff, 0xff, 0xff,
    0xff, 0xff, 0xff, 0xff, 0xff, 0xf0, 0x0, 0x0,
    0xcf, 0xff, 0xff, 0xff, 0xff, 0xff, 0xff, 0xff,
    0xff, 0x0, 0x0, 0xc, 0xff, 0xb0, 0x0, 0xaf,
    0xfe, 0x0, 0x7, 0xff, 0xf0, 0x0, 0x0, 0xcf,
    0xfe, 0xbb, 0xbe, 0xff, 0xfb, 0xbb, 0xdf, 0xff,
    0x0, 0x0, 0xc, 0xff, 0xff, 0xff, 0xff, 0xff,
    0xff, 0xff, 0xff, 0xf0, 0x0, 0x0, 0xcf, 0xff,
    0xff, 0xff, 0xff, 0xff, 0xff, 0xff, 0xff, 0x0,
    0x0, 0xc, 0xff, 0xb0, 0x0, 0xaf, 0xfe, 0x0,
    0x7, 0xff, 0xf0, 0x0, 0x0, 0xcf, 0xff, 0xff,
    0xff, 0xff, 0xff, 0xff, 0xff, 0xff, 0x0, 0x0,
    0xc, 0xff, 0xff, 0xff, 0xff, 0xff, 0xff, 0xff,
    0xff, 0xf0, 0x0, 0x0, 0xbf, 0xff, 0xff, 0xff,
    0xff, 0xff, 0xff, 0xff, 0xff, 0x0, 0x0, 0x0,
    0x0, 0x0, 0x0, 0xaf, 0xfe, 0x0, 0x0, 0x0,
    0x0, 0x0, 0xaf, 0xff, 0xff, 0xff, 0xff, 0xff,
    0xff, 0xff, 0xff, 0xff, 0xfe, 0xa, 0xff, 0xff,
    0xff, 0xff, 0xff, 0xff, 0xff, 0xff, 0xff, 0xff,
    0xe0, 0xaf, 0xff, 0xff, 0xff, 0xff, 0xff, 0xff,
    0xff, 0xff, 0xff, 0xfe, 0x1, 0x22, 0x22, 0x5e,
    0xff, 0xff, 0xff, 0xff, 0xf6, 0x22, 0x22, 0x20,
    0x0, 0x2, 0x9f, 0xff, 0xff, 0xff, 0xff, 0xff,
    0xfa, 0x20, 0x0, 0x0, 0x4a, 0xff, 0xff, 0xfb,
    0xbf, 0xfe, 0x5f, 0xff, 0xff, 0xb5, 0x0, 0xaf,
    0xff, 0xff, 0xf7, 0xa, 0xff, 0xe0, 0x3d, 0xff,
    0xff, 0xfe, 0x6, 0xff, 0xff, 0xc3, 0x0, 0xaf,
    0xfe, 0x0, 0x8, 0xff, 0xff, 0x80, 0xf, 0xfd,
    0x50, 0x0, 0xa, 0xff, 0xe0, 0x0, 0x1, 0xaf,
    0xf1, 0x0, 0x76, 0x0, 0x0, 0x0, 0xaf, 0xfe,
    0x0, 0x0, 0x0, 0x26, 0x0,

    /* U+6838 "核" */
    0x0, 0x0, 0x0, 0x0, 0x0, 0x0, 0x0, 0x25,
    0x77, 0x0, 0x0, 0x0, 0x0, 0x0, 0xdf, 0xf9,
    0x0, 0x0, 0x0, 0xff, 0xff, 0x0, 0x0, 0x0,
    0x0, 0x0, 0xdf, 0xf9, 0x1, 0x55, 0x55, 0xdf,
    0xff, 0x75, 0x55, 0x53, 0x0, 0x0, 0xdf, 0xf9,
    0x5, 0xff, 0xff, 0xff, 0xff, 0xff, 0xff, 0xf8,
    0x0, 0x46, 0xef, 0xfb, 0x66, 0xff, 0xff, 0xff,
    0xff, 0xff, 0xff, 0xf8, 0x0, 0xcf, 0xff, 0xff,
    0xf8, 0xff, 0xff, 0xff, 0xff, 0xff, 0xff, 0xf8,
    0x0, 0xcf, 0xff, 0xff, 0xf3, 0x22, 0xbf, 0xff,
    0x72, 0x75, 0x22, 0x21, 0x0, 0xbe, 0xff, 0xff,
    0xe2, 0x6, 0xff, 0xfb, 0x2, 0xff, 0x91, 0x0,
    0x0, 0x2, 0xff, 0xf9, 0x0, 0x5f, 0xff, 0xd1,
    0xc, 0xff, 0xf2, 0x0, 0x0, 0x9, 0xff, 0xfa,
    0x2, 0xff, 0xff, 0xdd, 0xef, 0xff, 0x70, 0x0,
    0x0, 0x1f, 0xff, 0xff, 0xd5, 0xff, 0xff, 0xff,
    0xff, 0xfb, 0x10, 0x0, 0x0, 0x8f, 0xff, 0xff,
    0xff, 0xbf, 0xff, 0xff, 0xff, 0xd1, 0xcc, 0x20,
    0x1, 0xff, 0xff, 0xff, 0xf7, 0x12, 0x3c, 0xff,
    0xfd, 0x18, 0xff, 0xf4, 0xa, 0xff, 0xff, 0xfd,
    0xd0, 0x6, 0xff, 0xff, 0xd2, 0x6f, 0xff, 0xd0,
    0x1f, 0xff, 0xff, 0xf9, 0x4, 0xcf, 0xff, 0xfb,
    0x15, 0xff, 0xff, 0x20, 0xb, 0xfc, 0xdf, 0xf9,
    0x4f, 0xff, 0xff, 0x70, 0x7f, 0xff, 0xf6, 0x0,
    0x3, 0xf4, 0xdf, 0xf9, 0xb, 0xff, 0xc3, 0x1a,
    0xff, 0xff, 0x70, 0x0, 0x0, 0x60, 0xdf, 0xf9,
    0x1, 0xd5, 0x6, 0xef, 0xff, 0xff, 0x60, 0x0,
    0x0, 0x0, 0xdf, 0xf9, 0x0, 0x5, 0xdf, 0xff,
    0xff, 0xff, 0xf9, 0x0, 0x0, 0x0, 0xdf, 0xf9,
    0x6, 0xdf, 0xff, 0xff, 0xeb, 0xff, 0xff, 0xc1,
    0x0, 0x0, 0xdf, 0xf9, 0x2f, 0xff, 0xff, 0xfa,
    0x10, 0x6f, 0xff, 0xf6, 0x0, 0x0, 0xdf, 0xf9,
    0x6, 0xff, 0xfc, 0x30, 0x0, 0x3, 0xef, 0xb0,
    0x0, 0x0, 0xdf, 0xf9, 0x0, 0xac, 0x50, 0x0,
    0x0, 0x0, 0x1a, 0x10, 0x0, 0x0, 0x0, 0x0,
    0x0, 0x0, 0x0, 0x0, 0x0, 0x0, 0x0, 0x0,

    /* U+68C0 "检" */
    0x0, 0x0, 0x0, 0x0, 0x0, 0x0, 0x2f, 0xff,
    0x30, 0x0, 0x0, 0x0, 0x0, 0xcf, 0xf9, 0x0,
    0x0, 0x9, 0xff, 0xfc, 0x0, 0x0, 0x0, 0x0,
    0xc, 0xff, 0x90, 0x0, 0x2, 0xff, 0xff, 0xf7,
    0x0, 0x0, 0x0, 0x0, 0xcf, 0xf9, 0x0, 0x0,
    0xbf, 0xff, 0xff, 0xf4, 0x0, 0x0, 0x8, 0xae,
    0xff, 0xda, 0x40, 0x7f, 0xff, 0xdf, 0xff, 0xf3,
    0x0, 0x0, 0xdf, 0xff, 0xff, 0xf6, 0x5f, 0xff,
    0xe1, 0x8f, 0xff, 0xf5, 0x0, 0xd, 0xff, 0xff,
    0xff, 0xbf, 0xff, 0xf4, 0x0, 0x9f, 0xff, 0xfa,
    0x10, 0x68, 0xff, 0xfc, 0xaf, 0xff, 0xf6, 0x0,
    0x0, 0x7f, 0xff, 0xf8, 0x0, 0x3f, 0xff, 0x90,
    0xdf, 0xff, 0xff, 0xff, 0xff, 0xff, 0xff, 0x10,
    0x9, 0xff, 0xfa, 0x3, 0xf5, 0xef, 0xff, 0xff,
    0xff, 0x9d, 0x80, 0x1, 0xff, 0xff, 0xfb, 0x21,
    0xe, 0xff, 0xff, 0xff, 0xf6, 0x0, 0x0, 0x8f,
    0xff, 0xff, 0xff, 0x25, 0x52, 0x6b, 0x92, 0x26,
    0x71, 0x0, 0x1f, 0xff, 0xff, 0xff, 0xef, 0xf9,
    0x3f, 0xfc, 0x0, 0xaf, 0xf5, 0x3, 0xff, 0xff,
    0xff, 0xf3, 0xff, 0xe0, 0xef, 0xf1, 0xf, 0xff,
    0x20, 0x1f, 0xfe, 0xff, 0x95, 0xb, 0xff, 0x39,
    0xff, 0x55, 0xff, 0xc0, 0x0, 0xfb, 0xcf, 0xf9,
    0x0, 0x7f, 0xf8, 0x5f, 0xfa, 0xaf, 0xf6, 0x0,
    0xd, 0x3c, 0xff, 0x90, 0x4, 0xff, 0xc1, 0xff,
    0xef, 0xff, 0x10, 0x0, 0x70, 0xcf, 0xf9, 0x0,
    0xf, 0xfd, 0xc, 0x99, 0xff, 0xb0, 0x0, 0x0,
    0xc, 0xff, 0x90, 0x44, 0x96, 0x44, 0x44, 0xcf,
    0xf8, 0x43, 0x0, 0x0, 0xcf, 0xf9, 0xf, 0xff,
    0xff, 0xff, 0xff, 0xff, 0xff, 0xc0, 0x0, 0xc,
    0xff, 0x90, 0xff, 0xff, 0xff, 0xff, 0xff, 0xff,
    0xfc, 0x0, 0x0, 0xcf, 0xf9, 0xf, 0xff, 0xff,
    0xff, 0xff, 0xff, 0xff, 0xc0, 0x0, 0xc, 0xff,
    0x90, 0x0, 0x0, 0x0, 0x0, 0x0, 0x0, 0x0,
    0x0,

    /* U+6B63 "正" */
    0x0, 0x0, 0x0, 0x0, 0x0, 0x0, 0x0, 0x0,
    0x0, 0x0, 0x0, 0x2, 0xff, 0xff, 0xff, 0xff,
    0xff, 0xff, 0xff, 0xff, 0xff, 0xf0, 0x2, 0xff,
    0xff, 0xff, 0xff, 0xff, 0xff, 0xff, 0xff, 0xff,
    0xf0, 0x2, 0xff, 0xff, 0xff, 0xff, 0xff, 0xff,
    0xff, 0xff, 0xff, 0xf0, 0x1, 0x99, 0x99, 0x99,
    0x99, 0xbf, 0xff, 0xc9, 0x99, 0x99, 0x90, 0x0,
    0x0, 0x0, 0x0, 0x0, 0x6f, 0xff, 0x60, 0x0,
    0x0, 0x0, 0x0, 0x2, 0x55, 0x51, 0x0, 0x6f,
    0xff, 0x60, 0x0, 0x0, 0x0, 0x0, 0x7, 0xff,
    0xf5, 0x0, 0x6f, 0xff, 0x60, 0x0, 0x0, 0x0,
    0x0, 0x7, 0xff, 0xf5, 0x0, 0x6f, 0xff, 0xb8,
    0x88, 0x88, 0x0, 0x0, 0x7, 0xff, 0xf5, 0x0,
    0x6f, 0xff, 0xff, 0xff, 0xff, 0x10, 0x0, 0x7,
    0xff, 0xf5, 0x0, 0x6f, 0xff, 0xff, 0xff, 0xff,
    0x10, 0x0, 0x7, 0xff, 0xf5, 0x0, 0x6f, 0xff,
    0xff, 0xff, 0xff, 0x10, 0x0, 0x7, 0xff, 0xf5,
    0x0, 0x6f, 0xff, 0x70, 0x0, 0x0, 0x0, 0x0,
    0x7, 0xff, 0xf5, 0x0, 0x6f, 0xff, 0x60, 0x0,
    0x0, 0x0, 0x0, 0x7, 0xff, 0xf5, 0x0, 0x6f,
    0xff, 0x60, 0x0, 0x0, 0x0, 0x0, 0x7, 0xff,
    0xf5, 0x0, 0x6f, 0xff, 0x60, 0x0, 0x0, 0x0,
    0x0, 0x7, 0xff, 0xf5, 0x0, 0x6f, 0xff, 0x60,
    0x0, 0x0, 0x0, 0x2a, 0xad, 0xff, 0xfc, 0xaa,
    0xcf, 0xff, 0xca, 0xaa, 0xaa, 0xa8, 0x3f, 0xff,
    0xff, 0xff, 0xff, 0xff, 0xff, 0xff, 0xff, 0xff,
    0xfc, 0x3f, 0xff, 0xff, 0xff, 0xff, 0xff, 0xff,
    0xff, 0xff, 0xff, 0xfc, 0x3f, 0xff, 0xff, 0xff,
    0xff, 0xff, 0xff, 0xff, 0xff, 0xff, 0xfb,

    /* U+6CE8 "注" */
    0x0, 0x10, 0x0, 0x0, 0x0, 0x3, 0x69, 0xc0,
    0x0, 0x0, 0x0, 0x0, 0xcc, 0x20, 0x0, 0x0,
    0xa, 0xff, 0xf6, 0x0, 0x0, 0x0, 0x7, 0xff,
    0xf6, 0x0, 0x0, 0x5, 0xff, 0xfd, 0x0, 0x0,
    0x0, 0xe, 0xff, 0xff, 0x60, 0x0, 0x0, 0xff,
    0xfd, 0x10, 0x0, 0x0, 0x2, 0xcf, 0xfe, 0x48,
    0x88, 0x88, 0xee, 0xa8, 0x88, 0x88, 0x82, 0x0,
    0x8, 0xf5, 0x6f, 0xff, 0xff, 0xff, 0xff, 0xff,
    0xff, 0xf5, 0x0, 0x0, 0x30, 0x6f, 0xff, 0xff,
    0xff, 0xff, 0xff, 0xff, 0xf5, 0x8, 0xd3, 0x0,
    0x6f, 0xff, 0xff, 0xff, 0xff, 0xff, 0xff, 0xf5,
    0x3f, 0xff, 0x70, 0x0, 0x0, 0x0, 0xff, 0xfc,
    0x0, 0x0, 0x0, 0xbf, 0xff, 0xfb, 0x0, 0x0,
    0x0, 0xff, 0xfc, 0x0, 0x0, 0x0, 0xb, 0xff,
    0xfa, 0x0, 0x0, 0x0, 0xff, 0xfc, 0x0, 0x0,
    0x0, 0x0, 0x7f, 0xe1, 0xa, 0xaa, 0xaa, 0xff,
    0xfe, 0xaa, 0xaa, 0x90, 0x0, 0x4, 0x50, 0xf,
    0xff, 0xff, 0xff, 0xff, 0xff, 0xff, 0xe0, 0x0,
    0x5, 0x30, 0xf, 0xff, 0xff, 0xff, 0xff, 0xff,
    0xff, 0xe0, 0x0, 0xe, 0xfc, 0x5f, 0xff, 0xff,
    0xff, 0xff, 0xff, 0xff, 0xd0, 0x0, 0x5f, 0xff,
    0x70, 0x0, 0x0, 0xff, 0xfc, 0x0, 0x0, 0x0,
    0x0, 0xcf, 0xff, 0x0, 0x0, 0x0, 0xff, 0xfc,
    0x0, 0x0, 0x0, 0x3, 0xff, 0xf9, 0x0, 0x0,
    0x0, 0xff, 0xfc, 0x0, 0x0, 0x0, 0xa, 0xff,
    0xf2, 0x99, 0x99, 0x99, 0xff, 0xfe, 0x99, 0x99,
    0x98, 0x1f, 0xff, 0xb1, 0xff, 0xff, 0xff, 0xff,
    0xff, 0xff, 0xff, 0xfd, 0x9f, 0xff, 0x41, 0xff,
    0xff, 0xff, 0xff, 0xff, 0xff, 0xff, 0xfd, 0x7e,
    0xfd, 0x1, 0xff, 0xff, 0xff, 0xff, 0xff, 0xff,
    0xff, 0xfd, 0x0, 0x55, 0x0, 0x0, 0x0, 0x0,
    0x0, 0x0, 0x0, 0x0, 0x0,

    /* U+6D41 "流" */
    0x0, 0x10, 0x0, 0x0, 0x0, 0x2, 0x46, 0x82,
    0x0, 0x0, 0x0, 0x0, 0x3f, 0x60, 0x0, 0x0,
    0x0, 0xcf, 0xff, 0x70, 0x0, 0x0, 0x0, 0x1e,
    0xff, 0x90, 0x0, 0x0, 0x9, 0xff, 0xfb, 0x0,
    0x0, 0x0, 0x7, 0xff, 0xff, 0xbe, 0xff, 0xff,
    0xff, 0xff, 0xff, 0xff, 0xff, 0x30, 0x7, 0xff,
    0xf4, 0xef, 0xff, 0xff, 0xff, 0xff, 0xff, 0xff,
    0xf3, 0x0, 0x4, 0xf9, 0xe, 0xff, 0xff, 0xff,
    0xff, 0xff, 0xff, 0xff, 0x30, 0x0, 0x2, 0x0,
    0x33, 0xbf, 0xff, 0xb3, 0x35, 0xeb, 0x33, 0x30,
    0x0, 0xad, 0x30, 0x0, 0x8f, 0xff, 0xb0, 0x3,
    0xef, 0xf8, 0x0, 0x0, 0x5f, 0xff, 0x60, 0xaf,
    0xff, 0xe7, 0x88, 0xaf, 0xff, 0xf8, 0x0, 0xb,
    0xff, 0xff, 0x9f, 0xff, 0xff, 0xff, 0xff, 0xff,
    0xff, 0xf8, 0x0, 0xa, 0xff, 0xf2, 0xbf, 0xff,
    0xff, 0xff, 0xff, 0xff, 0xff, 0xf4, 0x0, 0x7,
    0xf6, 0x4, 0x98, 0x87, 0x65, 0x54, 0x32, 0x3e,
    0xf7, 0x0, 0x0, 0x3, 0x0, 0x3d, 0xdd, 0xd,
    0xdd, 0x36, 0xdd, 0xb6, 0x0, 0x0, 0x5, 0x94,
    0x4, 0xff, 0xf0, 0xff, 0xf4, 0x8f, 0xfb, 0x0,
    0x0, 0x0, 0xbf, 0xfc, 0x4f, 0xff, 0xf, 0xff,
    0x48, 0xff, 0xb0, 0x0, 0x0, 0xf, 0xff, 0x94,
    0xff, 0xf0, 0xff, 0xf4, 0x8f, 0xfb, 0x0, 0x0,
    0x5, 0xff, 0xf4, 0x6f, 0xfe, 0xf, 0xff, 0x48,
    0xff, 0xb1, 0x41, 0x0, 0x9f, 0xff, 0x9, 0xff,
    0xc0, 0xff, 0xf4, 0x8f, 0xfb, 0x4f, 0xf1, 0xe,
    0xff, 0xb0, 0xef, 0xf9, 0xf, 0xff, 0x48, 0xff,
    0xb5, 0xff, 0x13, 0xff, 0xf6, 0x9f, 0xff, 0x40,
    0xff, 0xf4, 0x8f, 0xfb, 0x6f, 0xf0, 0x8f, 0xff,
    0xaf, 0xff, 0xd0, 0xf, 0xff, 0x48, 0xff, 0xff,
    0xff, 0xd, 0xff, 0xd2, 0xef, 0xf3, 0x0, 0xff,
    0xf4, 0x5f, 0xff, 0xff, 0xd0, 0x16, 0xa8, 0x2,
    0xd6, 0x0, 0x0, 0x0, 0x0, 0xae, 0xff, 0xe5,
    0x0, 0x0, 0x0, 0x0, 0x0, 0x0, 0x0, 0x0,
    0x0, 0x0, 0x0, 0x0,

    /* U+6D4B "测" */
    0x0, 0x31, 0x0, 0x0, 0x0, 0x0, 0x0, 0x0,
    0x0, 0x0, 0x0, 0x0, 0x1e, 0xd2, 0xe, 0xff,
    0xff, 0xff, 0xff, 0x70, 0x0, 0xef, 0xf0, 0xa,
    0xff, 0xe2, 0xef, 0xff, 0xff, 0xff, 0xf7, 0x0,
    0xe, 0xff, 0x0, 0x8f, 0xff, 0xef, 0xff, 0xff,
    0xff, 0xff, 0x7a, 0xb5, 0xef, 0xf0, 0x0, 0x5f,
    0xf8, 0xef, 0xa2, 0x22, 0x3f, 0xf7, 0xff, 0x7e,
    0xff, 0x0, 0x0, 0x3a, 0xe, 0xf9, 0x9e, 0xe3,
    0xff, 0x7f, 0xf7, 0xef, 0xf0, 0x0, 0x20, 0x0,
    0xef, 0x9b, 0xff, 0x4f, 0xf7, 0xff, 0x7e, 0xff,
    0x0, 0xe, 0xb1, 0xe, 0xf9, 0xbf, 0xf4, 0xff,
    0x7f, 0xf7, 0xef, 0xf0, 0xa, 0xff, 0xd2, 0xef,
    0x9b, 0xff, 0x4f, 0xf7, 0xff, 0x7e, 0xff, 0x0,
    0xcf, 0xff, 0xde, 0xf9, 0xbf, 0xf4, 0xff, 0x7f,
    0xf7, 0xef, 0xf0, 0x0, 0xbf, 0xf4, 0xef, 0x9b,
    0xff, 0x4f, 0xf7, 0xff, 0x7e, 0xff, 0x0, 0x0,
    0xa8, 0xe, 0xf9, 0xbf, 0xf4, 0xff, 0x7f, 0xf7,
    0xef, 0xf0, 0x0, 0x0, 0x0, 0xef, 0x9b, 0xff,
    0x3f, 0xf7, 0xff, 0x7e, 0xff, 0x0, 0x0, 0xc7,
    0x1e, 0xf9, 0xcf, 0xf3, 0xff, 0x7f, 0xf7, 0xef,
    0xf0, 0x0, 0x3f, 0xff, 0xff, 0x9d, 0xff, 0x2f,
    0xf7, 0xff, 0x7e, 0xff, 0x0, 0x6, 0xff, 0xec,
    0xe9, 0xff, 0xf1, 0xcc, 0x5f, 0xf7, 0xef, 0xf0,
    0x0, 0xaf, 0xfa, 0x0, 0x6f, 0xff, 0x80, 0x0,
    0xff, 0x7e, 0xff, 0x0, 0xe, 0xff, 0x60, 0xe,
    0xff, 0xff, 0x70, 0x0, 0x0, 0xef, 0xf0, 0x3,
    0xff, 0xf1, 0xb, 0xff, 0xff, 0xff, 0x50, 0x0,
    0xe, 0xff, 0x0, 0x7f, 0xfd, 0xa, 0xff, 0xf9,
    0xcf, 0xff, 0x40, 0x12, 0xff, 0xf0, 0xb, 0xff,
    0x9c, 0xff, 0xfd, 0x11, 0xdf, 0xfd, 0xcf, 0xff,
    0xff, 0x0, 0xff, 0xf5, 0x6f, 0xfe, 0x20, 0x2,
    0xfe, 0x29, 0xff, 0xff, 0xc0, 0x5, 0xaf, 0x10,
    0xad, 0x20, 0x0, 0x4, 0x20, 0x5f, 0xff, 0xb2,
    0x0, 0x0, 0x0, 0x0, 0x10, 0x0, 0x0, 0x0,
    0x0, 0x0, 0x0, 0x0,

    /* U+6E29 "温" */
    0x0, 0x0, 0x0, 0x0, 0x0, 0x0, 0x0, 0x0,
    0x0, 0x0, 0x0, 0x0, 0x1, 0xe7, 0x0, 0x4f,
    0xff, 0xff, 0xff, 0xff, 0xff, 0xff, 0x0, 0x0,
    0xbf, 0xfb, 0x14, 0xff, 0xff, 0xff, 0xff, 0xff,
    0xff, 0xf0, 0x0, 0x2f, 0xff, 0xfd, 0x7f, 0xff,
    0xcc, 0xcc, 0xcc, 0xdf, 0xff, 0x0, 0x0, 0x3e,
    0xff, 0xfb, 0xff, 0xf1, 0x0, 0x0, 0x5, 0xff,
    0xf0, 0x0, 0x0, 0x1c, 0xfb, 0x4f, 0xff, 0xff,
    0xff, 0xff, 0xff, 0xff, 0x0, 0x0, 0xb3, 0xa,
    0x14, 0xff, 0xff, 0xff, 0xff, 0xff, 0xff, 0xf0,
    0x0, 0x9f, 0xf6, 0x0, 0x4f, 0xff, 0x88, 0x88,
    0x88, 0xbf, 0xff, 0x0, 0x3f, 0xff, 0xfa, 0x4,
    0xff, 0xf7, 0x77, 0x77, 0x7a, 0xff, 0xf0, 0x0,
    0x7f, 0xff, 0xf9, 0x4f, 0xff, 0xff, 0xff, 0xff,
    0xff, 0xff, 0x0, 0x0, 0x4f, 0xff, 0x24, 0xff,
    0xff, 0xff, 0xff, 0xff, 0xff, 0xf0, 0x0, 0x0,
    0x2e, 0x60, 0x15, 0x55, 0x55, 0x55, 0x55, 0x55,
    0x55, 0x0, 0x0, 0x0, 0x10, 0x2e, 0xee, 0xee,
    0xee, 0xee, 0xee, 0xee, 0xec, 0x0, 0x0, 0x89,
    0x53, 0xff, 0xff, 0xff, 0xff, 0xff, 0xff, 0xff,
    0xd0, 0x0, 0xd, 0xff, 0xaf, 0xff, 0xff, 0xff,
    0xff, 0xff, 0xff, 0xfd, 0x0, 0x2, 0xff, 0xf5,
    0xff, 0xf1, 0xcf, 0xd2, 0xff, 0x85, 0xff, 0xd0,
    0x0, 0x7f, 0xff, 0x2f, 0xff, 0x1c, 0xfd, 0x1f,
    0xf8, 0x5f, 0xfd, 0x0, 0xc, 0xff, 0xa2, 0xff,
    0xf1, 0xcf, 0xd1, 0xff, 0x85, 0xff, 0xd0, 0x1,
    0xff, 0xf6, 0x2f, 0xff, 0x1c, 0xfd, 0x1f, 0xf8,
    0x5f, 0xfd, 0x0, 0x5f, 0xff, 0x7e, 0xff, 0xfe,
    0xff, 0xfe, 0xff, 0xfe, 0xff, 0xfd, 0xb, 0xff,
    0xd6, 0xff, 0xff, 0xff, 0xff, 0xff, 0xff, 0xff,
    0xff, 0xf0, 0xae, 0xf9, 0x6f, 0xff, 0xff, 0xff,
    0xff, 0xff, 0xff, 0xff, 0xff, 0x0, 0x3, 0x20,
    0x0, 0x0, 0x0, 0x0, 0x0, 0x0, 0x0, 0x0,
    0x0,

    /* U+72B6 "状" */
    0x0, 0x0, 0x0, 0x0, 0x0, 0x0, 0x0, 0x0,
    0x0, 0x0, 0x0, 0x0, 0x0, 0x0, 0x8f, 0xff,
    0x10, 0x0, 0x8f, 0xff, 0x13, 0x90, 0x0, 0x0,
    0x0, 0x8, 0xff, 0xf1, 0x0, 0x8, 0xff, 0xf6,
    0xff, 0x90, 0x0, 0x1, 0x60, 0x8f, 0xff, 0x10,
    0x0, 0x8f, 0xff, 0xcf, 0xff, 0x60, 0x9, 0xff,
    0x48, 0xff, 0xf1, 0x0, 0x8, 0xff, 0xf2, 0xdf,
    0xf6, 0x0, 0x9f, 0xfa, 0x8f, 0xff, 0x10, 0x0,
    0x8f, 0xff, 0x12, 0xe4, 0x0, 0x3, 0xff, 0xf9,
    0xff, 0xf6, 0x99, 0x9c, 0xff, 0xf9, 0x99, 0x99,
    0x10, 0xd, 0xff, 0xef, 0xff, 0x9f, 0xff, 0xff,
    0xff, 0xff, 0xff, 0xf3, 0x0, 0x7f, 0xff, 0xff,
    0xf9, 0xff, 0xff, 0xff, 0xff, 0xff, 0xff, 0x30,
    0x1, 0xff, 0xff, 0xff, 0x9f, 0xff, 0xff, 0xff,
    0xff, 0xff, 0xf3, 0x0, 0xb, 0xaa, 0xff, 0xf1,
    0x0, 0xb, 0xff, 0xf3, 0x0, 0x0, 0x0, 0x0,
    0x0, 0xaf, 0xff, 0x10, 0x0, 0xef, 0xff, 0x70,
    0x0, 0x0, 0x0, 0x0, 0xaf, 0xff, 0xf1, 0x0,
    0x1f, 0xff, 0xfb, 0x0, 0x0, 0x0, 0x1, 0xcf,
    0xff, 0xff, 0x10, 0x6, 0xff, 0xff, 0xf2, 0x0,
    0x0, 0x4, 0xef, 0xff, 0xff, 0xf1, 0x0, 0xbf,
    0xff, 0xff, 0x90, 0x0, 0x0, 0xff, 0xff, 0xff,
    0xff, 0x10, 0x3f, 0xff, 0xff, 0xff, 0x20, 0x0,
    0xc, 0xff, 0xeb, 0xff, 0xf1, 0xc, 0xff, 0xfb,
    0xff, 0xfc, 0x0, 0x0, 0x7f, 0xd1, 0x8f, 0xff,
    0x18, 0xff, 0xfc, 0xe, 0xff, 0xf8, 0x0, 0x2,
    0xb0, 0x8, 0xff, 0xf8, 0xff, 0xff, 0x40, 0x6f,
    0xff, 0xf8, 0x0, 0x0, 0x0, 0x8f, 0xff, 0xff,
    0xff, 0xa0, 0x0, 0xcf, 0xff, 0xf8, 0x0, 0x0,
    0x8, 0xff, 0xff, 0xff, 0xe1, 0x0, 0x2, 0xef,
    0xff, 0x60, 0x0, 0x0, 0x8f, 0xff, 0x9f, 0xf3,
    0x0, 0x0, 0x4, 0xff, 0xb0, 0x0, 0x0, 0x8,
    0xff, 0xf1, 0xd4, 0x0, 0x0, 0x0, 0x4, 0xe1,
    0x0, 0x0, 0x0, 0x0, 0x0, 0x0, 0x0, 0x0,
    0x0, 0x0, 0x0, 0x0,

    /* U+7387 "率" */
    0x0, 0x0, 0x0, 0x0, 0x4, 0x69, 0xa0, 0x0,
    0x0, 0x0, 0x0, 0x0, 0x0, 0x0, 0x0, 0xe,
    0xff, 0xf3, 0x0, 0x0, 0x0, 0x0, 0x5f, 0xff,
    0xff, 0xff, 0xff, 0xff, 0xff, 0xff, 0xff, 0xff,
    0xf7, 0x5f, 0xff, 0xff, 0xff, 0xff, 0xff, 0xff,
    0xff, 0xff, 0xff, 0xf7, 0x5f, 0xff, 0xff, 0xff,
    0xff, 0xff, 0xff, 0xff, 0xff, 0xff, 0xf7, 0x13,
    0xa8, 0x33, 0x34, 0xff, 0xfb, 0x3c, 0xa3, 0x33,
    0x8f, 0x41, 0x4, 0xff, 0x60, 0xc, 0xff, 0xd1,
    0x6f, 0xf7, 0x8, 0xff, 0xa0, 0xe, 0xff, 0xf8,
    0xdf, 0xff, 0xbb, 0xff, 0xfb, 0xcf, 0xff, 0xf2,
    0x3, 0xef, 0xff, 0xff, 0xff, 0xff, 0xff, 0x83,
    0xff, 0xfe, 0x40, 0x0, 0x2e, 0xf5, 0xbf, 0xff,
    0xff, 0xf7, 0x20, 0x8f, 0xb1, 0x0, 0x0, 0x6,
    0xf4, 0x24, 0xdf, 0xff, 0x9d, 0xe1, 0x7f, 0xa1,
    0x0, 0x2, 0xbf, 0xfd, 0x4e, 0xff, 0xf5, 0xbf,
    0xfb, 0xff, 0xfe, 0x60, 0x8f, 0xff, 0xff, 0xff,
    0xff, 0xed, 0xff, 0xff, 0xff, 0xff, 0xf8, 0x4f,
    0xff, 0xc5, 0xff, 0xff, 0xff, 0xff, 0xff, 0xfa,
    0xff, 0xf1, 0xb, 0xe5, 0x0, 0xef, 0xff, 0xed,
    0xcb, 0xdf, 0x70, 0x3d, 0x70, 0x1, 0x0, 0x0,
    0x22, 0x19, 0xcc, 0xc0, 0x21, 0x0, 0x0, 0x0,
    0xcf, 0xff, 0xff, 0xff, 0xff, 0xff, 0xff, 0xff,
    0xff, 0xff, 0xfe, 0xcf, 0xff, 0xff, 0xff, 0xff,
    0xff, 0xff, 0xff, 0xff, 0xff, 0xfe, 0xcf, 0xff,
    0xff, 0xff, 0xff, 0xff, 0xff, 0xff, 0xff, 0xff,
    0xfe, 0x23, 0x33, 0x33, 0x33, 0x3d, 0xff, 0xf3,
    0x33, 0x33, 0x33, 0x32, 0x0, 0x0, 0x0, 0x0,
    0xc, 0xff, 0xf0, 0x0, 0x0, 0x0, 0x0, 0x0,
    0x0, 0x0, 0x0, 0xc, 0xff, 0xf0, 0x0, 0x0,
    0x0, 0x0, 0x0, 0x0, 0x0, 0x0, 0xc, 0xff,
    0xf0, 0x0, 0x0, 0x0, 0x0,

    /* U+7406 "理" */
    0xb, 0xff, 0xff, 0xff, 0x8f, 0xff, 0xff, 0xff,
    0xff, 0xff, 0xfe, 0x0, 0xbf, 0xff, 0xff, 0xf8,
    0xff, 0xff, 0xff, 0xff, 0xff, 0xff, 0xe0, 0xb,
    0xff, 0xff, 0xff, 0x8f, 0xff, 0xff, 0xff, 0xff,
    0xff, 0xfe, 0x0, 0x57, 0xff, 0xf9, 0x77, 0xff,
    0xe1, 0x7f, 0xfe, 0x17, 0xff, 0xe0, 0x0, 0xf,
    0xff, 0x40, 0x6f, 0xfe, 0x7, 0xff, 0xe0, 0x7f,
    0xfe, 0x0, 0x0, 0xff, 0xf4, 0x6, 0xff, 0xff,
    0xff, 0xff, 0xff, 0xff, 0xe0, 0x0, 0xf, 0xff,
    0x40, 0x6f, 0xff, 0xff, 0xff, 0xff, 0xff, 0xfe,
    0x0, 0x0, 0xff, 0xf4, 0x6, 0xff, 0xfc, 0xef,
    0xff, 0xcd, 0xff, 0xe0, 0x8, 0xdf, 0xff, 0xdc,
    0x6f, 0xfe, 0x7, 0xff, 0xe0, 0x6f, 0xfe, 0x0,
    0xbf, 0xff, 0xff, 0xf6, 0xff, 0xff, 0xff, 0xff,
    0xef, 0xff, 0xe0, 0xb, 0xff, 0xff, 0xff, 0x6f,
    0xff, 0xff, 0xff, 0xff, 0xff, 0xfe, 0x0, 0x34,
    0xff, 0xf7, 0x46, 0xff, 0xff, 0xff, 0xff, 0xff,
    0xff, 0xe0, 0x0, 0xf, 0xff, 0x40, 0x1, 0x11,
    0x17, 0xff, 0xe1, 0x11, 0x11, 0x0, 0x0, 0xff,
    0xf4, 0x1, 0x22, 0x22, 0x8f, 0xfe, 0x22, 0x22,
    0x20, 0x0, 0xf, 0xff, 0x40, 0x6f, 0xff, 0xff,
    0xff, 0xff, 0xff, 0xff, 0x0, 0x0, 0xff, 0xf4,
    0x37, 0xff, 0xff, 0xff, 0xff, 0xff, 0xff, 0xf0,
    0x0, 0xf, 0xff, 0xff, 0x9f, 0xff, 0xff, 0xff,
    0xff, 0xff, 0xfe, 0x0, 0xad, 0xff, 0xff, 0xf5,
    0x22, 0x22, 0x8f, 0xfe, 0x22, 0x22, 0x21, 0xe,
    0xff, 0xff, 0xff, 0xff, 0xff, 0xff, 0xff, 0xff,
    0xff, 0xff, 0xb0, 0xcf, 0xff, 0xe9, 0xbf, 0xff,
    0xff, 0xff, 0xff, 0xff, 0xff, 0xfb, 0xa, 0xb7,
    0x20, 0x8, 0xff, 0xff, 0xff, 0xff, 0xff, 0xff,
    0xff, 0xb0, 0x0, 0x0, 0x0, 0x0, 0x0, 0x0,
    0x0, 0x0, 0x0, 0x0, 0x0,

    /* U+7535 "电" */
    0x0, 0x0, 0x0, 0xa, 0xff, 0xf1, 0x0, 0x0,
    0x0, 0x0, 0x0, 0x0, 0x0, 0x0, 0xa, 0xff,
    0xf1, 0x0, 0x0, 0x0, 0x0, 0x0, 0xff, 0xff,
    0xff, 0xff, 0xff, 0xff, 0xff, 0xff, 0xff, 0xb0,
    0x0, 0xff, 0xff, 0xff, 0xff, 0xff, 0xff, 0xff,
    0xff, 0xff, 0xb0, 0x0, 0xff, 0xff, 0xff, 0xff,
    0xff, 0xff, 0xff, 0xff, 0xff, 0xb0, 0x0, 0xff,
    0xfc, 0x55, 0x5c, 0xff, 0xf5, 0x55, 0x5f, 0xff,
    0xb0, 0x0, 0xff, 0xfa, 0x0, 0xa, 0xff, 0xf1,
    0x0, 0xf, 0xff, 0xb0, 0x0, 0xff, 0xff, 0xff,
    0xff, 0xff, 0xff, 0xff, 0xff, 0xff, 0xb0, 0x0,
    0xff, 0xff, 0xff, 0xff, 0xff, 0xff, 0xff, 0xff,
    0xff, 0xb0, 0x0, 0xff, 0xff, 0xff, 0xff, 0xff,
    0xff, 0xff, 0xff, 0xff, 0xb0, 0x0, 0xff, 0xfc,
    0x77, 0x7c, 0xff, 0xf7, 0x77, 0x7f, 0xff, 0xb0,
    0x0, 0xff, 0xfa, 0x0, 0xa, 0xff, 0xf1, 0x0,
    0xf, 0xff, 0xb0, 0x0, 0xff, 0xfc, 0x55, 0x5c,
    0xff, 0xf6, 0x55, 0x5f, 0xff, 0xb0, 0x0, 0xff,
    0xff, 0xff, 0xff, 0xff, 0xff, 0xff, 0xff, 0xff,
    0xb0, 0x0, 0xff, 0xff, 0xff, 0xff, 0xff, 0xff,
    0xff, 0xff, 0xff, 0xd4, 0x10, 0xff, 0xff, 0xff,
    0xff, 0xff, 0xff, 0xff, 0xff, 0xff, 0xff, 0xf0,
    0x1, 0x11, 0x11, 0x1a, 0xff, 0xf2, 0x11, 0x11,
    0x19, 0xff, 0xe0, 0x0, 0x0, 0x0, 0xa, 0xff,
    0xf1, 0x0, 0x0, 0xa, 0xff, 0xd0, 0x0, 0x0,
    0x0, 0x9, 0xff, 0xf9, 0x55, 0x55, 0x7f, 0xff,
    0xc0, 0x0, 0x0, 0x0, 0x8, 0xff, 0xff, 0xff,
    0xff, 0xff, 0xff, 0xa0, 0x0, 0x0, 0x0, 0x3,
    0xff, 0xff, 0xff, 0xff, 0xff, 0xff, 0x40, 0x0,
    0x0, 0x0, 0x0, 0x5c, 0xff, 0xff, 0xff, 0xff,
    0xd6, 0x0,

    /* U+76D1 "监" */
    0x0, 0x0, 0x0, 0x0, 0x0, 0x0, 0x0, 0x0,
    0x0, 0x0, 0x0, 0x0, 0x0, 0x0, 0xdf, 0xfa,
    0x0, 0x8e, 0xb7, 0x0, 0x0, 0x0, 0x9, 0xff,
    0xb0, 0xdf, 0xfa, 0x0, 0xdf, 0xfe, 0x0, 0x0,
    0x0, 0x9, 0xff, 0xb0, 0xdf, 0xfa, 0x2, 0xff,
    0xff, 0xdd, 0xdd, 0xd8, 0x9, 0xff, 0xb0, 0xdf,
    0xfa, 0x8, 0xff, 0xff, 0xff, 0xff, 0xfa, 0x9,
    0xff, 0xb0, 0xdf, 0xfa, 0xe, 0xff, 0xff, 0xff,
    0xff, 0xfa, 0x9, 0xff, 0xb0, 0xdf, 0xfa, 0x6f,
    0xff, 0xb8, 0xb7, 0x77, 0x74, 0x9, 0xff, 0xb0,
    0xdf, 0xfb, 0xef, 0xff, 0x3b, 0xf5, 0x0, 0x0,
    0x9, 0xff, 0xb0, 0xdf, 0xff, 0xff, 0xfb, 0xcf,
    0xff, 0x60, 0x0, 0x9, 0xff, 0xb0, 0xdf, 0xff,
    0xff, 0xf3, 0x7f, 0xff, 0xf7, 0x0, 0x9, 0xff,
    0xb0, 0xdf, 0xfb, 0x7f, 0xa0, 0x7, 0xff, 0xff,
    0x20, 0x5, 0x99, 0x60, 0xcf, 0xfa, 0x2, 0x10,
    0x0, 0x8f, 0xe3, 0x0, 0x0, 0x0, 0x0, 0x0,
    0x0, 0x0, 0x0, 0x0, 0x8, 0x30, 0x0, 0x0,
    0xff, 0xff, 0xff, 0xff, 0xff, 0xff, 0xff, 0xff,
    0xff, 0x0, 0x0, 0xff, 0xff, 0xff, 0xff, 0xff,
    0xff, 0xff, 0xff, 0xff, 0x0, 0x0, 0xff, 0xff,
    0xef, 0xff, 0xee, 0xff, 0xfe, 0xff, 0xff, 0x0,
    0x0, 0xff, 0xfa, 0xe, 0xff, 0x33, 0xff, 0xe0,
    0xaf, 0xff, 0x0, 0x0, 0xff, 0xfa, 0xe, 0xff,
    0x33, 0xff, 0xe0, 0xaf, 0xff, 0x0, 0x0, 0xff,
    0xfa, 0xe, 0xff, 0x33, 0xff, 0xe0, 0xaf, 0xff,
    0x0, 0xdf, 0xff, 0xff, 0xff, 0xff, 0xff, 0xff,
    0xff, 0xff, 0xff, 0xfe, 0xef, 0xff, 0xff, 0xff,
    0xff, 0xff, 0xff, 0xff, 0xff, 0xff, 0xff, 0xef,
    0xff, 0xff, 0xff, 0xff, 0xff, 0xff, 0xff, 0xff,
    0xff, 0xff, 0x23, 0x33, 0x33, 0x33, 0x33, 0x33,
    0x33, 0x33, 0x33, 0x33, 0x32,

    /* U+7A0B "程" */
    0x0, 0x0, 0x0, 0x2, 0x30, 0x0, 0x0, 0x0,
    0x0, 0x0, 0x0, 0x0, 0x1, 0x47, 0xae, 0xfc,
    0x2f, 0xff, 0xff, 0xff, 0xff, 0xff, 0xe0, 0x8,
    0xff, 0xff, 0xff, 0xf2, 0xff, 0xff, 0xff, 0xff,
    0xff, 0xfe, 0x0, 0x6f, 0xff, 0xff, 0xff, 0x4f,
    0xff, 0xff, 0xff, 0xff, 0xff, 0xe0, 0x5, 0xff,
    0xff, 0xf3, 0x2, 0xff, 0xf4, 0x0, 0x0, 0x7f,
    0xfe, 0x0, 0x13, 0x6f, 0xfe, 0x0, 0x2f, 0xff,
    0x50, 0x0, 0x7, 0xff, 0xe0, 0x6, 0x8b, 0xff,
    0xf8, 0x82, 0xff, 0xff, 0xff, 0xff, 0xff, 0xfe,
    0x0, 0xcf, 0xff, 0xff, 0xff, 0x3f, 0xff, 0xff,
    0xff, 0xff, 0xff, 0xe0, 0xc, 0xff, 0xff, 0xff,
    0xf3, 0xee, 0xee, 0xee, 0xee, 0xee, 0xed, 0x0,
    0xcf, 0xff, 0xff, 0xff, 0x10, 0x0, 0x0, 0x0,
    0x0, 0x0, 0x0, 0x0, 0x9, 0xff, 0xe0, 0x8,
    0xee, 0xee, 0xee, 0xee, 0xee, 0xee, 0x70, 0x0,
    0xff, 0xff, 0x20, 0x9f, 0xff, 0xff, 0xff, 0xff,
    0xff, 0xf7, 0x0, 0x6f, 0xff, 0xff, 0x69, 0xff,
    0xff, 0xff, 0xff, 0xff, 0xff, 0x70, 0xe, 0xff,
    0xff, 0xff, 0x70, 0x0, 0xf, 0xff, 0x70, 0x0,
    0x0, 0x7, 0xff, 0xff, 0xff, 0xf2, 0x0, 0x0,
    0xff, 0xf7, 0x0, 0x0, 0x0, 0xff, 0xff, 0xff,
    0xd9, 0x6f, 0xff, 0xff, 0xff, 0xff, 0xff, 0xf0,
    0xd, 0xff, 0xff, 0xe1, 0x16, 0xff, 0xff, 0xff,
    0xff, 0xff, 0xff, 0x0, 0x8f, 0x7f, 0xfe, 0x0,
    0x5d, 0xdd, 0xdf, 0xff, 0xed, 0xdd, 0xd0, 0x2,
    0x55, 0xff, 0xe0, 0x0, 0x0, 0x0, 0xff, 0xf7,
    0x0, 0x0, 0x0, 0x0, 0x5f, 0xfe, 0x6, 0xee,
    0xee, 0xef, 0xff, 0xfe, 0xee, 0xec, 0x0, 0x5,
    0xff, 0xe0, 0x7f, 0xff, 0xff, 0xff, 0xff, 0xff,
    0xff, 0xe0, 0x0, 0x5f, 0xfe, 0x7, 0xff, 0xff,
    0xff, 0xff, 0xff, 0xff, 0xfe, 0x0, 0x5, 0xff,
    0xe0, 0x0, 0x0, 0x0, 0x0, 0x0, 0x0, 0x0,
    0x0,

    /* U+7C7B "类" */
    0x0, 0x0, 0x0, 0x0, 0x0, 0x0, 0x0, 0x0,
    0x0, 0x0, 0x0, 0x0, 0x1, 0xd8, 0x0, 0x8,
    0xff, 0xf2, 0x0, 0x3e, 0x40, 0x0, 0x0, 0xc,
    0xff, 0xb0, 0x8, 0xff, 0xf2, 0x4, 0xff, 0xf5,
    0x0, 0x0, 0x1d, 0xff, 0xfd, 0x18, 0xff, 0xf2,
    0x5f, 0xff, 0xf6, 0x0, 0x0, 0x0, 0xbf, 0xff,
    0x48, 0xff, 0xf3, 0xef, 0xff, 0x50, 0x0, 0xc,
    0xff, 0xff, 0xff, 0xff, 0xff, 0xff, 0xff, 0xff,
    0xff, 0xf5, 0xd, 0xff, 0xff, 0xff, 0xff, 0xff,
    0xff, 0xff, 0xff, 0xff, 0xf6, 0xd, 0xff, 0xff,
    0xff, 0xff, 0xff, 0xff, 0xff, 0xff, 0xff, 0xf6,
    0x1, 0x22, 0x23, 0xaf, 0xff, 0xff, 0xff, 0xfb,
    0x62, 0x22, 0x20, 0x0, 0x4, 0xaf, 0xff, 0xff,
    0xff, 0xff, 0xff, 0xfe, 0x94, 0x0, 0xa, 0xff,
    0xff, 0xff, 0xfd, 0xff, 0xfc, 0xff, 0xff, 0xff,
    0xe5, 0xa, 0xff, 0xff, 0xf9, 0x17, 0xdd, 0xd2,
    0x18, 0xef, 0xff, 0xf5, 0x3, 0xff, 0xd7, 0x10,
    0x3, 0x66, 0x60, 0x0, 0x6, 0xdf, 0xf0, 0x0,
    0x84, 0x0, 0x0, 0x9, 0xff, 0xf1, 0x0, 0x0,
    0x5, 0x70, 0x5f, 0xff, 0xff, 0xff, 0xff, 0xff,
    0xff, 0xff, 0xff, 0xff, 0xfe, 0x5f, 0xff, 0xff,
    0xff, 0xff, 0xff, 0xff, 0xff, 0xff, 0xff, 0xfe,
    0x4e, 0xee, 0xee, 0xee, 0xff, 0xff, 0xff, 0xfe,
    0xee, 0xee, 0xec, 0x0, 0x0, 0x0, 0x2b, 0xff,
    0xff, 0xff, 0xe5, 0x0, 0x0, 0x0, 0x0, 0x0,
    0x4a, 0xff, 0xff, 0xfe, 0xff, 0xff, 0xd6, 0x10,
    0x0, 0x27, 0xbf, 0xff, 0xff, 0xff, 0x90, 0xaf,
    0xff, 0xff, 0xfb, 0x84, 0x5f, 0xff, 0xff, 0xff,
    0xc3, 0x0, 0x5, 0xef, 0xff, 0xff, 0xfa, 0x1f,
    0xff, 0xfe, 0x93, 0x0, 0x0, 0x0, 0x6, 0xdf,
    0xff, 0xf6, 0xb, 0xd8, 0x30, 0x0, 0x0, 0x0,
    0x0, 0x0, 0x2, 0x8d, 0xf2, 0x0, 0x0, 0x0,
    0x0, 0x0, 0x0, 0x0, 0x0, 0x0, 0x0, 0x10,

    /* U+7D2F "累" */
    0x1, 0xff, 0xff, 0xff, 0xff, 0xff, 0xff, 0xff,
    0xff, 0xff, 0x10, 0x1, 0xff, 0xff, 0xff, 0xff,
    0xff, 0xff, 0xff, 0xff, 0xff, 0x10, 0x1, 0xff,
    0xf9, 0x88, 0x8b, 0xff, 0xe8, 0x88, 0xaf, 0xff,
    0x10, 0x1, 0xff, 0xf9, 0x88, 0x8a, 0xff, 0xe8,
    0x88, 0x9f, 0xff, 0x10, 0x1, 0xff, 0xff, 0xff,
    0xff, 0xff, 0xff, 0xff, 0xff, 0xff, 0x10, 0x1,
    0xff, 0xfb, 0xbb, 0xbc, 0xff, 0xeb, 0xbb, 0xbf,
    0xff, 0x10, 0x1, 0xff, 0xf8, 0x77, 0x79, 0xff,
    0xe7, 0x77, 0x8f, 0xff, 0x10, 0x1, 0xff, 0xff,
    0xff, 0xff, 0xff, 0xff, 0xff, 0xff, 0xff, 0x10,
    0x1, 0xff, 0xff, 0xff, 0xff, 0xff, 0xff, 0xff,
    0xff, 0xff, 0x10, 0x0, 0x0, 0x5b, 0xff, 0xfa,
    0x30, 0x19, 0xff, 0xe6, 0x0, 0x0, 0x0, 0x3f,
    0xff, 0xff, 0xee, 0xff, 0xff, 0xff, 0xa3, 0x0,
    0x0, 0x0, 0x1f, 0xff, 0xff, 0xff, 0xff, 0xff,
    0x94, 0xa4, 0x0, 0x0, 0x0, 0x9, 0x8b, 0xff,
    0xff, 0xfc, 0x60, 0x5f, 0xff, 0x60, 0x0, 0x0,
    0x49, 0xef, 0xff, 0xfd, 0x87, 0x89, 0xbf, 0xff,
    0xf8, 0x0, 0x5, 0xff, 0xff, 0xff, 0xff, 0xff,
    0xff, 0xff, 0xff, 0xff, 0xa0, 0x2, 0xff, 0xff,
    0xff, 0xff, 0xff, 0xff, 0xff, 0xee, 0xff, 0xd1,
    0x0, 0x66, 0x9f, 0xf9, 0x34, 0xff, 0xf5, 0x2e,
    0x71, 0x9c, 0x10, 0x0, 0x2a, 0xff, 0xfe, 0x11,
    0xff, 0xf4, 0x9f, 0xff, 0x92, 0x0, 0x3a, 0xff,
    0xff, 0xfc, 0x23, 0xff, 0xf4, 0xef, 0xff, 0xff,
    0x92, 0x9f, 0xff, 0xfe, 0x6e, 0xff, 0xff, 0xf3,
    0x7, 0xef, 0xff, 0xf7, 0x2f, 0xfe, 0x60, 0xc,
    0xff, 0xff, 0xf1, 0x0, 0x6, 0xdf, 0xe0, 0x8,
    0x60, 0x0, 0x8, 0xff, 0xfd, 0x60, 0x0, 0x0,
    0x6, 0x60,

    /* U+7ED3 "结" */
    0x0, 0x0, 0x0, 0x0, 0x0, 0x0, 0x0, 0x0,
    0x0, 0x0, 0x0, 0x0, 0x5, 0xe8, 0x20, 0x0,
    0x0, 0xf, 0xff, 0x90, 0x0, 0x0, 0x0, 0xc,
    0xff, 0xc0, 0x0, 0x0, 0xf, 0xff, 0x90, 0x0,
    0x0, 0x0, 0x3f, 0xff, 0x50, 0x0, 0x0, 0xf,
    0xff, 0x90, 0x0, 0x0, 0x0, 0xaf, 0xfe, 0x0,
    0xef, 0xff, 0xff, 0xff, 0xff, 0xff, 0xfb, 0x2,
    0xff, 0xf6, 0x0, 0xef, 0xff, 0xff, 0xff, 0xff,
    0xff, 0xfc, 0xa, 0xff, 0xe0, 0x71, 0xef, 0xff,
    0xff, 0xff, 0xff, 0xff, 0xfc, 0x3f, 0xff, 0x65,
    0xff, 0xd5, 0x55, 0x5f, 0xff, 0xb5, 0x55, 0x53,
    0xbf, 0xff, 0xce, 0xff, 0xb0, 0x0, 0xf, 0xff,
    0x90, 0x0, 0x0, 0x9f, 0xff, 0xff, 0xff, 0x56,
    0x66, 0x6f, 0xff, 0xb6, 0x66, 0x62, 0x5f, 0xff,
    0xff, 0xf9, 0x6f, 0xff, 0xff, 0xff, 0xff, 0xff,
    0xf5, 0x2d, 0xbf, 0xff, 0xf1, 0x6f, 0xff, 0xff,
    0xff, 0xff, 0xff, 0xf5, 0x0, 0x7f, 0xff, 0x60,
    0x5d, 0xdd, 0xdd, 0xdd, 0xdd, 0xdd, 0xd4, 0x4,
    0xff, 0xfc, 0x35, 0x3, 0x33, 0x33, 0x33, 0x33,
    0x33, 0x20, 0x1f, 0xff, 0xff, 0xff, 0x1f, 0xff,
    0xff, 0xff, 0xff, 0xff, 0xe0, 0xf, 0xff, 0xff,
    0xff, 0x1f, 0xff, 0xff, 0xff, 0xff, 0xff, 0xe0,
    0xc, 0xff, 0xff, 0xfd, 0x2f, 0xff, 0xff, 0xff,
    0xff, 0xff, 0xe0, 0x7, 0xb8, 0x52, 0x0, 0x1f,
    0xff, 0x61, 0x11, 0x18, 0xff, 0xe0, 0x0, 0x0,
    0x1, 0x47, 0x2f, 0xff, 0x50, 0x0, 0x8, 0xff,
    0xe0, 0x26, 0x9c, 0xef, 0xff, 0x3f, 0xff, 0x73,
    0x33, 0x3a, 0xff, 0xe0, 0xbf, 0xff, 0xff, 0xff,
    0x4f, 0xff, 0xff, 0xff, 0xff, 0xff, 0xe0, 0xaf,
    0xff, 0xff, 0xff, 0x4f, 0xff, 0xff, 0xff, 0xff,
    0xff, 0xe0, 0x8f, 0xdb, 0x85, 0x30, 0x1f, 0xff,
    0xff, 0xff, 0xff, 0xff, 0xe0, 0x0, 0x0, 0x0,
    0x0, 0x1f, 0xff, 0x50, 0x0, 0x8, 0xff, 0xe0,

    /* U+7F6E "置" */
    0xd, 0xff, 0xff, 0xff, 0xff, 0xff, 0xff, 0xff,
    0xff, 0xff, 0xe0, 0xd, 0xff, 0xff, 0xff, 0xff,
    0xff, 0xff, 0xff, 0xff, 0xff, 0xe0, 0xd, 0xff,
    0xc2, 0x6f, 0xff, 0x22, 0xff, 0xf7, 0x2a, 0xff,
    0xe0, 0xd, 0xff, 0xfe, 0xef, 0xff, 0xee, 0xff,
    0xfe, 0xef, 0xff, 0xe0, 0xd, 0xff, 0xff, 0xff,
    0xff, 0xff, 0xff, 0xff, 0xff, 0xff, 0xe0, 0x2,
    0x22, 0x22, 0x22, 0x2c, 0xff, 0xe2, 0x22, 0x22,
    0x22, 0x20, 0x4f, 0xff, 0xff, 0xff, 0xff, 0xff,
    0xff, 0xff, 0xff, 0xff, 0xf6, 0x4f, 0xff, 0xff,
    0xff, 0xff, 0xff, 0xff, 0xff, 0xff, 0xff, 0xf6,
    0x14, 0x44, 0x44, 0x44, 0x4d, 0xff, 0xe4, 0x44,
    0x44, 0x44, 0x42, 0x0, 0x7e, 0xee, 0xee, 0xef,
    0xff, 0xfe, 0xee, 0xee, 0xea, 0x0, 0x0, 0x8f,
    0xff, 0xff, 0xff, 0xff, 0xff, 0xff, 0xff, 0xfb,
    0x0, 0x0, 0x8f, 0xff, 0x44, 0x44, 0x44, 0x44,
    0x44, 0xff, 0xfb, 0x0, 0x0, 0x8f, 0xff, 0xff,
    0xff, 0xff, 0xff, 0xff, 0xff, 0xfb, 0x0, 0x0,
    0x8f, 0xff, 0x65, 0x55, 0x55, 0x55, 0x55, 0xff,
    0xfb, 0x0, 0x0, 0x8f, 0xff, 0xff, 0xff, 0xff,
    0xff, 0xff, 0xff, 0xfb, 0x0, 0x0, 0x8f, 0xff,
    0xba, 0xaa, 0xaa, 0xaa, 0xaa, 0xff, 0xfb, 0x0,
    0x0, 0x8f, 0xff, 0x99, 0x99, 0x99, 0x99, 0x99,
    0xff, 0xfb, 0x0, 0x0, 0x8f, 0xff, 0xff, 0xff,
    0xff, 0xff, 0xff, 0xff, 0xfb, 0x0, 0x0, 0x8f,
    0xff, 0x32, 0x22, 0x22, 0x22, 0x22, 0xff, 0xfb,
    0x0, 0xcf, 0xff, 0xff, 0xff, 0xff, 0xff, 0xff,
    0xff, 0xff, 0xff, 0xfe, 0xcf, 0xff, 0xff, 0xff,
    0xff, 0xff, 0xff, 0xff, 0xff, 0xff, 0xfe, 0x34,
    0x44, 0x44, 0x44, 0x44, 0x44, 0x44, 0x44, 0x44,
    0x44, 0x43,

    /* U+8017 "耗" */
    0x0, 0x0, 0x0, 0x0, 0x0, 0x0, 0x0, 0x0,
    0x0, 0x0, 0x11, 0x0, 0x0, 0x0, 0xaf, 0xfa,
    0x0, 0x0, 0x0, 0x0, 0x25, 0x9d, 0xf6, 0x0,
    0x0, 0x11, 0xaf, 0xfa, 0x10, 0x15, 0x79, 0xcf,
    0xff, 0xff, 0xf9, 0x0, 0x6, 0xff, 0xff, 0xff,
    0xfe, 0x7f, 0xff, 0xff, 0xff, 0xff, 0xfc, 0x0,
    0x6, 0xff, 0xff, 0xff, 0xfe, 0x6f, 0xff, 0xff,
    0xff, 0xc9, 0x62, 0x0, 0x5, 0xcc, 0xef, 0xfe,
    0xcb, 0x3d, 0xbc, 0xff, 0xe0, 0x0, 0x0, 0x0,
    0x0, 0x0, 0xaf, 0xfa, 0x0, 0x0, 0x7, 0xff,
    0xe0, 0x13, 0x44, 0x0, 0x1, 0xff, 0xff, 0xff,
    0xfb, 0x28, 0xad, 0xff, 0xff, 0xff, 0xfe, 0x0,
    0x1, 0xff, 0xff, 0xff, 0xfb, 0x5f, 0xff, 0xff,
    0xff, 0xff, 0xff, 0x0, 0x0, 0xbb, 0xef, 0xfe,
    0xb7, 0x5f, 0xff, 0xff, 0xff, 0xff, 0xfe, 0x0,
    0x0, 0x0, 0xaf, 0xfa, 0x0, 0x3b, 0xac, 0xff,
    0xf4, 0x21, 0x0, 0x0, 0x8, 0xff, 0xff, 0xff,
    0xff, 0x0, 0x7, 0xff, 0xe0, 0x0, 0x0, 0x0,
    0x8, 0xff, 0xff, 0xff, 0xff, 0x0, 0x7, 0xff,
    0xf7, 0x9b, 0xce, 0xe0, 0x6, 0xdd, 0xff, 0xfe,
    0xdc, 0x6d, 0xff, 0xff, 0xff, 0xff, 0xff, 0xe0,
    0x0, 0x7, 0xff, 0xfa, 0x0, 0x7f, 0xff, 0xff,
    0xff, 0xff, 0xff, 0xf0, 0x0, 0x2f, 0xff, 0xff,
    0xb2, 0x7f, 0xff, 0xff, 0xff, 0xdb, 0x97, 0x50,
    0x0, 0xcf, 0xff, 0xff, 0xff, 0xca, 0x8a, 0xff,
    0xe0, 0x2, 0xa5, 0x10, 0x8, 0xff, 0xff, 0xff,
    0xff, 0xc0, 0x7, 0xff, 0xe0, 0x3, 0xff, 0xf0,
    0x3f, 0xff, 0xff, 0xfd, 0xff, 0x30, 0x7, 0xff,
    0xe0, 0x4, 0xff, 0xf0, 0xc, 0xfe, 0xcf, 0xfa,
    0x27, 0x0, 0x7, 0xff, 0xf6, 0x59, 0xff, 0xe0,
    0x3, 0xf3, 0xaf, 0xfa, 0x0, 0x0, 0x5, 0xff,
    0xff, 0xff, 0xff, 0xd0, 0x0, 0x20, 0xaf, 0xfa,
    0x0, 0x0, 0x1, 0xff, 0xff, 0xff, 0xff, 0x80,
    0x0, 0x0, 0xaf, 0xfa, 0x0, 0x0, 0x0, 0x4c,
    0xff, 0xff, 0xe9, 0x0,

    /* U+884C "行" */
    0x0, 0x0, 0x1, 0x0, 0x0, 0x0, 0x0, 0x0,
    0x0, 0x0, 0x0, 0x0, 0x0, 0x1e, 0x90, 0x0,
    0x0, 0x0, 0x0, 0x0, 0x0, 0x0, 0x0, 0x0,
    0xcf, 0xfa, 0x5, 0xff, 0xff, 0xff, 0xff, 0xff,
    0xf2, 0x0, 0x1c, 0xff, 0xff, 0x25, 0xff, 0xff,
    0xff, 0xff, 0xff, 0xf2, 0x1, 0xdf, 0xff, 0xf4,
    0x5, 0xff, 0xff, 0xff, 0xff, 0xff, 0xf2, 0x3e,
    0xff, 0xff, 0x60, 0x3, 0x99, 0x99, 0x99, 0x99,
    0x99, 0x91, 0x6f, 0xff, 0xf8, 0x0, 0x0, 0x0,
    0x0, 0x0, 0x0, 0x0, 0x0, 0x1f, 0xff, 0x84,
    0x50, 0x0, 0x0, 0x0, 0x0, 0x0, 0x0, 0x0,
    0xa, 0xf8, 0x1e, 0xf8, 0x0, 0x0, 0x0, 0x0,
    0x0, 0x0, 0x0, 0x4, 0x60, 0xbf, 0xff, 0x78,
    0x88, 0x88, 0x88, 0x88, 0x88, 0x87, 0x0, 0x8,
    0xff, 0xfd, 0x1f, 0xff, 0xff, 0xff, 0xff, 0xff,
    0xfe, 0x0, 0x6f, 0xff, 0xf3, 0xf, 0xff, 0xff,
    0xff, 0xff, 0xff, 0xfe, 0x4, 0xff, 0xff, 0x80,
    0xf, 0xff, 0xff, 0xff, 0xff, 0xff, 0xfe, 0x5f,
    0xff, 0xff, 0x60, 0x0, 0x0, 0x0, 0xe, 0xff,
    0xe0, 0x0, 0xcf, 0xff, 0xff, 0x60, 0x0, 0x0,
    0x0, 0xe, 0xff, 0xe0, 0x0, 0x7f, 0xff, 0xff,
    0x60, 0x0, 0x0, 0x0, 0xe, 0xff, 0xe0, 0x0,
    0x1f, 0xbf, 0xff, 0x60, 0x0, 0x0, 0x0, 0xe,
    0xff, 0xe0, 0x0, 0x5, 0x1f, 0xff, 0x60, 0x0,
    0x0, 0x0, 0xe, 0xff, 0xe0, 0x0, 0x0, 0x1f,
    0xff, 0x60, 0x0, 0x0, 0x0, 0xe, 0xff, 0xe0,
    0x0, 0x0, 0x1f, 0xff, 0x60, 0x0, 0x0, 0x0,
    0xe, 0xff, 0xe0, 0x0, 0x0, 0x1f, 0xff, 0x60,
    0x0, 0x58, 0x88, 0x9f, 0xff, 0xe0, 0x0, 0x0,
    0x1f, 0xff, 0x60, 0x0, 0x7f, 0xff, 0xff, 0xff,
    0xc0, 0x0, 0x0, 0x1f, 0xff, 0x60, 0x0, 0x3f,
    0xff, 0xff, 0xff, 0x70, 0x0, 0x0, 0x1f, 0xff,
    0x60, 0x0, 0xf, 0xff, 0xff, 0xd7, 0x0, 0x0,

    /* U+88F9 "裹" */
    0x0, 0x0, 0x0, 0x0, 0x0, 0x0, 0x10, 0x0,
    0x0, 0x0, 0x0, 0x0, 0x0, 0x0, 0x0, 0x0,
    0xbf, 0xff, 0x40, 0x0, 0x0, 0x0, 0x0, 0x14,
    0x44, 0x44, 0x44, 0x4c, 0xff, 0xf9, 0x44, 0x44,
    0x44, 0x44, 0x6, 0xff, 0xff, 0xff, 0xff, 0xff,
    0xff, 0xff, 0xff, 0xff, 0xff, 0xe0, 0x5f, 0xff,
    0xff, 0xff, 0xff, 0xff, 0xff, 0xff, 0xff, 0xff,
    0xfd, 0x0, 0x1, 0x55, 0x55, 0x55, 0x55, 0x55,
    0x55, 0x55, 0x55, 0x40, 0x0, 0x0, 0x4f, 0xff,
    0xff, 0xff, 0xff, 0xff, 0xff, 0xff, 0xfc, 0x0,
    0x0, 0x4, 0xff, 0xf7, 0x77, 0xaf, 0xfe, 0x77,
    0x7b, 0xff, 0xc0, 0x0, 0x0, 0x4f, 0xff, 0xff,
    0xff, 0xff, 0xff, 0xff, 0xff, 0xfc, 0x0, 0x0,
    0x4, 0xff, 0xf9, 0x99, 0xcf, 0xff, 0x99, 0x9c,
    0xff, 0xc0, 0x0, 0x0, 0x4f, 0xff, 0xee, 0xee,
    0xff, 0xfe, 0xee, 0xef, 0xfc, 0x0, 0x0, 0x3,
    0xff, 0xff, 0xff, 0xff, 0xff, 0xff, 0xff, 0xff,
    0xb0, 0x0, 0x25, 0x55, 0x55, 0x55, 0x5a, 0xff,
    0xe5, 0x55, 0x55, 0x55, 0x54, 0x6, 0xff, 0xff,
    0xff, 0xff, 0xff, 0xff, 0xff, 0xff, 0xff, 0xff,
    0xc0, 0x5f, 0xff, 0xff, 0xff, 0xff, 0xff, 0xff,
    0xff, 0xff, 0xff, 0xfc, 0x0, 0x14, 0x7b, 0xff,
    0xff, 0xff, 0xfe, 0x9f, 0xff, 0xfa, 0x51, 0x0,
    0x5f, 0xff, 0xff, 0xfa, 0x46, 0xdb, 0x97, 0x5a,
    0xff, 0xff, 0xf9, 0x1, 0xff, 0xfb, 0x63, 0x8e,
    0xff, 0xff, 0x50, 0x7f, 0xba, 0xff, 0x60, 0x6,
    0x43, 0x7c, 0xff, 0xff, 0xff, 0xff, 0xdf, 0xff,
    0x21, 0x61, 0x5, 0xae, 0xff, 0xff, 0xfe, 0x61,
    0xdf, 0xff, 0xff, 0x70, 0x0, 0x0, 0x9f, 0xff,
    0xff, 0xff, 0xd9, 0xdf, 0xef, 0xff, 0xff, 0xeb,
    0x96, 0x3, 0xff, 0xa6, 0xef, 0xff, 0xff, 0xfa,
    0x3b, 0xff, 0xff, 0xff, 0xc0, 0x4, 0x0, 0xb,
    0xff, 0xff, 0xeb, 0x50, 0x2, 0x8d, 0xff, 0xf7,
    0x0, 0x0, 0x0, 0x4e, 0xa6, 0x20, 0x0, 0x0,
    0x0, 0x1, 0x58, 0x20, 0x0, 0x0, 0x0, 0x0,
    0x0, 0x0, 0x0, 0x0, 0x0, 0x0, 0x0, 0x0,

    /* U+8B66 "警" */
    0x0, 0x0, 0x0, 0x0, 0x0, 0x0, 0x0, 0x0,
    0x0, 0x0, 0x0, 0x0, 0x0, 0x1, 0xff, 0xd0,
    0x7f, 0xf7, 0x0, 0xe, 0xda, 0x0, 0x0, 0x0,
    0x6, 0xff, 0xff, 0xff, 0xff, 0xff, 0xfc, 0x6f,
    0xfd, 0x33, 0x33, 0x20, 0x4, 0xdd, 0xff, 0xfd,
    0xef, 0xfe, 0xda, 0xdf, 0xff, 0xff, 0xff, 0xd0,
    0x0, 0x1e, 0xe8, 0x0, 0x13, 0x31, 0x8, 0xff,
    0xff, 0xff, 0xff, 0xd0, 0x0, 0xaf, 0xfe, 0xcc,
    0xcc, 0xcc, 0xcf, 0xff, 0xf4, 0x6f, 0xfa, 0x20,
    0x5, 0xff, 0xff, 0xff, 0xff, 0xff, 0xee, 0xff,
    0xfa, 0xbf, 0xf3, 0x0, 0xd, 0xff, 0xa7, 0x77,
    0x71, 0xef, 0xc5, 0xbc, 0xff, 0xff, 0xc0, 0x0,
    0x3, 0xff, 0xff, 0xff, 0xf0, 0xef, 0xb0, 0x5,
    0xff, 0xff, 0x80, 0x0, 0x0, 0x8f, 0xf5, 0x9f,
    0xf5, 0xff, 0xa6, 0xcf, 0xff, 0xff, 0xff, 0xb0,
    0x0, 0x7f, 0xff, 0xff, 0xff, 0xff, 0x88, 0xff,
    0xfd, 0xbf, 0xff, 0xa0, 0x0, 0x11, 0x11, 0x11,
    0x49, 0xdf, 0xfc, 0xee, 0x81, 0x14, 0xaf, 0x30,
    0xc, 0xff, 0xff, 0xff, 0xff, 0xff, 0xff, 0xff,
    0xff, 0xff, 0xff, 0xe0, 0xc, 0xff, 0xff, 0xff,
    0xff, 0xff, 0xff, 0xff, 0xff, 0xff, 0xff, 0xe0,
    0x0, 0x3, 0x66, 0x66, 0x66, 0x66, 0x66, 0x66,
    0x66, 0x66, 0x40, 0x0, 0x0, 0x8, 0xff, 0xff,
    0xff, 0xff, 0xff, 0xff, 0xff, 0xff, 0xb0, 0x0,
    0x0, 0x3, 0x55, 0x55, 0x55, 0x55, 0x55, 0x55,
    0x55, 0x55, 0x30, 0x0, 0x0, 0x8, 0xff, 0xff,
    0xff, 0xff, 0xff, 0xff, 0xff, 0xff, 0xb0, 0x0,
    0x0, 0x4, 0x88, 0x88, 0x88, 0x88, 0x88, 0x88,
    0x88, 0x88, 0x60, 0x0, 0x0, 0xe, 0xff, 0xff,
    0xff, 0xff, 0xff, 0xff, 0xff, 0xff, 0xf0, 0x0,
    0x0, 0xf, 0xff, 0xc8, 0x88, 0x88, 0x88, 0x88,
    0x8b, 0xff, 0xf0, 0x0, 0x0, 0xf, 0xff, 0xdb,
    0xbb, 0xbb, 0xbb, 0xbb, 0xbd, 0xff, 0xf0, 0x0,
    0x0, 0xf, 0xff, 0xff, 0xff, 0xff, 0xff, 0xff,
    0xff, 0xff, 0xf0, 0x0, 0x0, 0xf, 0xff, 0x80,
    0x0, 0x0, 0x0, 0x0, 0x6, 0xff, 0xf0, 0x0,

    /* U+8BA1 "计" */
    0x0, 0x0, 0x20, 0x0, 0x0, 0x0, 0x0, 0x0,
    0x0, 0x0, 0x0, 0x0, 0x1b, 0xf3, 0x0, 0x0,
    0x0, 0x1f, 0xff, 0xa0, 0x0, 0x0, 0x1, 0xdf,
    0xfe, 0x20, 0x0, 0x0, 0x1f, 0xff, 0xa0, 0x0,
    0x0, 0x0, 0xaf, 0xff, 0xd1, 0x0, 0x0, 0x1f,
    0xff, 0xa0, 0x0, 0x0, 0x0, 0xd, 0xff, 0xfa,
    0x0, 0x0, 0x1f, 0xff, 0xa0, 0x0, 0x0, 0x0,
    0x2, 0xef, 0xb1, 0x0, 0x0, 0x1f, 0xff, 0xa0,
    0x0, 0x0, 0x0, 0x0, 0x48, 0x0, 0x0, 0x0,
    0x1f, 0xff, 0xa0, 0x0, 0x0, 0x57, 0x77, 0x77,
    0x0, 0x0, 0x0, 0x1f, 0xff, 0xa0, 0x0, 0x0,
    0xbf, 0xff, 0xfe, 0x5, 0xff, 0xff, 0xff, 0xff,
    0xff, 0xff, 0xfe, 0xbf, 0xff, 0xfe, 0x6, 0xff,
    0xff, 0xff, 0xff, 0xff, 0xff, 0xff, 0xbf, 0xff,
    0xfe, 0x6, 0xff, 0xff, 0xff, 0xff, 0xff, 0xff,
    0xff, 0x0, 0xcf, 0xfe, 0x3, 0x99, 0x99, 0xaf,
    0xff, 0xd9, 0x99, 0x99, 0x0, 0xcf, 0xfe, 0x0,
    0x0, 0x0, 0x1f, 0xff, 0xa0, 0x0, 0x0, 0x0,
    0xcf, 0xfe, 0x0, 0x0, 0x0, 0x1f, 0xff, 0xa0,
    0x0, 0x0, 0x0, 0xcf, 0xfe, 0x0, 0x40, 0x0,
    0x1f, 0xff, 0xa0, 0x0, 0x0, 0x0, 0xcf, 0xfe,
    0x9, 0xf2, 0x0, 0x1f, 0xff, 0xa0, 0x0, 0x0,
    0x0, 0xcf, 0xff, 0xbf, 0xf7, 0x0, 0x1f, 0xff,
    0xa0, 0x0, 0x0, 0x0, 0xcf, 0xff, 0xff, 0xfc,
    0x0, 0x1f, 0xff, 0xa0, 0x0, 0x0, 0x0, 0xcf,
    0xff, 0xff, 0xe4, 0x0, 0x1f, 0xff, 0xa0, 0x0,
    0x0, 0x0, 0xef, 0xff, 0xfc, 0x20, 0x0, 0x1f,
    0xff, 0xa0, 0x0, 0x0, 0x0, 0xaf, 0xff, 0x90,
    0x0, 0x0, 0x1f, 0xff, 0xa0, 0x0, 0x0, 0x0,
    0xd, 0xf6, 0x0, 0x0, 0x0, 0x1f, 0xff, 0xa0,
    0x0, 0x0, 0x0, 0x2, 0x30, 0x0, 0x0, 0x0,
    0x1f, 0xff, 0xa0, 0x0, 0x0,

    /* U+8BB0 "记" */
    0x0, 0x4, 0x40, 0x0, 0x0, 0x0, 0x0, 0x0,
    0x0, 0x0, 0x0, 0x0, 0x8f, 0xe2, 0x0, 0x5f,
    0xff, 0xff, 0xff, 0xff, 0xff, 0x80, 0x7, 0xff,
    0xfd, 0x0, 0x5f, 0xff, 0xff, 0xff, 0xff, 0xff,
    0x80, 0x0, 0xdf, 0xff, 0xa0, 0x5f, 0xff, 0xff,
    0xff, 0xff, 0xff, 0x80, 0x0, 0x3f, 0xff, 0xf4,
    0x39, 0x99, 0x99, 0x99, 0x9f, 0xff, 0x80, 0x0,
    0x8, 0xff, 0x80, 0x0, 0x0, 0x0, 0x0, 0xe,
    0xff, 0x80, 0x0, 0x0, 0xc8, 0x0, 0x0, 0x0,
    0x0, 0x0, 0xe, 0xff, 0x80, 0x68, 0x88, 0x93,
    0x0, 0x0, 0x0, 0x0, 0x0, 0xe, 0xff, 0x80,
    0xcf, 0xff, 0xf7, 0x0, 0x0, 0x0, 0x0, 0x0,
    0xe, 0xff, 0x80, 0xcf, 0xff, 0xf7, 0x0, 0x7f,
    0xff, 0xff, 0xff, 0xff, 0xff, 0x80, 0xcf, 0xff,
    0xf7, 0x0, 0x7f, 0xff, 0xff, 0xff, 0xff, 0xff,
    0x80, 0x23, 0xff, 0xf7, 0x0, 0x7f, 0xff, 0xff,
    0xff, 0xff, 0xff, 0x80, 0x0, 0xff, 0xf7, 0x0,
    0x7f, 0xff, 0x77, 0x77, 0x77, 0x77, 0x30, 0x0,
    0xff, 0xf7, 0x0, 0x7f, 0xfe, 0x0, 0x0, 0x0,
    0x0, 0x0, 0x0, 0xff, 0xf7, 0x0, 0x7f, 0xfe,
    0x0, 0x0, 0x0, 0x0, 0x0, 0x0, 0xff, 0xf7,
    0x12, 0x7f, 0xfe, 0x0, 0x0, 0x0, 0x7a, 0x62,
    0x0, 0xff, 0xf9, 0xd7, 0x7f, 0xfe, 0x0, 0x0,
    0x0, 0xaf, 0xfe, 0x0, 0xff, 0xff, 0xfb, 0x7f,
    0xfe, 0x0, 0x0, 0x0, 0xaf, 0xfd, 0x0, 0xff,
    0xff, 0xff, 0x8f, 0xff, 0x0, 0x0, 0x0, 0xbf,
    0xfc, 0x2, 0xff, 0xff, 0xfd, 0x8f, 0xff, 0xa7,
    0x77, 0x78, 0xff, 0xfa, 0x2, 0xff, 0xff, 0xa0,
    0x5f, 0xff, 0xff, 0xff, 0xff, 0xff, 0xf9, 0x0,
    0x4f, 0xf7, 0x0, 0x1f, 0xff, 0xff, 0xff, 0xff,
    0xff, 0xf5, 0x0, 0x6, 0x40, 0x0, 0x5, 0xcf,
    0xff, 0xff, 0xff, 0xfe, 0x80,

    /* U+8BBE "设" */
    0x0, 0x0, 0x61, 0x0, 0x0, 0x0, 0x0, 0x0,
    0x0, 0x0, 0x0, 0x0, 0x0, 0xa, 0xfc, 0x0,
    0x0, 0xbf, 0xff, 0xff, 0xff, 0xff, 0x60, 0x0,
    0x0, 0xbf, 0xff, 0xb0, 0x0, 0xbf, 0xff, 0xff,
    0xff, 0xff, 0x60, 0x0, 0x0, 0x3f, 0xff, 0xf9,
    0x0, 0xbf, 0xff, 0xff, 0xff, 0xff, 0x60, 0x0,
    0x0, 0x6, 0xff, 0xff, 0x30, 0xcf, 0xfa, 0x22,
    0x5f, 0xff, 0x60, 0x0, 0x0, 0x0, 0xaf, 0xf5,
    0x3, 0xff, 0xf8, 0x0, 0x2f, 0xff, 0xa5, 0x40,
    0x0, 0x0, 0xb, 0x30, 0x4e, 0xff, 0xf3, 0x0,
    0x2f, 0xff, 0xff, 0xc0, 0x3, 0x33, 0x33, 0x10,
    0xcf, 0xff, 0xa0, 0x0, 0xf, 0xff, 0xff, 0x90,
    0xf, 0xff, 0xff, 0x80, 0xc, 0xfb, 0x0, 0x0,
    0x6, 0xde, 0xee, 0x60, 0xf, 0xff, 0xff, 0x80,
    0x4, 0x93, 0x33, 0x33, 0x33, 0x33, 0x33, 0x0,
    0xe, 0xef, 0xff, 0x80, 0x3f, 0xff, 0xff, 0xff,
    0xff, 0xff, 0xfe, 0x0, 0x0, 0xf, 0xff, 0x80,
    0x3f, 0xff, 0xff, 0xff, 0xff, 0xff, 0xfe, 0x0,
    0x0, 0xf, 0xff, 0x80, 0x3f, 0xff, 0xff, 0xff,
    0xff, 0xff, 0xfe, 0x0, 0x0, 0xf, 0xff, 0x80,
    0xe, 0xff, 0xe2, 0x11, 0x16, 0xff, 0xfa, 0x0,
    0x0, 0xf, 0xff, 0x80, 0x15, 0xff, 0xfb, 0x0,
    0x2f, 0xff, 0xf1, 0x0, 0x0, 0xf, 0xff, 0x8b,
    0x80, 0xaf, 0xff, 0xa4, 0xef, 0xff, 0x70, 0x0,
    0x0, 0xf, 0xff, 0xff, 0xd0, 0xd, 0xff, 0xff,
    0xff, 0xf9, 0x0, 0x0, 0x0, 0xf, 0xff, 0xff,
    0xf2, 0x1, 0xef, 0xff, 0xff, 0xb0, 0x0, 0x0,
    0x0, 0xf, 0xff, 0xff, 0xd2, 0x6d, 0xff, 0xff,
    0xff, 0xfc, 0x72, 0x0, 0x0, 0x3f, 0xff, 0xff,
    0xcf, 0xff, 0xff, 0xff, 0xff, 0xff, 0xff, 0xd0,
    0x0, 0xa, 0xff, 0x8b, 0xff, 0xff, 0xff, 0x72,
    0x9f, 0xff, 0xff, 0xa0, 0x0, 0x0, 0xd6, 0x2,
    0xff, 0xfe, 0x70, 0x0, 0x2, 0x9f, 0xff, 0x30,
    0x0, 0x0, 0x0, 0x0, 0x7a, 0x40, 0x0, 0x0,
    0x0, 0x0, 0x6a, 0x0,

    /* U+8BC6 "识" */
    0x0, 0x0, 0x0, 0x0, 0x0, 0x0, 0x0, 0x0,
    0x0, 0x0, 0x0, 0x0, 0x6, 0xd1, 0x0, 0x2,
    0x22, 0x22, 0x22, 0x22, 0x22, 0x21, 0x0, 0x8,
    0xff, 0xb0, 0x0, 0xef, 0xff, 0xff, 0xff, 0xff,
    0xff, 0x70, 0x0, 0xbf, 0xff, 0x90, 0xe, 0xff,
    0xff, 0xff, 0xff, 0xff, 0xf7, 0x0, 0x1, 0xdf,
    0xff, 0x60, 0xef, 0xff, 0xff, 0xff, 0xff, 0xff,
    0x70, 0x0, 0x3, 0xff, 0xf3, 0xe, 0xff, 0x82,
    0x22, 0x22, 0xef, 0xf7, 0x0, 0x0, 0x6, 0xe3,
    0x0, 0xef, 0xf7, 0x0, 0x0, 0xe, 0xff, 0x70,
    0x1, 0x22, 0x23, 0x0, 0xe, 0xff, 0x70, 0x0,
    0x0, 0xef, 0xf7, 0x0, 0xef, 0xff, 0xf7, 0x0,
    0xef, 0xf7, 0x0, 0x0, 0xe, 0xff, 0x70, 0xe,
    0xff, 0xff, 0x70, 0xe, 0xff, 0x70, 0x0, 0x0,
    0xef, 0xf7, 0x0, 0xef, 0xff, 0xf7, 0x0, 0xef,
    0xf9, 0x44, 0x44, 0x4f, 0xff, 0x70, 0x4, 0x5f,
    0xff, 0x70, 0xe, 0xff, 0xff, 0xff, 0xff, 0xff,
    0xf7, 0x0, 0x0, 0xff, 0xf7, 0x0, 0xef, 0xff,
    0xff, 0xff, 0xff, 0xff, 0x70, 0x0, 0xf, 0xff,
    0x70, 0xe, 0xff, 0xff, 0xff, 0xff, 0xff, 0xf6,
    0x0, 0x0, 0xff, 0xf7, 0x20, 0x0, 0x97, 0x0,
    0x0, 0x29, 0x0, 0x0, 0x0, 0xf, 0xff, 0xae,
    0x10, 0x2f, 0xfc, 0x20, 0x5f, 0xf9, 0x0, 0x0,
    0x0, 0xff, 0xff, 0xf6, 0xc, 0xff, 0xf6, 0x1f,
    0xff, 0xf5, 0x0, 0x0, 0xf, 0xff, 0xff, 0xb7,
    0xff, 0xfc, 0x0, 0x6f, 0xff, 0xe1, 0x0, 0x1,
    0xff, 0xff, 0xe7, 0xff, 0xff, 0x20, 0x0, 0xbf,
    0xff, 0xc0, 0x0, 0x3f, 0xff, 0xe4, 0xef, 0xff,
    0x70, 0x0, 0x1, 0xef, 0xff, 0x70, 0x0, 0x5f,
    0xd2, 0xdf, 0xff, 0xb0, 0x0, 0x0, 0x5, 0xff,
    0xff, 0x20, 0x0, 0x51, 0x5, 0xff, 0xe1, 0x0,
    0x0, 0x0, 0xa, 0xff, 0x60, 0x0, 0x0, 0x0,
    0x4, 0xe3, 0x0, 0x0, 0x0, 0x0, 0x1d, 0x30,
    0x0, 0x0, 0x0, 0x0, 0x0, 0x0, 0x0, 0x0,
    0x0, 0x0, 0x0, 0x0,

    /* U+8BE6 "详" */
    0x0, 0x0, 0x0, 0x0, 0x0, 0x25, 0x0, 0x0,
    0x22, 0x0, 0x0, 0x0, 0x5e, 0x20, 0x0, 0x19,
    0xff, 0x30, 0x0, 0xcf, 0xc6, 0x0, 0x7, 0xff,
    0xe2, 0x0, 0x1f, 0xff, 0xd0, 0x5, 0xff, 0xfa,
    0x0, 0xd, 0xff, 0xfd, 0x10, 0x6, 0xff, 0xf5,
    0xe, 0xff, 0xf1, 0x0, 0x1, 0xef, 0xff, 0x94,
    0x56, 0xff, 0x95, 0xaf, 0xff, 0xb5, 0x52, 0x0,
    0x3f, 0xfb, 0xb, 0xff, 0xff, 0xff, 0xff, 0xff,
    0xff, 0xf6, 0x0, 0x6, 0x90, 0xb, 0xff, 0xff,
    0xff, 0xff, 0xff, 0xff, 0xf6, 0x0, 0x0, 0x0,
    0xb, 0xff, 0xff, 0xff, 0xff, 0xff, 0xff, 0xf5,
    0xef, 0xff, 0xf7, 0x0, 0x0, 0x0, 0x9f, 0xff,
    0x0, 0x0, 0x0, 0xef, 0xff, 0xf7, 0x2, 0xff,
    0xff, 0xff, 0xff, 0xff, 0xff, 0xc0, 0xef, 0xff,
    0xf7, 0x2, 0xff, 0xff, 0xff, 0xff, 0xff, 0xff,
    0xd0, 0x2, 0xff, 0xf7, 0x2, 0xff, 0xff, 0xff,
    0xff, 0xff, 0xff, 0xd0, 0x1, 0xff, 0xf7, 0x1,
    0x77, 0x77, 0xcf, 0xff, 0x87, 0x77, 0x60, 0x1,
    0xff, 0xf7, 0x0, 0x0, 0x0, 0x9f, 0xff, 0x0,
    0x0, 0x0, 0x1, 0xff, 0xf7, 0x3, 0x33, 0x33,
    0xaf, 0xff, 0x43, 0x33, 0x33, 0x1, 0xff, 0xf7,
    0x1f, 0xff, 0xff, 0xff, 0xff, 0xff, 0xff, 0xfe,
    0x1, 0xff, 0xf8, 0x7f, 0xff, 0xff, 0xff, 0xff,
    0xff, 0xff, 0xfe, 0x1, 0xff, 0xff, 0xff, 0xff,
    0xff, 0xff, 0xff, 0xff, 0xff, 0xfe, 0x1, 0xff,
    0xff, 0xf8, 0x11, 0x11, 0x9f, 0xff, 0x21, 0x11,
    0x11, 0x3, 0xff, 0xff, 0xf8, 0x0, 0x0, 0x9f,
    0xff, 0x0, 0x0, 0x0, 0x5, 0xff, 0xff, 0x70,
    0x0, 0x0, 0x9f, 0xff, 0x0, 0x0, 0x0, 0x0,
    0x8f, 0xe3, 0x0, 0x0, 0x0, 0x9f, 0xff, 0x0,
    0x0, 0x0, 0x0, 0x7, 0x10, 0x0, 0x0, 0x0,
    0x9f, 0xff, 0x0, 0x0, 0x0,

    /* U+8BF7 "请" */
    0x0, 0x28, 0x0, 0x0, 0x0, 0x1, 0xff, 0xf4,
    0x0, 0x0, 0x0, 0x6, 0xff, 0x30, 0x8b, 0xbb,
    0xbb, 0xff, 0xfc, 0xbb, 0xbb, 0xb2, 0x1f, 0xff,
    0xc0, 0xcf, 0xff, 0xff, 0xff, 0xff, 0xff, 0xff,
    0xf4, 0x9, 0xff, 0xf6, 0xcf, 0xff, 0xff, 0xff,
    0xff, 0xff, 0xff, 0xf4, 0x1, 0xef, 0xfc, 0x0,
    0x0, 0x2, 0xff, 0xf5, 0x0, 0x0, 0x0, 0x0,
    0x5f, 0x90, 0x6f, 0xff, 0xff, 0xff, 0xff, 0xff,
    0xff, 0xc0, 0x0, 0x3, 0x0, 0x6f, 0xff, 0xff,
    0xff, 0xff, 0xff, 0xff, 0xc0, 0x67, 0x77, 0x70,
    0x23, 0x33, 0x34, 0xff, 0xf7, 0x33, 0x33, 0x31,
    0xef, 0xff, 0xf3, 0xff, 0xff, 0xff, 0xff, 0xff,
    0xff, 0xff, 0xfa, 0xef, 0xff, 0xf3, 0xff, 0xff,
    0xff, 0xff, 0xff, 0xff, 0xff, 0xfa, 0xef, 0xff,
    0xf0, 0x44, 0x44, 0x44, 0x44, 0x44, 0x44, 0x44,
    0x42, 0x15, 0xff, 0xf0, 0x1f, 0xff, 0xff, 0xff,
    0xff, 0xff, 0xff, 0x70, 0x4, 0xff, 0xf0, 0x1f,
    0xff, 0xff, 0xff, 0xff, 0xff, 0xff, 0x70, 0x4,
    0xff, 0xf0, 0x1f, 0xff, 0x95, 0x55, 0x55, 0x5f,
    0xff, 0x70, 0x4, 0xff, 0xf0, 0x1f, 0xff, 0xee,
    0xee, 0xee, 0xef, 0xff, 0x70, 0x4, 0xff, 0xf1,
    0x2f, 0xff, 0xff, 0xff, 0xff, 0xff, 0xff, 0x70,
    0x4, 0xff, 0xfd, 0x4f, 0xff, 0x84, 0x44, 0x44,
    0x4f, 0xff, 0x70, 0x4, 0xff, 0xff, 0x7f, 0xff,
    0xff, 0xff, 0xff, 0xff, 0xff, 0x70, 0x4, 0xff,
    0xff, 0xaf, 0xff, 0xff, 0xff, 0xff, 0xff, 0xff,
    0x70, 0x6, 0xff, 0xff, 0x7f, 0xff, 0x73, 0x33,
    0x33, 0x3f, 0xff, 0x70, 0x6, 0xff, 0xf7, 0x1f,
    0xff, 0x50, 0x0, 0x78, 0x9f, 0xff, 0x60, 0x0,
    0xbf, 0x80, 0x1f, 0xff, 0x50, 0x0, 0xbf, 0xff,
    0xff, 0x30, 0x0, 0x28, 0x0, 0x1f, 0xff, 0x50,
    0x0, 0x8f, 0xff, 0xe8, 0x0,

    /* U+8F6C "转" */
    0x0, 0x0, 0x10, 0x0, 0x0, 0x0, 0x0, 0x0,
    0x0, 0x0, 0x0, 0x0, 0x8, 0xff, 0xd0, 0x0,
    0x0, 0xf, 0xff, 0x70, 0x0, 0x0, 0x0, 0xc,
    0xff, 0xa0, 0x0, 0x0, 0x2f, 0xff, 0x50, 0x0,
    0x0, 0xef, 0xff, 0xff, 0xff, 0xf6, 0xdd, 0xdf,
    0xff, 0xdd, 0xdd, 0xd2, 0xef, 0xff, 0xff, 0xff,
    0xf6, 0xff, 0xff, 0xff, 0xff, 0xff, 0xf3, 0xef,
    0xff, 0xff, 0xff, 0xf6, 0xff, 0xff, 0xff, 0xff,
    0xff, 0xf3, 0x23, 0xff, 0xf6, 0x22, 0x21, 0x55,
    0xff, 0xf9, 0x55, 0x55, 0x51, 0x6, 0xff, 0xed,
    0xea, 0x3, 0x45, 0xff, 0xf7, 0x44, 0x44, 0x42,
    0xc, 0xff, 0x9f, 0xfb, 0xc, 0xff, 0xff, 0xff,
    0xff, 0xff, 0xfb, 0x3f, 0xff, 0x2f, 0xfb, 0xc,
    0xff, 0xff, 0xff, 0xff, 0xff, 0xfb, 0xaf, 0xfe,
    0x7f, 0xfd, 0x7d, 0xff, 0xff, 0xff, 0xff, 0xff,
    0xfa, 0xbf, 0xff, 0xff, 0xff, 0xf4, 0x6f, 0xff,
    0x10, 0x0, 0x0, 0x0, 0xbf, 0xff, 0xff, 0xff,
    0xf4, 0xaf, 0xff, 0xff, 0xff, 0xff, 0xd0, 0x47,
    0x77, 0xdf, 0xfd, 0x71, 0xaf, 0xff, 0xff, 0xff,
    0xff, 0xe0, 0x0, 0x0, 0xbf, 0xfc, 0x31, 0xaf,
    0xff, 0xff, 0xff, 0xff, 0xe0, 0x1, 0x36, 0xdf,
    0xff, 0xf5, 0x25, 0x33, 0x33, 0x7f, 0xff, 0xa0,
    0xdf, 0xff, 0xff, 0xff, 0xf5, 0x2f, 0xa2, 0x1,
    0xef, 0xfd, 0x0, 0xcf, 0xff, 0xff, 0xff, 0xf6,
    0x8f, 0xff, 0xac, 0xff, 0xf3, 0x0, 0xaf, 0xff,
    0xff, 0xfd, 0x41, 0xef, 0xff, 0xff, 0xff, 0x70,
    0x0, 0x68, 0x52, 0xbf, 0xfb, 0x0, 0x18, 0xef,
    0xff, 0xff, 0xb3, 0x0, 0x0, 0x0, 0xbf, 0xfb,
    0x0, 0x0, 0x7, 0xff, 0xff, 0xff, 0x20, 0x0,
    0x0, 0xbf, 0xfb, 0x0, 0x0, 0x0, 0x18, 0xff,
    0xfc, 0x0, 0x0, 0x0, 0xbf, 0xfb, 0x0, 0x0,
    0x0, 0x0, 0x19, 0xf4, 0x0, 0x0, 0x0, 0x0,
    0x0, 0x0, 0x0, 0x0, 0x0, 0x0, 0x10, 0x0,

    /* U+8F83 "较" */
    0x0, 0x0, 0x0, 0x0, 0x0, 0x0, 0x0, 0x1,
    0x31, 0x0, 0x0, 0x0, 0x0, 0x1, 0xff, 0xf3,
    0x0, 0x0, 0x1, 0xef, 0xf8, 0x0, 0x0, 0x0,
    0x0, 0x5, 0xff, 0xf0, 0x0, 0x0, 0x0, 0xdf,
    0xfc, 0x0, 0x0, 0x0, 0xf, 0xff, 0xff, 0xff,
    0xfa, 0xaf, 0xff, 0xff, 0xff, 0xff, 0xff, 0x80,
    0xf, 0xff, 0xff, 0xff, 0xfa, 0xaf, 0xff, 0xff,
    0xff, 0xff, 0xff, 0x90, 0xf, 0xff, 0xff, 0xff,
    0xfa, 0xaf, 0xff, 0xff, 0xff, 0xff, 0xff, 0x90,
    0x1, 0x7f, 0xfd, 0x11, 0x10, 0x35, 0xcb, 0x55,
    0x59, 0xf7, 0x55, 0x20, 0x0, 0xbf, 0xfe, 0xdd,
    0x10, 0x2, 0xff, 0xb1, 0x6f, 0xfd, 0x0, 0x0,
    0x1, 0xff, 0xfa, 0xff, 0x10, 0xb, 0xff, 0xf2,
    0xaf, 0xff, 0x90, 0x0, 0x7, 0xff, 0xe7, 0xff,
    0x10, 0x6f, 0xff, 0x90, 0xd, 0xff, 0xf5, 0x0,
    0xd, 0xff, 0x98, 0xff, 0x33, 0xff, 0xfe, 0x10,
    0x3, 0xff, 0xff, 0x20, 0xe, 0xff, 0xff, 0xff,
    0xff, 0xff, 0xfd, 0x60, 0xb, 0xdf, 0xff, 0xc0,
    0xe, 0xff, 0xff, 0xff, 0xfe, 0xff, 0xff, 0xd0,
    0x4f, 0xff, 0xff, 0x50, 0xe, 0xff, 0xff, 0xff,
    0xf6, 0x6d, 0xff, 0xf5, 0xbf, 0xfd, 0xc4, 0x0,
    0x0, 0x0, 0x3f, 0xff, 0x10, 0x0, 0xcf, 0xfe,
    0xff, 0xf6, 0x0, 0x0, 0x0, 0x0, 0x3f, 0xff,
    0x9a, 0x50, 0x4f, 0xff, 0xff, 0xe0, 0x0, 0x0,
    0x8, 0xac, 0xef, 0xff, 0xff, 0x70, 0xa, 0xff,
    0xff, 0x50, 0x0, 0x0, 0xe, 0xff, 0xff, 0xff,
    0xff, 0x70, 0xb, 0xff, 0xff, 0x90, 0x0, 0x0,
    0xd, 0xff, 0xff, 0xff, 0xca, 0x43, 0xdf, 0xff,
    0xff, 0xfd, 0x40, 0x0, 0x9, 0xa8, 0x8f, 0xff,
    0x11, 0x9f, 0xff, 0xfd, 0xff, 0xff, 0xfc, 0x40,
    0x0, 0x0, 0x3f, 0xff, 0x2e, 0xff, 0xff, 0xb0,
    0x2d, 0xff, 0xff, 0x60, 0x0, 0x0, 0x3f, 0xff,
    0x14, 0xff, 0xf8, 0x0, 0x1, 0x9f, 0xfc, 0x0,
    0x0, 0x0, 0x3f, 0xff, 0x10, 0x7d, 0x30, 0x0,
    0x0, 0x3, 0xb2, 0x0, 0x0, 0x0, 0x0, 0x0,
    0x0, 0x0, 0x0, 0x0, 0x0, 0x0, 0x0, 0x0,

    /* U+8FBE "达" */
    0x0, 0x0, 0x0, 0x0, 0x0, 0x0, 0x0, 0x0,
    0x0, 0x0, 0x0, 0x0, 0x0, 0x6, 0xd1, 0x0,
    0x0, 0x0, 0xf, 0xff, 0x90, 0x0, 0x0, 0x0,
    0x0, 0x8f, 0xfc, 0x0, 0x0, 0x0, 0xf, 0xff,
    0x90, 0x0, 0x0, 0x0, 0x0, 0xdf, 0xff, 0xa0,
    0x0, 0x0, 0xf, 0xff, 0x90, 0x0, 0x0, 0x0,
    0x0, 0x2e, 0xff, 0xf9, 0x1, 0x11, 0x1f, 0xff,
    0xa1, 0x11, 0x11, 0x0, 0x0, 0x4, 0xff, 0xf9,
    0xaf, 0xff, 0xff, 0xff, 0xff, 0xff, 0xff, 0x0,
    0x0, 0x0, 0x6f, 0x70, 0xaf, 0xff, 0xff, 0xff,
    0xff, 0xff, 0xff, 0x0, 0x0, 0x0, 0x4, 0x0,
    0xaf, 0xff, 0xff, 0xff, 0xff, 0xff, 0xff, 0x0,
    0x8, 0xff, 0xff, 0xf1, 0x24, 0x44, 0x6f, 0xff,
    0x94, 0x44, 0x43, 0x0, 0x8, 0xff, 0xff, 0xf1,
    0x0, 0x0, 0x5f, 0xff, 0x50, 0x0, 0x0, 0x0,
    0x8, 0xff, 0xff, 0xf1, 0x0, 0x0, 0xaf, 0xff,
    0xa0, 0x0, 0x0, 0x0, 0x3, 0x6a, 0xff, 0xf1,
    0x0, 0x1, 0xff, 0xff, 0xf9, 0x0, 0x0, 0x0,
    0x0, 0x7, 0xff, 0xf1, 0x0, 0xa, 0xff, 0xff,
    0xff, 0x90, 0x0, 0x0, 0x0, 0x7, 0xff, 0xf1,
    0x0, 0x8f, 0xff, 0xff, 0xff, 0xf9, 0x0, 0x0,
    0x0, 0x7, 0xff, 0xf1, 0x9, 0xff, 0xff, 0x76,
    0xff, 0xff, 0x90, 0x0, 0x0, 0x7, 0xff, 0xf2,
    0xcf, 0xff, 0xfb, 0x0, 0x7f, 0xff, 0xf9, 0x0,
    0x0, 0x7, 0xff, 0xf2, 0xdf, 0xff, 0xd1, 0x0,
    0x9, 0xff, 0xfc, 0x0, 0x0, 0xb, 0xff, 0xf4,
    0x3f, 0xfc, 0x10, 0x0, 0x0, 0xbf, 0xd1, 0x0,
    0x0, 0xbf, 0xff, 0xfe, 0x57, 0x90, 0x0, 0x0,
    0x0, 0xa, 0x10, 0x0, 0xd, 0xff, 0xff, 0xff,
    0xfe, 0xa9, 0x88, 0x88, 0x88, 0x88, 0x88, 0x80,
    0xc, 0xff, 0xfc, 0xff, 0xff, 0xff, 0xff, 0xff,
    0xff, 0xff, 0xff, 0xe0, 0x4, 0xff, 0x70, 0x7f,
    0xff, 0xff, 0xff, 0xff, 0xff, 0xff, 0xff, 0xb0,
    0x0, 0xc6, 0x0, 0x2, 0x9c, 0xef, 0xff, 0xff,
    0xff, 0xff, 0xff, 0x80, 0x0, 0x10, 0x0, 0x0,
    0x0, 0x0, 0x0, 0x0, 0x0, 0x0, 0x0, 0x0,

    /* U+8FC7 "过" */
    0x0, 0x0, 0x0, 0x0, 0x0, 0x0, 0x0, 0x0,
    0x0, 0x0, 0x0, 0x0, 0x0, 0x5d, 0x0, 0x0,
    0x0, 0x0, 0x0, 0xf, 0xff, 0xa0, 0x0, 0x0,
    0x7f, 0xf9, 0x0, 0x0, 0x0, 0x0, 0x0, 0xff,
    0xfa, 0x0, 0x0, 0xd, 0xff, 0xf5, 0x0, 0x0,
    0x0, 0x0, 0xf, 0xff, 0xa0, 0x0, 0x0, 0x2f,
    0xff, 0xe1, 0x67, 0x77, 0x77, 0x77, 0xff, 0xfc,
    0x77, 0x10, 0x0, 0x7f, 0xff, 0x9e, 0xff, 0xff,
    0xff, 0xff, 0xff, 0xff, 0xf3, 0x0, 0x0, 0xcf,
    0xb0, 0xef, 0xff, 0xff, 0xff, 0xff, 0xff, 0xff,
    0x30, 0x0, 0x1, 0x70, 0xe, 0xff, 0xff, 0xff,
    0xff, 0xff, 0xff, 0xf3, 0x0, 0x0, 0x0, 0x0,
    0x22, 0x63, 0x22, 0x22, 0xff, 0xfb, 0x22, 0x0,
    0xff, 0xff, 0xff, 0x10, 0x8f, 0xa0, 0x0, 0xf,
    0xff, 0xa0, 0x0, 0xf, 0xff, 0xff, 0xf1, 0x9f,
    0xff, 0x80, 0x0, 0xff, 0xfa, 0x0, 0x0, 0xff,
    0xff, 0xff, 0x11, 0xef, 0xff, 0x50, 0xf, 0xff,
    0xa0, 0x0, 0x9, 0x9c, 0xff, 0xf1, 0x4, 0xff,
    0xff, 0x20, 0xff, 0xfa, 0x0, 0x0, 0x0, 0x8f,
    0xff, 0x10, 0x8, 0xff, 0x60, 0xf, 0xff, 0xa0,
    0x0, 0x0, 0x8, 0xff, 0xf1, 0x0, 0xa, 0x20,
    0x0, 0xff, 0xfa, 0x0, 0x0, 0x0, 0x8f, 0xff,
    0x10, 0x0, 0x0, 0x0, 0x2f, 0xff, 0xa0, 0x0,
    0x0, 0x8, 0xff, 0xf1, 0x0, 0x9, 0xff, 0xff,
    0xff, 0xf9, 0x0, 0x0, 0x0, 0x9f, 0xff, 0x10,
    0x0, 0x6f, 0xff, 0xff, 0xff, 0x60, 0x0, 0x0,
    0x6f, 0xff, 0xf6, 0x0, 0x2, 0xff, 0xff, 0xff,
    0xd1, 0x0, 0x0, 0x7f, 0xff, 0xff, 0xf4, 0x0,
    0x5, 0x55, 0x55, 0x30, 0x0, 0x0, 0x1f, 0xff,
    0xff, 0xff, 0xfb, 0x75, 0x55, 0x55, 0x55, 0x55,
    0x55, 0x20, 0xcf, 0xfd, 0xcf, 0xff, 0xff, 0xff,
    0xff, 0xff, 0xff, 0xff, 0xf6, 0x7, 0xfd, 0x10,
    0xaf, 0xff, 0xff, 0xff, 0xff, 0xff, 0xff, 0xff,
    0x30, 0x3d, 0x10, 0x0, 0x49, 0xde, 0xff, 0xff,
    0xff, 0xff, 0xff, 0xf0, 0x0, 0x10, 0x0, 0x0,
    0x0, 0x0, 0x0, 0x0, 0x0, 0x0, 0x0, 0x0,

    /* U+8FD0 "运" */
    0x0, 0x0, 0x0, 0x0, 0x0, 0x0, 0x0, 0x0,
    0x0, 0x0, 0x0, 0x0, 0x3c, 0x10, 0x0, 0x0,
    0x0, 0x0, 0x0, 0x0, 0x0, 0x0, 0x5, 0xff,
    0xc0, 0x0, 0xff, 0xff, 0xff, 0xff, 0xff, 0xff,
    0x90, 0xd, 0xff, 0xfa, 0x0, 0xff, 0xff, 0xff,
    0xff, 0xff, 0xff, 0x90, 0x3, 0xff, 0xff, 0x70,
    0xff, 0xff, 0xff, 0xff, 0xff, 0xff, 0x90, 0x0,
    0x5f, 0xff, 0x50, 0x55, 0x55, 0x55, 0x55, 0x55,
    0x55, 0x30, 0x0, 0x9, 0xf3, 0x0, 0x0, 0x0,
    0x0, 0x0, 0x0, 0x0, 0x0, 0x0, 0x0, 0x20,
    0x2, 0x22, 0x22, 0x22, 0x22, 0x22, 0x22, 0x21,
    0x0, 0x0, 0x0, 0x3f, 0xff, 0xff, 0xff, 0xff,
    0xff, 0xff, 0xfd, 0xbf, 0xff, 0xfe, 0x3f, 0xff,
    0xff, 0xff, 0xff, 0xff, 0xff, 0xfd, 0xbf, 0xff,
    0xfe, 0x3f, 0xff, 0xff, 0xff, 0xff, 0xff, 0xff,
    0xfd, 0xbf, 0xff, 0xfe, 0x15, 0x55, 0xdf, 0xff,
    0x75, 0x5a, 0x75, 0x54, 0x79, 0xdf, 0xfe, 0x0,
    0x4, 0xff, 0xfb, 0x2, 0xbf, 0x90, 0x0, 0x0,
    0xaf, 0xfe, 0x0, 0xd, 0xff, 0xf3, 0xa, 0xff,
    0xf2, 0x0, 0x0, 0xaf, 0xfe, 0x0, 0x8f, 0xff,
    0x90, 0x2, 0xff, 0xfa, 0x0, 0x0, 0xaf, 0xfe,
    0x4, 0xff, 0xfe, 0x34, 0x57, 0xef, 0xff, 0x30,
    0x0, 0xaf, 0xfe, 0xa, 0xff, 0xff, 0xff, 0xff,
    0xff, 0xff, 0xc0, 0x0, 0xaf, 0xfe, 0x6, 0xff,
    0xff, 0xff, 0xff, 0xff, 0xff, 0xf5, 0x2, 0xdf,
    0xff, 0x12, 0xff, 0xff, 0xff, 0xff, 0xed, 0xff,
    0xf7, 0x3e, 0xff, 0xff, 0xd3, 0x77, 0x54, 0x32,
    0x0, 0x0, 0x9d, 0x30, 0x9f, 0xff, 0xff, 0xff,
    0xc9, 0x76, 0x66, 0x66, 0x66, 0x76, 0x65, 0x5f,
    0xff, 0xdf, 0xff, 0xff, 0xff, 0xff, 0xff, 0xff,
    0xff, 0xfb, 0x1f, 0xf5, 0x9, 0xff, 0xff, 0xff,
    0xff, 0xff, 0xff, 0xff, 0xf9, 0xc, 0x30, 0x0,
    0x29, 0xce, 0xff, 0xff, 0xff, 0xff, 0xff, 0xf7,
    0x0, 0x0, 0x0, 0x0, 0x0, 0x0, 0x0, 0x0,
    0x0, 0x0, 0x0,

    /* U+9001 "送" */
    0x0, 0x0, 0x0, 0x0, 0x0, 0x0, 0x0, 0x0,
    0x0, 0x0, 0x0, 0x0, 0x3, 0x0, 0x0, 0x2,
    0xa9, 0x0, 0x0, 0x5b, 0x10, 0x0, 0x2, 0xdf,
    0x20, 0x0, 0x6f, 0xff, 0x40, 0x1, 0xef, 0xf6,
    0x0, 0x3f, 0xff, 0xd0, 0x0, 0x2f, 0xff, 0xe0,
    0xa, 0xff, 0xf4, 0x0, 0xb, 0xff, 0xfa, 0x0,
    0x7, 0xff, 0xe3, 0x6f, 0xff, 0x80, 0x0, 0x1,
    0xdf, 0xff, 0x69, 0xff, 0xff, 0xff, 0xff, 0xff,
    0xff, 0xe0, 0x0, 0x3f, 0xfb, 0x19, 0xff, 0xff,
    0xff, 0xff, 0xff, 0xff, 0xe0, 0x0, 0x7, 0x80,
    0x9, 0xff, 0xff, 0xff, 0xff, 0xff, 0xff, 0xe0,
    0x0, 0x0, 0x0, 0x2, 0x44, 0x45, 0xff, 0xfa,
    0x44, 0x44, 0x40, 0xbf, 0xff, 0xfd, 0x0, 0x0,
    0x1, 0xff, 0xf8, 0x0, 0x0, 0x0, 0xcf, 0xff,
    0xfe, 0x24, 0x44, 0x45, 0xff, 0xfa, 0x44, 0x44,
    0x41, 0xcf, 0xff, 0xfe, 0x8f, 0xff, 0xff, 0xff,
    0xff, 0xff, 0xff, 0xf6, 0xbe, 0xff, 0xfe, 0x8f,
    0xff, 0xff, 0xff, 0xff, 0xff, 0xff, 0xf6, 0x0,
    0x9f, 0xfe, 0x7e, 0xee, 0xef, 0xff, 0xff, 0xee,
    0xee, 0xe6, 0x0, 0x9f, 0xfe, 0x0, 0x0, 0xd,
    0xff, 0xff, 0x80, 0x0, 0x0, 0x0, 0x9f, 0xfe,
    0x0, 0x0, 0xaf, 0xff, 0xff, 0xfb, 0x10, 0x0,
    0x0, 0x9f, 0xfe, 0x0, 0x3c, 0xff, 0xff, 0xff,
    0xff, 0xe3, 0x0, 0x0, 0x9f, 0xfe, 0xa, 0xff,
    0xff, 0xf7, 0x2d, 0xff, 0xff, 0x60, 0x2, 0xef,
    0xff, 0x6, 0xff, 0xff, 0x60, 0x1, 0xcf, 0xff,
    0xb0, 0x3e, 0xff, 0xff, 0xc2, 0xbf, 0xb2, 0x0,
    0x0, 0xa, 0xfd, 0x10, 0x9f, 0xff, 0xff, 0xff,
    0xee, 0x87, 0x77, 0x77, 0x77, 0xea, 0x75, 0x4f,
    0xff, 0xef, 0xff, 0xff, 0xff, 0xff, 0xff, 0xff,
    0xff, 0xf9, 0xf, 0xf5, 0x1c, 0xff, 0xff, 0xff,
    0xff, 0xff, 0xff, 0xff, 0xf6, 0xa, 0x60, 0x0,
    0x4a, 0xde, 0xff, 0xff, 0xff, 0xff, 0xff, 0xf3,
    0x1, 0x0, 0x0, 0x0, 0x0, 0x0, 0x0, 0x0,
    0x0, 0x0, 0x0,

    /* U+901A "通" */
    0x0, 0x0, 0x0, 0x0, 0x0, 0x0, 0x0, 0x0,
    0x0, 0x0, 0x0, 0x0, 0x8, 0xf2, 0x3, 0xff,
    0xff, 0xff, 0xff, 0xff, 0xff, 0xfe, 0x0, 0xd,
    0xff, 0xc0, 0x3f, 0xff, 0xff, 0xff, 0xff, 0xff,
    0xff, 0xe0, 0x0, 0x8f, 0xff, 0x82, 0xbb, 0xbf,
    0xfb, 0xbb, 0xcf, 0xff, 0xfe, 0x0, 0x0, 0xdf,
    0xff, 0x30, 0x6, 0xff, 0xd3, 0x5e, 0xff, 0xfc,
    0x20, 0x0, 0x4, 0xff, 0xf7, 0x0, 0x3d, 0xff,
    0xff, 0xff, 0xf7, 0x0, 0x0, 0x0, 0xb, 0xa2,
    0x2d, 0xdd, 0xef, 0xff, 0xff, 0xfe, 0xdd, 0xd5,
    0x0, 0x0, 0x0, 0x2, 0xff, 0xff, 0xff, 0xff,
    0xff, 0xff, 0xff, 0x60, 0xcf, 0xff, 0xf7, 0x2f,
    0xff, 0xcc, 0xef, 0xfe, 0xcc, 0xff, 0xf6, 0xd,
    0xff, 0xff, 0x82, 0xff, 0xf4, 0x3b, 0xff, 0xb3,
    0x3e, 0xff, 0x60, 0xdf, 0xff, 0xf8, 0x2f, 0xff,
    0xff, 0xff, 0xff, 0xff, 0xff, 0xf6, 0x8, 0x9f,
    0xff, 0x82, 0xff, 0xff, 0xff, 0xff, 0xff, 0xff,
    0xff, 0x60, 0x0, 0xff, 0xf8, 0x2f, 0xff, 0x10,
    0xaf, 0xfa, 0x0, 0xdf, 0xf6, 0x0, 0xf, 0xff,
    0x82, 0xff, 0xff, 0xff, 0xff, 0xff, 0xff, 0xff,
    0x60, 0x0, 0xff, 0xf8, 0x2f, 0xff, 0xff, 0xff,
    0xff, 0xff, 0xff, 0xf6, 0x0, 0xf, 0xff, 0x82,
    0xff, 0xf5, 0x5c, 0xff, 0xc5, 0x5e, 0xff, 0x60,
    0x0, 0xff, 0xf8, 0x2f, 0xff, 0x0, 0xaf, 0xfb,
    0x67, 0xff, 0xf5, 0x0, 0x6f, 0xff, 0xc3, 0xff,
    0xf0, 0xa, 0xff, 0xae, 0xff, 0xff, 0x30, 0x8f,
    0xff, 0xff, 0xe8, 0x66, 0x0, 0x24, 0x43, 0x9f,
    0xfd, 0x70, 0xc, 0xff, 0xff, 0xff, 0xf9, 0x54,
    0x44, 0x44, 0x44, 0x44, 0x44, 0x40, 0x6f, 0xfd,
    0xff, 0xff, 0xff, 0xff, 0xff, 0xff, 0xff, 0xff,
    0xff, 0x11, 0xfe, 0x13, 0xef, 0xff, 0xff, 0xff,
    0xff, 0xff, 0xff, 0xff, 0xe0, 0xb, 0x20, 0x0,
    0x6b, 0xef, 0xff, 0xff, 0xff, 0xff, 0xff, 0xfb,
    0x0, 0x0, 0x0, 0x0, 0x0, 0x0, 0x0, 0x0,
    0x0, 0x0, 0x0, 0x0,

    /* U+901F "速" */
    0x0, 0x2, 0xa0, 0x0, 0x0, 0x0, 0xe, 0xff,
    0x70, 0x0, 0x0, 0x0, 0x0, 0x4e, 0xf6, 0x0,
    0x0, 0x0, 0xe, 0xff, 0x70, 0x0, 0x0, 0x0,
    0x3, 0xff, 0xfe, 0x8, 0xff, 0xff, 0xff, 0xff,
    0xff, 0xff, 0xff, 0xa0, 0x0, 0xcf, 0xff, 0x79,
    0xff, 0xff, 0xff, 0xff, 0xff, 0xff, 0xff, 0xb0,
    0x0, 0x3f, 0xff, 0xe9, 0xff, 0xff, 0xff, 0xff,
    0xff, 0xff, 0xff, 0xb0, 0x0, 0xa, 0xff, 0xe3,
    0x0, 0x0, 0xe, 0xff, 0x80, 0x0, 0x0, 0x0,
    0x0, 0x1, 0xe7, 0x0, 0xcc, 0xcc, 0xcf, 0xff,
    0xec, 0xcc, 0xcb, 0x0, 0x0, 0x0, 0x0, 0x0,
    0xff, 0xff, 0xff, 0xff, 0xff, 0xff, 0xfe, 0x0,
    0xb, 0xdd, 0xdd, 0x60, 0xff, 0xff, 0xff, 0xff,
    0xff, 0xff, 0xfe, 0x0, 0xe, 0xff, 0xff, 0x80,
    0xff, 0xf3, 0xe, 0xff, 0x70, 0x5f, 0xfe, 0x0,
    0xe, 0xff, 0xff, 0x80, 0xff, 0xfc, 0xbf, 0xff,
    0xdb, 0xcf, 0xfe, 0x0, 0x7, 0x8f, 0xff, 0x80,
    0xff, 0xff, 0xff, 0xff, 0xff, 0xff, 0xfe, 0x0,
    0x0, 0xf, 0xff, 0x80, 0xff, 0xff, 0xff, 0xff,
    0xff, 0xff, 0xfe, 0x0, 0x0, 0xf, 0xff, 0x80,
    0x0, 0x6f, 0xff, 0xff, 0xff, 0xc3, 0x0, 0x0,
    0x0, 0xf, 0xff, 0x80, 0x3b, 0xff, 0xff, 0xff,
    0xff, 0xff, 0x91, 0x0, 0x0, 0xf, 0xff, 0x8b,
    0xff, 0xff, 0xcf, 0xff, 0xdf, 0xff, 0xfe, 0x30,
    0x0, 0x1f, 0xff, 0x98, 0xff, 0xfb, 0xe, 0xff,
    0x74, 0xef, 0xfe, 0x0, 0x0, 0xbf, 0xff, 0xf5,
    0xdf, 0x80, 0xd, 0xff, 0x70, 0x1c, 0xf4, 0x0,
    0x8, 0xff, 0xff, 0xff, 0xd5, 0x0, 0x0, 0x0,
    0x0, 0x0, 0x50, 0x0, 0xf, 0xff, 0xff, 0xff,
    0xfe, 0x74, 0x44, 0x44, 0x44, 0x44, 0x44, 0x40,
    0xa, 0xff, 0xdf, 0xff, 0xff, 0xff, 0xff, 0xff,
    0xff, 0xff, 0xff, 0xe0, 0x5, 0xfd, 0x13, 0xef,
    0xff, 0xff, 0xff, 0xff, 0xff, 0xff, 0xff, 0xb0,
    0x0, 0xd1, 0x0, 0x7, 0xce, 0xff, 0xff, 0xff,
    0xff, 0xff, 0xff, 0x70, 0x0, 0x0, 0x0, 0x0,
    0x0, 0x0, 0x0, 0x0, 0x0, 0x0, 0x0, 0x0,

    /* U+90E8 "部" */
    0x0, 0x0, 0x0, 0x0, 0x0, 0x0, 0x0, 0x0,
    0x0, 0x0, 0x0, 0x0, 0x0, 0x7, 0xce, 0xc0,
    0x0, 0x0, 0x0, 0x0, 0x0, 0x0, 0x0, 0x0,
    0x0, 0x9f, 0xff, 0x0, 0x0, 0x4f, 0xff, 0xff,
    0xff, 0xfe, 0x1, 0x22, 0x28, 0xff, 0xf3, 0x22,
    0x24, 0xff, 0xff, 0xff, 0xff, 0xe0, 0x6f, 0xff,
    0xff, 0xff, 0xff, 0xfc, 0x4f, 0xff, 0xff, 0xff,
    0xfe, 0x6, 0xff, 0xff, 0xff, 0xff, 0xff, 0xc4,
    0xff, 0xf6, 0x6d, 0xff, 0xd0, 0x5e, 0xff, 0xfe,
    0xee, 0xff, 0xfb, 0x4f, 0xff, 0x0, 0xff, 0xf8,
    0x0, 0x2f, 0xff, 0x20, 0x6f, 0xfe, 0x4, 0xff,
    0xf0, 0x4f, 0xff, 0x20, 0x0, 0xef, 0xf6, 0xc,
    0xff, 0x90, 0x4f, 0xff, 0x8, 0xff, 0xb0, 0x3,
    0x3b, 0xff, 0xa5, 0xff, 0xf6, 0x35, 0xff, 0xf0,
    0xdf, 0xf5, 0x0, 0xef, 0xff, 0xff, 0xff, 0xff,
    0xff, 0x8f, 0xff, 0x2f, 0xff, 0x0, 0xe, 0xff,
    0xff, 0xff, 0xff, 0xff, 0xf8, 0xff, 0xf7, 0xff,
    0xf7, 0x0, 0xbc, 0xcc, 0xcc, 0xcc, 0xcc, 0xcc,
    0x7f, 0xff, 0x2e, 0xff, 0xf1, 0x0, 0x0, 0x0,
    0x0, 0x0, 0x0, 0x4, 0xff, 0xf0, 0x4f, 0xff,
    0x70, 0x1f, 0xff, 0xff, 0xff, 0xff, 0xf8, 0x4f,
    0xff, 0x0, 0xbf, 0xfc, 0x1, 0xff, 0xff, 0xff,
    0xff, 0xff, 0x84, 0xff, 0xf0, 0x6, 0xff, 0xf0,
    0x1f, 0xff, 0xff, 0xff, 0xff, 0xf8, 0x4f, 0xff,
    0x0, 0x4f, 0xff, 0x1, 0xff, 0xf3, 0x0, 0xd,
    0xff, 0x84, 0xff, 0xf1, 0x2b, 0xff, 0xf0, 0x1f,
    0xff, 0x30, 0x0, 0xdf, 0xf8, 0x4f, 0xff, 0xbf,
    0xff, 0xfc, 0x1, 0xff, 0xfe, 0xee, 0xef, 0xff,
    0x84, 0xff, 0xf8, 0xff, 0xff, 0x60, 0x1f, 0xff,
    0xff, 0xff, 0xff, 0xf8, 0x4f, 0xff, 0x4f, 0xfd,
    0x60, 0x1, 0xff, 0xff, 0xff, 0xff, 0xff, 0x84,
    0xff, 0xf0, 0x0, 0x0, 0x0, 0x1f, 0xff, 0x52,
    0x22, 0x22, 0x21, 0x4f, 0xff, 0x0, 0x0, 0x0,
    0x1, 0xff, 0xf3, 0x0, 0x0, 0x0, 0x4, 0xff,
    0xf0, 0x0, 0x0, 0x0,

    /* U+95F4 "间" */
    0x0, 0xb, 0x30, 0x0, 0x0, 0x0, 0x0, 0x0,
    0x0, 0x0, 0x0, 0x0, 0xcf, 0xf4, 0x5, 0xff,
    0xff, 0xff, 0xff, 0xff, 0xff, 0xf1, 0x8, 0xff,
    0xff, 0x45, 0xff, 0xff, 0xff, 0xff, 0xff, 0xff,
    0xf1, 0x0, 0xcf, 0xff, 0xf7, 0xff, 0xff, 0xff,
    0xff, 0xff, 0xff, 0xf1, 0x0, 0x1d, 0xff, 0x92,
    0x66, 0x66, 0x66, 0x66, 0x6a, 0xff, 0xf1, 0x0,
    0x2, 0xeb, 0x0, 0x0, 0x0, 0x0, 0x0, 0x7,
    0xff, 0xf1, 0x5, 0x55, 0x54, 0xee, 0xee, 0xee,
    0xee, 0xee, 0x47, 0xff, 0xf1, 0x1f, 0xff, 0x64,
    0xff, 0xff, 0xff, 0xff, 0xff, 0x47, 0xff, 0xf1,
    0x1f, 0xff, 0x64, 0xff, 0xff, 0xff, 0xff, 0xff,
    0x47, 0xff, 0xf1, 0x1f, 0xff, 0x64, 0xff, 0xf1,
    0x0, 0xf, 0xff, 0x47, 0xff, 0xf1, 0x1f, 0xff,
    0x64, 0xff, 0xf1, 0x0, 0xf, 0xff, 0x47, 0xff,
    0xf1, 0x1f, 0xff, 0x64, 0xff, 0xff, 0xff, 0xff,
    0xff, 0x47, 0xff, 0xf1, 0x1f, 0xff, 0x64, 0xff,
    0xff, 0xff, 0xff, 0xff, 0x47, 0xff, 0xf1, 0x1f,
    0xff, 0x64, 0xff, 0xfd, 0xdd, 0xdf, 0xff, 0x47,
    0xff, 0xf1, 0x1f, 0xff, 0x64, 0xff, 0xf1, 0x0,
    0xf, 0xff, 0x47, 0xff, 0xf1, 0x1f, 0xff, 0x64,
    0xff, 0xf3, 0x22, 0x2f, 0xff, 0x47, 0xff, 0xf1,
    0x1f, 0xff, 0x64, 0xff, 0xff, 0xff, 0xff, 0xff,
    0x47, 0xff, 0xf1, 0x1f, 0xff, 0x64, 0xff, 0xff,
    0xff, 0xff, 0xff, 0x47, 0xff, 0xf1, 0x1f, 0xff,
    0x64, 0xff, 0xff, 0xff, 0xff, 0xff, 0x47, 0xff,
    0xf1, 0x1f, 0xff, 0x60, 0x0, 0x0, 0x0, 0x3,
    0x55, 0x5d, 0xff, 0xf0, 0x1f, 0xff, 0x60, 0x0,
    0x0, 0x0, 0x8, 0xff, 0xff, 0xff, 0xf0, 0x1f,
    0xff, 0x60, 0x0, 0x0, 0x0, 0x4, 0xff, 0xff,
    0xff, 0xa0, 0x1f, 0xff, 0x60, 0x0, 0x0, 0x0,
    0x1, 0xff, 0xff, 0xe9, 0x10,

    /* U+9608 "阈" */
    0x0, 0x0, 0x0, 0x0, 0x0, 0x0, 0x0, 0x0,
    0x0, 0x0, 0x0, 0x0, 0x8b, 0x0, 0x0, 0x0,
    0x0, 0x0, 0x0, 0x0, 0x0, 0x0, 0x1b, 0xff,
    0x80, 0x6f, 0xff, 0xff, 0xff, 0xff, 0xff, 0xff,
    0xf1, 0xd, 0xff, 0xf5, 0x6f, 0xff, 0xff, 0xff,
    0xff, 0xff, 0xff, 0xf1, 0x3, 0xff, 0xfd, 0x6f,
    0xff, 0xff, 0xff, 0xff, 0xff, 0xff, 0xf1, 0x0,
    0x8f, 0xb1, 0x0, 0x0, 0x5, 0x65, 0x2, 0x30,
    0xff, 0xf1, 0x0, 0x6, 0x0, 0x0, 0x0, 0xc,
    0xfe, 0x5f, 0xd0, 0xff, 0xf1, 0x9, 0x99, 0x29,
    0x99, 0x99, 0x9e, 0xff, 0xaf, 0xf5, 0xff, 0xf1,
    0x1f, 0xff, 0x4f, 0xff, 0xff, 0xff, 0xff, 0xff,
    0xf9, 0xff, 0xf1, 0x1f, 0xff, 0x4f, 0xff, 0xff,
    0xff, 0xff, 0xff, 0xf9, 0xff, 0xf1, 0x1f, 0xff,
    0x13, 0x33, 0x33, 0x3a, 0xff, 0x16, 0x10, 0xff,
    0xf1, 0x1f, 0xff, 0x2f, 0xff, 0xff, 0xe9, 0xff,
    0x2f, 0xd3, 0xff, 0xf1, 0x1f, 0xff, 0x2f, 0xff,
    0xff, 0xe8, 0xff, 0xaf, 0xf2, 0xff, 0xf1, 0x1f,
    0xff, 0x2f, 0xf7, 0x9f, 0xe7, 0xff, 0xff, 0xb0,
    0xff, 0xf1, 0x1f, 0xff, 0x2f, 0xf4, 0x8f, 0xe5,
    0xff, 0xff, 0x40, 0xff, 0xf1, 0x1f, 0xff, 0x2f,
    0xff, 0xff, 0xe3, 0xff, 0xfc, 0x30, 0xff, 0xf1,
    0x1f, 0xff, 0x2f, 0xff, 0xff, 0xe0, 0xff, 0xf4,
    0xdb, 0xff, 0xf1, 0x1f, 0xff, 0x14, 0x44, 0x46,
    0x65, 0xff, 0xf1, 0xfe, 0xff, 0xf1, 0x1f, 0xff,
    0x6b, 0xde, 0xff, 0xff, 0xff, 0xfe, 0xf9, 0xff,
    0xf1, 0x1f, 0xff, 0x7f, 0xff, 0xff, 0xff, 0xff,
    0xff, 0xf4, 0xff, 0xf1, 0x1f, 0xff, 0x6f, 0xec,
    0xa8, 0xbf, 0xc6, 0xff, 0xb1, 0xff, 0xf0, 0x1f,
    0xff, 0x10, 0x0, 0x0, 0xd, 0x20, 0x38, 0x49,
    0xff, 0xf0, 0x1f, 0xff, 0x10, 0x0, 0x0, 0x0,
    0x0, 0x1f, 0xff, 0xff, 0xb0, 0x1f, 0xff, 0x10,
    0x0, 0x0, 0x0, 0x0, 0xe, 0xff, 0xea, 0x10,

    /* U+97F5 "韵" */
    0x0, 0x1, 0x69, 0xb0, 0x0, 0x0, 0xd, 0x95,
    0x0, 0x0, 0x0, 0x0, 0x3, 0xff, 0xf3, 0x0,
    0x0, 0x4f, 0xff, 0x10, 0x0, 0x0, 0x7f, 0xff,
    0xff, 0xff, 0xff, 0xb0, 0xaf, 0xfb, 0x0, 0x0,
    0x0, 0x7f, 0xff, 0xff, 0xff, 0xff, 0xb1, 0xff,
    0xff, 0xee, 0xee, 0xe3, 0x7f, 0xff, 0xff, 0xff,
    0xff, 0xa7, 0xff, 0xff, 0xff, 0xff, 0xf3, 0x0,
    0xff, 0xe0, 0x5f, 0xf9, 0xe, 0xff, 0xff, 0xff,
    0xff, 0xf2, 0x0, 0xef, 0xf0, 0x8f, 0xf7, 0x7f,
    0xff, 0x66, 0x67, 0xff, 0xf2, 0x23, 0xdf, 0xf4,
    0xbf, 0xf6, 0xdf, 0xf9, 0x0, 0x2, 0xff, 0xf2,
    0xef, 0xff, 0xff, 0xff, 0xff, 0xf3, 0xb6, 0x80,
    0x2, 0xff, 0xf1, 0xef, 0xff, 0xff, 0xff, 0xff,
    0xf0, 0x5f, 0xf7, 0x3, 0xff, 0xf1, 0xab, 0xbb,
    0xbb, 0xbb, 0xbb, 0xa0, 0xcf, 0xff, 0x53, 0xff,
    0xf1, 0x17, 0x77, 0x77, 0x77, 0x77, 0x20, 0x1d,
    0xff, 0x73, 0xff, 0xf0, 0x3f, 0xff, 0xff, 0xff,
    0xff, 0x50, 0x2, 0xd4, 0x5d, 0xff, 0xf0, 0x3f,
    0xff, 0xff, 0xff, 0xff, 0x50, 0x0, 0x5d, 0xff,
    0xff, 0xf0, 0x3f, 0xff, 0x44, 0x4e, 0xff, 0x50,
    0x5d, 0xff, 0xff, 0xff, 0xf0, 0x3f, 0xff, 0xcc,
    0xcf, 0xff, 0x9d, 0xff, 0xff, 0xfd, 0xff, 0xf0,
    0x3f, 0xff, 0xff, 0xff, 0xff, 0xbf, 0xff, 0xfb,
    0x36, 0xff, 0xf0, 0x3f, 0xff, 0xff, 0xff, 0xff,
    0x5e, 0xfd, 0x40, 0x6, 0xff, 0xe0, 0x3f, 0xff,
    0x0, 0xe, 0xff, 0x56, 0x70, 0x0, 0x7, 0xff,
    0xe0, 0x3f, 0xff, 0xff, 0xff, 0xff, 0x50, 0x3,
    0x55, 0x5d, 0xff, 0xd0, 0x3f, 0xff, 0xff, 0xff,
    0xff, 0x50, 0x8, 0xff, 0xff, 0xff, 0xb0, 0x3f,
    0xff, 0xff, 0xff, 0xff, 0x50, 0x5, 0xff, 0xff,
    0xff, 0x60, 0x3f, 0xff, 0x0, 0x0, 0x0, 0x0,
    0x2, 0xff, 0xff, 0xd7, 0x0,

    /* U+FF0C "，" */
    0x1, 0x11, 0x10, 0x9f, 0xff, 0xf3, 0x9f, 0xff,
    0xf3, 0x9f, 0xff, 0xf3, 0x9f, 0xff, 0xf3, 0x6b,
    0xbf, 0xf3, 0x0, 0xf, 0xf1, 0x0, 0x3f, 0xf0,
    0x0, 0xcf, 0x90, 0x4d, 0xff, 0x20, 0xbf, 0xe4,
    0x0, 0x29, 0x10, 0x0
};


/*---------------------
 *  GLYPH DESCRIPTION
 *--------------------*/

static const lv_font_fmt_txt_glyph_dsc_t glyph_dsc[] = {
    {.bitmap_index = 0, .adv_w = 0, .box_w = 0, .box_h = 0, .ofs_x = 0, .ofs_y = 0} /* id = 0 reserved */,
    {.bitmap_index = 0, .adv_w = 115, .box_w = 0, .box_h = 0, .ofs_x = 0, .ofs_y = 0},
    {.bitmap_index = 0, .adv_w = 115, .box_w = 0, .box_h = 0, .ofs_x = 0, .ofs_y = 0},
    {.bitmap_index = 0, .adv_w = 131, .box_w = 6, .box_h = 19, .ofs_x = 1, .ofs_y = 0},
    {.bitmap_index = 57, .adv_w = 182, .box_w = 10, .box_h = 9, .ofs_x = 1, .ofs_y = 14},
    {.bitmap_index = 102, .adv_w = 295, .box_w = 17, .box_h = 19, .ofs_x = 1, .ofs_y = 0},
    {.bitmap_index = 264, .adv_w = 246, .box_w = 15, .box_h = 25, .ofs_x = 0, .ofs_y = -3},
    {.bitmap_index = 452, .adv_w = 358, .box_w = 22, .box_h = 19, .ofs_x = 0, .ofs_y = 0},
    {.bitmap_index = 661, .adv_w = 308, .box_w = 20, .box_h = 19, .ofs_x = 0, .ofs_y = 0},
    {.bitmap_index = 851, .adv_w = 94, .box_w = 6, .box_h = 9, .ofs_x = 0, .ofs_y = 14},
    {.bitmap_index = 878, .adv_w = 152, .box_w = 8, .box_h = 23, .ofs_x = 1, .ofs_y = -1},
    {.bitmap_index = 970, .adv_w = 152, .box_w = 8, .box_h = 23, .ofs_x = 0, .ofs_y = -1},
    {.bitmap_index = 1062, .adv_w = 174, .box_w = 10, .box_h = 10, .ofs_x = 0, .ofs_y = 9},
    {.bitmap_index = 1112, .adv_w = 253, .box_w = 14, .box_h = 14, .ofs_x = 1, .ofs_y = 3},
    {.bitmap_index = 1210, .adv_w = 123, .box_w = 6, .box_h = 13, .ofs_x = 1, .ofs_y = -7},
    {.bitmap_index = 1249, .adv_w = 190, .box_w = 12, .box_h = 5, .ofs_x = 0, .ofs_y = 8},
    {.bitmap_index = 1279, .adv_w = 118, .box_w = 6, .box_h = 6, .ofs_x = 1, .ofs_y = 0},
    {.bitmap_index = 1297, .adv_w = 184, .box_w = 11, .box_h = 19, .ofs_x = 0, .ofs_y = 0},
    {.bitmap_index = 1402, .adv_w = 263, .box_w = 15, .box_h = 19, .ofs_x = 1, .ofs_y = 0},
    {.bitmap_index = 1545, .adv_w = 203, .box_w = 9, .box_h = 19, .ofs_x = 1, .ofs_y = 0},
    {.bitmap_index = 1631, .adv_w = 246, .box_w = 15, .box_h = 19, .ofs_x = 0, .ofs_y = 0},
    {.bitmap_index = 1774, .adv_w = 247, .box_w = 14, .box_h = 19, .ofs_x = 1, .ofs_y = 0},
    {.bitmap_index = 1907, .adv_w = 255, .box_w = 16, .box_h = 19, .ofs_x = 0, .ofs_y = 0},
    {.bitmap_index = 2059, .adv_w = 249, .box_w = 15, .box_h = 19, .ofs_x = 0, .ofs_y = 0},
    {.bitmap_index = 2202, .adv_w = 259, .box_w = 16, .box_h = 19, .ofs_x = 0, .ofs_y = 0},
    {.bitmap_index = 2354, .adv_w = 229, .box_w = 14, .box_h = 19, .ofs_x = 0, .ofs_y = 0},
    {.bitmap_index = 2487, .adv_w = 266, .box_w = 15, .box_h = 19, .ofs_x = 1, .ofs_y = 0},
    {.bitmap_index = 2630, .adv_w = 259, .box_w = 16, .box_h = 19, .ofs_x = 0, .ofs_y = 0},
    {.bitmap_index = 2782, .adv_w = 118, .box_w = 6, .box_h = 15, .ofs_x = 1, .ofs_y = 0},
    {.bitmap_index = 2827, .adv_w = 123, .box_w = 6, .box_h = 22, .ofs_x = 1, .ofs_y = -7},
    {.bitmap_index = 2893, .adv_w = 253, .box_w = 14, .box_h = 19, .ofs_x = 1, .ofs_y = 0},
    {.bitmap_index = 3026, .adv_w = 253, .box_w = 14, .box_h = 11, .ofs_x = 1, .ofs_y = 4},
    {.bitmap_index = 3103, .adv_w = 253, .box_w = 14, .box_h = 19, .ofs_x = 1, .ofs_y = 0},
    {.bitmap_index = 3236, .adv_w = 221, .box_w = 14, .box_h = 19, .ofs_x = 0, .ofs_y = 0},
    {.bitmap_index = 3369, .adv_w = 344, .box_w = 21, .box_h = 19, .ofs_x = 0, .ofs_y = 0},
    {.bitmap_index = 3569, .adv_w = 302, .box_w = 19, .box_h = 19, .ofs_x = 0, .ofs_y = 0},
    {.bitmap_index = 3750, .adv_w = 282, .box_w = 16, .box_h = 19, .ofs_x = 1, .ofs_y = 0},
    {.bitmap_index = 3902, .adv_w = 290, .box_w = 18, .box_h = 19, .ofs_x = 0, .ofs_y = 0},
    {.bitmap_index = 4073, .adv_w = 308, .box_w = 18, .box_h = 19, .ofs_x = 1, .ofs_y = 0},
    {.bitmap_index = 4244, .adv_w = 249, .box_w = 14, .box_h = 19, .ofs_x = 1, .ofs_y = 0},
    {.bitmap_index = 4377, .adv_w = 242, .box_w = 14, .box_h = 19, .ofs_x = 1, .ofs_y = 0},
    {.bitmap_index = 4510, .adv_w = 302, .box_w = 18, .box_h = 19, .ofs_x = 0, .ofs_y = 0},
    {.bitmap_index = 4681, .adv_w = 314, .box_w = 18, .box_h = 19, .ofs_x = 1, .ofs_y = 0},
    {.bitmap_index = 4852, .adv_w = 121, .box_w = 5, .box_h = 19, .ofs_x = 1, .ofs_y = 0},
    {.bitmap_index = 4900, .adv_w = 223, .box_w = 13, .box_h = 19, .ofs_x = 0, .ofs_y = 0},
    {.bitmap_index = 5024, .adv_w = 297, .box_w = 18, .box_h = 19, .ofs_x = 1, .ofs_y = 0},
    {.bitmap_index = 5195, .adv_w = 241, .box_w = 14, .box_h = 19, .ofs_x = 1, .ofs_y = 0},
    {.bitmap_index = 5328, .adv_w = 373, .box_w = 21, .box_h = 19, .ofs_x = 1, .ofs_y = 0},
    {.bitmap_index = 5528, .adv_w = 305, .box_w = 17, .box_h = 19, .ofs_x = 1, .ofs_y = 0},
    {.bitmap_index = 5690, .adv_w = 315, .box_w = 19, .box_h = 19, .ofs_x = 0, .ofs_y = 0},
    {.bitmap_index = 5871, .adv_w = 269, .box_w = 16, .box_h = 19, .ofs_x = 1, .ofs_y = 0},
    {.bitmap_index = 6023, .adv_w = 317, .box_w = 19, .box_h = 22, .ofs_x = 0, .ofs_y = -3},
    {.bitmap_index = 6232, .adv_w = 276, .box_w = 17, .box_h = 19, .ofs_x = 1, .ofs_y = 0},
    {.bitmap_index = 6394, .adv_w = 258, .box_w = 16, .box_h = 19, .ofs_x = 0, .ofs_y = 0},
    {.bitmap_index = 6546, .adv_w = 257, .box_w = 16, .box_h = 19, .ofs_x = 0, .ofs_y = 0},
    {.bitmap_index = 6698, .adv_w = 300, .box_w = 17, .box_h = 19, .ofs_x = 1, .ofs_y = 0},
    {.bitmap_index = 6860, .adv_w = 304, .box_w = 20, .box_h = 19, .ofs_x = 0, .ofs_y = 0},
    {.bitmap_index = 7050, .adv_w = 449, .box_w = 28, .box_h = 19, .ofs_x = 0, .ofs_y = 0},
    {.bitmap_index = 7316, .adv_w = 314, .box_w = 20, .box_h = 19, .ofs_x = 0, .ofs_y = 0},
    {.bitmap_index = 7506, .adv_w = 297, .box_w = 19, .box_h = 19, .ofs_x = 0, .ofs_y = 0},
    {.bitmap_index = 7687, .adv_w = 268, .box_w = 17, .box_h = 19, .ofs_x = 0, .ofs_y = 0},
    {.bitmap_index = 7849, .adv_w = 147, .box_w = 8, .box_h = 23, .ofs_x = 2, .ofs_y = -1},
    {.bitmap_index = 7941, .adv_w = 161, .box_w = 10, .box_h = 19, .ofs_x = 0, .ofs_y = 0},
    {.bitmap_index = 8036, .adv_w = 147, .box_w = 7, .box_h = 23, .ofs_x = 0, .ofs_y = -1},
    {.bitmap_index = 8117, .adv_w = 194, .box_w = 12, .box_h = 8, .ofs_x = 0, .ofs_y = 15},
    {.bitmap_index = 8165, .adv_w = 184, .box_w = 12, .box_h = 5, .ofs_x = 0, .ofs_y = -6},
    {.bitmap_index = 8195, .adv_w = 137, .box_w = 8, .box_h = 8, .ofs_x = 0, .ofs_y = 15},
    {.bitmap_index = 8227, .adv_w = 233, .box_w = 14, .box_h = 15, .ofs_x = 0, .ofs_y = 0},
    {.bitmap_index = 8332, .adv_w = 257, .box_w = 15, .box_h = 19, .ofs_x = 1, .ofs_y = 0},
    {.bitmap_index = 8475, .adv_w = 231, .box_w = 14, .box_h = 15, .ofs_x = 0, .ofs_y = 0},
    {.bitmap_index = 8580, .adv_w = 257, .box_w = 15, .box_h = 19, .ofs_x = 0, .ofs_y = 0},
    {.bitmap_index = 8723, .adv_w = 242, .box_w = 15, .box_h = 15, .ofs_x = 0, .ofs_y = 0},
    {.bitmap_index = 8836, .adv_w = 165, .box_w = 11, .box_h = 19, .ofs_x = 0, .ofs_y = 0},
    {.bitmap_index = 8941, .adv_w = 255, .box_w = 15, .box_h = 21, .ofs_x = 0, .ofs_y = -6},
    {.bitmap_index = 9099, .adv_w = 249, .box_w = 14, .box_h = 19, .ofs_x = 1, .ofs_y = 0},
    {.bitmap_index = 9232, .adv_w = 119, .box_w = 6, .box_h = 21, .ofs_x = 1, .ofs_y = 0},
    {.bitmap_index = 9295, .adv_w = 121, .box_w = 9, .box_h = 27, .ofs_x = -2, .ofs_y = -6},
    {.bitmap_index = 9417, .adv_w = 249, .box_w = 15, .box_h = 19, .ofs_x = 1, .ofs_y = 0},
    {.bitmap_index = 9560, .adv_w = 122, .box_w = 7, .box_h = 19, .ofs_x = 1, .ofs_y = 0},
    {.bitmap_index = 9627, .adv_w = 370, .box_w = 21, .box_h = 15, .ofs_x = 1, .ofs_y = 0},
    {.bitmap_index = 9785, .adv_w = 248, .box_w = 14, .box_h = 15, .ofs_x = 1, .ofs_y = 0},
    {.bitmap_index = 9890, .adv_w = 250, .box_w = 15, .box_h = 15, .ofs_x = 0, .ofs_y = 0},
    {.bitmap_index = 10003, .adv_w = 256, .box_w = 15, .box_h = 21, .ofs_x = 1, .ofs_y = -6},
    {.bitmap_index = 10161, .adv_w = 256, .box_w = 15, .box_h = 21, .ofs_x = 0, .ofs_y = -6},
    {.bitmap_index = 10319, .adv_w = 187, .box_w = 11, .box_h = 15, .ofs_x = 1, .ofs_y = 0},
    {.bitmap_index = 10402, .adv_w = 212, .box_w = 13, .box_h = 15, .ofs_x = 0, .ofs_y = 0},
    {.bitmap_index = 10500, .adv_w = 176, .box_w = 11, .box_h = 19, .ofs_x = 0, .ofs_y = 0},
    {.bitmap_index = 10605, .adv_w = 248, .box_w = 14, .box_h = 15, .ofs_x = 1, .ofs_y = 0},
    {.bitmap_index = 10710, .adv_w = 233, .box_w = 17, .box_h = 15, .ofs_x = -1, .ofs_y = 0},
    {.bitmap_index = 10838, .adv_w = 352, .box_w = 24, .box_h = 15, .ofs_x = -1, .ofs_y = 0},
    {.bitmap_index = 11018, .adv_w = 234, .box_w = 17, .box_h = 15, .ofs_x = -1, .ofs_y = 0},
    {.bitmap_index = 11146, .adv_w = 239, .box_w = 17, .box_h = 21, .ofs_x = -1, .ofs_y = -6},
    {.bitmap_index = 11325, .adv_w = 209, .box_w = 13, .box_h = 15, .ofs_x = 0, .ofs_y = 0},
    {.bitmap_index = 11423, .adv_w = 160, .box_w = 10, .box_h = 23, .ofs_x = 0, .ofs_y = -1},
    {.bitmap_index = 11538, .adv_w = 106, .box_w = 5, .box_h = 23, .ofs_x = 1, .ofs_y = -1},
    {.bitmap_index = 11596, .adv_w = 160, .box_w = 10, .box_h = 23, .ofs_x = 0, .ofs_y = -1},
    {.bitmap_index = 11711, .adv_w = 254, .box_w = 16, .box_h = 8, .ofs_x = 0, .ofs_y = 5},
    {.bitmap_index = 11775, .adv_w = 0, .box_w = 0, .box_h = 0, .ofs_x = 0, .ofs_y = 0},
    {.bitmap_index = 11775, .adv_w = 192, .box_w = 6, .box_h = 5, .ofs_x = 3, .ofs_y = 7},
    {.bitmap_index = 11790, .adv_w = 456, .box_w = 27, .box_h = 20, .ofs_x = 1, .ofs_y = -1},
    {.bitmap_index = 12060, .adv_w = 384, .box_w = 10, .box_h = 9, .ofs_x = 1, .ofs_y = -2},
    {.bitmap_index = 12105, .adv_w = 384, .box_w = 20, .box_h = 23, .ofs_x = 2, .ofs_y = -2},
    {.bitmap_index = 12335, .adv_w = 384, .box_w = 22, .box_h = 23, .ofs_x = 1, .ofs_y = -2},
    {.bitmap_index = 12588, .adv_w = 384, .box_w = 22, .box_h = 22, .ofs_x = 1, .ofs_y = -2},
    {.bitmap_index = 12830, .adv_w = 384, .box_w = 22, .box_h = 24, .ofs_x = 1, .ofs_y = -3},
    {.bitmap_index = 13094, .adv_w = 384, .box_w = 22, .box_h = 23, .ofs_x = 1, .ofs_y = -2},
    {.bitmap_index = 13347, .adv_w = 384, .box_w = 23, .box_h = 23, .ofs_x = 0, .ofs_y = -2},
    {.bitmap_index = 13612, .adv_w = 384, .box_w = 22, .box_h = 24, .ofs_x = 1, .ofs_y = -3},
    {.bitmap_index = 13876, .adv_w = 384, .box_w = 23, .box_h = 23, .ofs_x = 1, .ofs_y = -2},
    {.bitmap_index = 14141, .adv_w = 384, .box_w = 22, .box_h = 23, .ofs_x = 1, .ofs_y = -2},
    {.bitmap_index = 14394, .adv_w = 384, .box_w = 23, .box_h = 24, .ofs_x = 0, .ofs_y = -2},
    {.bitmap_index = 14670, .adv_w = 384, .box_w = 23, .box_h = 24, .ofs_x = 0, .ofs_y = -3},
    {.bitmap_index = 14946, .adv_w = 384, .box_w = 23, .box_h = 22, .ofs_x = 1, .ofs_y = -1},
    {.bitmap_index = 15199, .adv_w = 384, .box_w = 24, .box_h = 24, .ofs_x = 0, .ofs_y = -3},
    {.bitmap_index = 15487, .adv_w = 384, .box_w = 22, .box_h = 23, .ofs_x = 0, .ofs_y = -3},
    {.bitmap_index = 15740, .adv_w = 384, .box_w = 21, .box_h = 23, .ofs_x = 1, .ofs_y = -2},
    {.bitmap_index = 15982, .adv_w = 384, .box_w = 22, .box_h = 24, .ofs_x = 1, .ofs_y = -3},
    {.bitmap_index = 16246, .adv_w = 384, .box_w = 22, .box_h = 24, .ofs_x = 0, .ofs_y = -3},
    {.bitmap_index = 16510, .adv_w = 384, .box_w = 23, .box_h = 23, .ofs_x = 0, .ofs_y = -2},
    {.bitmap_index = 16775, .adv_w = 384, .box_w = 22, .box_h = 23, .ofs_x = 1, .ofs_y = -2},
    {.bitmap_index = 17028, .adv_w = 384, .box_w = 23, .box_h = 23, .ofs_x = 0, .ofs_y = -2},
    {.bitmap_index = 17293, .adv_w = 384, .box_w = 23, .box_h = 23, .ofs_x = 0, .ofs_y = -2},
    {.bitmap_index = 17558, .adv_w = 384, .box_w = 23, .box_h = 23, .ofs_x = 1, .ofs_y = -2},
    {.bitmap_index = 17823, .adv_w = 384, .box_w = 23, .box_h = 25, .ofs_x = 0, .ofs_y = -3},
    {.bitmap_index = 18111, .adv_w = 384, .box_w = 22, .box_h = 23, .ofs_x = 1, .ofs_y = -3},
    {.bitmap_index = 18364, .adv_w = 384, .box_w = 22, .box_h = 24, .ofs_x = 1, .ofs_y = -3},
    {.bitmap_index = 18628, .adv_w = 384, .box_w = 22, .box_h = 24, .ofs_x = 1, .ofs_y = -2},
    {.bitmap_index = 18892, .adv_w = 384, .box_w = 22, .box_h = 23, .ofs_x = 1, .ofs_y = -2},
    {.bitmap_index = 19145, .adv_w = 384, .box_w = 24, .box_h = 22, .ofs_x = 0, .ofs_y = -2},
    {.bitmap_index = 19409, .adv_w = 384, .box_w = 23, .box_h = 23, .ofs_x = 0, .ofs_y = -3},
    {.bitmap_index = 19674, .adv_w = 384, .box_w = 22, .box_h = 21, .ofs_x = 1, .ofs_y = -1},
    {.bitmap_index = 19905, .adv_w = 384, .box_w = 23, .box_h = 23, .ofs_x = 1, .ofs_y = -2},
    {.bitmap_index = 20170, .adv_w = 384, .box_w = 23, .box_h = 24, .ofs_x = 0, .ofs_y = -3},
    {.bitmap_index = 20446, .adv_w = 384, .box_w = 21, .box_h = 23, .ofs_x = 1, .ofs_y = -2},
    {.bitmap_index = 20688, .adv_w = 384, .box_w = 22, .box_h = 22, .ofs_x = 1, .ofs_y = -2},
    {.bitmap_index = 20930, .adv_w = 384, .box_w = 23, .box_h = 23, .ofs_x = 1, .ofs_y = -2},
    {.bitmap_index = 21195, .adv_w = 384, .box_w = 24, .box_h = 24, .ofs_x = 0, .ofs_y = -2},
    {.bitmap_index = 21483, .adv_w = 384, .box_w = 23, .box_h = 24, .ofs_x = 0, .ofs_y = -3},
    {.bitmap_index = 21759, .adv_w = 384, .box_w = 24, .box_h = 23, .ofs_x = 0, .ofs_y = -2},
    {.bitmap_index = 22035, .adv_w = 384, .box_w = 24, .box_h = 23, .ofs_x = 0, .ofs_y = -2},
    {.bitmap_index = 22311, .adv_w = 384, .box_w = 23, .box_h = 24, .ofs_x = 0, .ofs_y = -2},
    {.bitmap_index = 22587, .adv_w = 384, .box_w = 23, .box_h = 24, .ofs_x = 0, .ofs_y = -3},
    {.bitmap_index = 22863, .adv_w = 384, .box_w = 23, .box_h = 24, .ofs_x = 0, .ofs_y = -3},
    {.bitmap_index = 23139, .adv_w = 384, .box_w = 18, .box_h = 23, .ofs_x = 3, .ofs_y = -3},
    {.bitmap_index = 23346, .adv_w = 384, .box_w = 22, .box_h = 23, .ofs_x = 1, .ofs_y = -2},
    {.bitmap_index = 23599, .adv_w = 384, .box_w = 22, .box_h = 22, .ofs_x = 1, .ofs_y = -2},
    {.bitmap_index = 23841, .adv_w = 384, .box_w = 24, .box_h = 23, .ofs_x = 0, .ofs_y = -3},
    {.bitmap_index = 24117, .adv_w = 384, .box_w = 23, .box_h = 22, .ofs_x = 1, .ofs_y = -2},
    {.bitmap_index = 24370, .adv_w = 384, .box_w = 24, .box_h = 24, .ofs_x = -1, .ofs_y = -3},
    {.bitmap_index = 24658, .adv_w = 384, .box_w = 23, .box_h = 23, .ofs_x = 0, .ofs_y = -2},
    {.bitmap_index = 24923, .adv_w = 384, .box_w = 22, .box_h = 21, .ofs_x = 1, .ofs_y = -1},
    {.bitmap_index = 25154, .adv_w = 384, .box_w = 22, .box_h = 23, .ofs_x = 1, .ofs_y = -2},
    {.bitmap_index = 25407, .adv_w = 384, .box_w = 23, .box_h = 24, .ofs_x = 1, .ofs_y = -3},
    {.bitmap_index = 25683, .adv_w = 384, .box_w = 23, .box_h = 24, .ofs_x = 0, .ofs_y = -3},
    {.bitmap_index = 25959, .adv_w = 384, .box_w = 23, .box_h = 23, .ofs_x = 0, .ofs_y = -2},
    {.bitmap_index = 26224, .adv_w = 384, .box_w = 23, .box_h = 24, .ofs_x = 0, .ofs_y = -3},
    {.bitmap_index = 26500, .adv_w = 384, .box_w = 22, .box_h = 23, .ofs_x = 1, .ofs_y = -2},
    {.bitmap_index = 26753, .adv_w = 384, .box_w = 23, .box_h = 22, .ofs_x = 0, .ofs_y = -2},
    {.bitmap_index = 27006, .adv_w = 384, .box_w = 22, .box_h = 22, .ofs_x = 2, .ofs_y = -2},
    {.bitmap_index = 27248, .adv_w = 384, .box_w = 22, .box_h = 23, .ofs_x = 1, .ofs_y = -2},
    {.bitmap_index = 27501, .adv_w = 384, .box_w = 23, .box_h = 23, .ofs_x = 0, .ofs_y = -2},
    {.bitmap_index = 27766, .adv_w = 384, .box_w = 22, .box_h = 24, .ofs_x = 1, .ofs_y = -3},
    {.bitmap_index = 28030, .adv_w = 384, .box_w = 22, .box_h = 22, .ofs_x = 1, .ofs_y = -2},
    {.bitmap_index = 28272, .adv_w = 384, .box_w = 22, .box_h = 24, .ofs_x = 1, .ofs_y = -2},
    {.bitmap_index = 28536, .adv_w = 384, .box_w = 22, .box_h = 22, .ofs_x = 1, .ofs_y = -2},
    {.bitmap_index = 28778, .adv_w = 384, .box_w = 24, .box_h = 23, .ofs_x = 0, .ofs_y = -2},
    {.bitmap_index = 29054, .adv_w = 384, .box_w = 22, .box_h = 24, .ofs_x = 1, .ofs_y = -2},
    {.bitmap_index = 29318, .adv_w = 384, .box_w = 23, .box_h = 25, .ofs_x = 1, .ofs_y = -3},
    {.bitmap_index = 29606, .adv_w = 384, .box_w = 24, .box_h = 24, .ofs_x = 0, .ofs_y = -2},
    {.bitmap_index = 29894, .adv_w = 384, .box_w = 22, .box_h = 23, .ofs_x = 1, .ofs_y = -2},
    {.bitmap_index = 30147, .adv_w = 384, .box_w = 22, .box_h = 23, .ofs_x = 1, .ofs_y = -2},
    {.bitmap_index = 30400, .adv_w = 384, .box_w = 24, .box_h = 23, .ofs_x = 0, .ofs_y = -2},
    {.bitmap_index = 30676, .adv_w = 384, .box_w = 23, .box_h = 24, .ofs_x = 1, .ofs_y = -3},
    {.bitmap_index = 30952, .adv_w = 384, .box_w = 22, .box_h = 23, .ofs_x = 1, .ofs_y = -2},
    {.bitmap_index = 31205, .adv_w = 384, .box_w = 22, .box_h = 23, .ofs_x = 1, .ofs_y = -2},
    {.bitmap_index = 31458, .adv_w = 384, .box_w = 22, .box_h = 24, .ofs_x = 1, .ofs_y = -3},
    {.bitmap_index = 31722, .adv_w = 384, .box_w = 24, .box_h = 24, .ofs_x = 0, .ofs_y = -3},
    {.bitmap_index = 32010, .adv_w = 384, .box_w = 24, .box_h = 24, .ofs_x = 0, .ofs_y = -3},
    {.bitmap_index = 32298, .adv_w = 384, .box_w = 23, .box_h = 25, .ofs_x = 0, .ofs_y = -3},
    {.bitmap_index = 32586, .adv_w = 384, .box_w = 22, .box_h = 25, .ofs_x = 1, .ofs_y = -3},
    {.bitmap_index = 32861, .adv_w = 384, .box_w = 22, .box_h = 25, .ofs_x = 1, .ofs_y = -3},
    {.bitmap_index = 33136, .adv_w = 384, .box_w = 23, .box_h = 24, .ofs_x = 1, .ofs_y = -3},
    {.bitmap_index = 33412, .adv_w = 384, .box_w = 24, .box_h = 24, .ofs_x = 0, .ofs_y = -3},
    {.bitmap_index = 33700, .adv_w = 384, .box_w = 23, .box_h = 24, .ofs_x = 1, .ofs_y = -2},
    {.bitmap_index = 33976, .adv_w = 384, .box_w = 22, .box_h = 23, .ofs_x = 1, .ofs_y = -2},
    {.bitmap_index = 34229, .adv_w = 384, .box_w = 22, .box_h = 24, .ofs_x = 1, .ofs_y = -2},
    {.bitmap_index = 34493, .adv_w = 384, .box_w = 22, .box_h = 23, .ofs_x = 1, .ofs_y = -2},
    {.bitmap_index = 34746, .adv_w = 384, .box_w = 6, .box_h = 12, .ofs_x = 3, .ofs_y = -7}
};

/*---------------------
 *  CHARACTER MAPPING
 *--------------------*/

static const uint16_t unicode_list_2[] = {
    0x0, 0x204c, 0x2f4b, 0x4d76, 0x4dd4, 0x4dd7, 0x4df7, 0x4e03,
    0x4e3f, 0x4e69, 0x4e97, 0x4f2a, 0x4f85, 0x509d, 0x50b1, 0x514f,
    0x5174, 0x5179, 0x5196, 0x51e8, 0x524e, 0x5393, 0x5671, 0x56d4,
    0x5850, 0x5856, 0x5870, 0x5ad5, 0x5ae7, 0x5b41, 0x5b58, 0x5b83,
    0x5d2e, 0x5d70, 0x5def, 0x5e9c, 0x5e9e, 0x5f20, 0x5f4a, 0x600e,
    0x6159, 0x622c, 0x62f1, 0x64b9, 0x64f9, 0x652e, 0x653f, 0x6683,
    0x66ca, 0x66e5, 0x6781, 0x6809, 0x6aac, 0x6c31, 0x6c8a, 0x6c94,
    0x6d72, 0x71ff, 0x72d0, 0x734f, 0x747e, 0x761a, 0x7954, 0x7bc4,
    0x7c78, 0x7e1c, 0x7eb7, 0x7f60, 0x8795, 0x8842, 0x8aaf, 0x8aea,
    0x8af9, 0x8b07, 0x8b0f, 0x8b2f, 0x8b40, 0x8eb5, 0x8ecc, 0x8f07,
    0x8f10, 0x8f19, 0x8f4a, 0x8f63, 0x8f68, 0x9031, 0x953d, 0x9551,
    0x973e, 0xfe55
};

/*Collect the unicode lists and glyph_id offsets*/
static const lv_font_fmt_txt_cmap_t cmaps[] =
{
    {
        .range_start = 10, .range_length = 1, .glyph_id_start = 1,
        .unicode_list = NULL, .glyph_id_ofs_list = NULL, .list_length = 0, .type = LV_FONT_FMT_TXT_CMAP_FORMAT0_TINY
    },
    {
        .range_start = 32, .range_length = 96, .glyph_id_start = 2,
        .unicode_list = NULL, .glyph_id_ofs_list = NULL, .list_length = 0, .type = LV_FONT_FMT_TXT_CMAP_FORMAT0_TINY
    },
    {
        .range_start = 183, .range_length = 65110, .glyph_id_start = 98,
        .unicode_list = unicode_list_2, .glyph_id_ofs_list = NULL, .list_length = 90, .type = LV_FONT_FMT_TXT_CMAP_SPARSE_TINY
    }
};

/*-----------------
 *    KERNING
 *----------------*/


/*Map glyph_ids to kern left classes*/
static const uint8_t kern_left_class_mapping[] =
{
    0, 0, 0, 0, 1, 0, 0, 0,
    2, 1, 3, 0, 0, 0, 4, 5,
    4, 6, 7, 0, 8, 9, 10, 11,
    12, 13, 14, 15, 0, 0, 0, 0,
    0, 16, 17, 18, 19, 20, 21, 22,
    23, 24, 0, 0, 25, 26, 27, 0,
    0, 21, 28, 29, 30, 31, 32, 33,
    34, 35, 36, 37, 38, 3, 0, 0,
    0, 39, 0, 40, 41, 42, 0, 41,
    43, 44, 40, 45, 45, 46, 47, 40,
    40, 41, 41, 44, 48, 49, 50, 51,
    52, 53, 54, 52, 55, 3, 0, 0,
    0, 0, 0, 0, 0, 0, 0, 0,
    0, 0, 0, 0, 0, 0, 0, 0,
    0, 0, 0, 0, 0, 0, 0, 0,
    0, 0, 0, 0, 0, 0, 0, 0,
    0, 0, 0, 0, 0, 0, 0, 0,
    0, 0, 0, 0, 0, 0, 0, 0,
    0, 0, 0, 0, 0, 0, 0, 0,
    0, 0, 0, 0, 0, 0, 0, 0,
    0, 0, 0, 0, 0, 0, 0, 0,
    0, 0, 0, 0, 0, 0, 0, 0,
    0, 0, 0, 0, 0, 0, 0, 0,
    0, 0, 0, 4
};

/*Map glyph_ids to kern right classes*/
static const uint8_t kern_right_class_mapping[] =
{
    0, 0, 0, 0, 1, 0, 0, 0,
    2, 1, 0, 0, 0, 0, 3, 4,
    3, 5, 6, 7, 8, 9, 10, 11,
    12, 13, 14, 15, 0, 0, 0, 0,
    0, 16, 17, 18, 0, 19, 0, 0,
    0, 19, 0, 0, 20, 0, 0, 0,
    0, 19, 0, 19, 0, 21, 22, 23,
    24, 25, 26, 27, 28, 0, 0, 29,
    0, 30, 0, 31, 32, 33, 33, 33,
    34, 35, 32, 36, 37, 32, 38, 39,
    39, 33, 39, 33, 39, 40, 41, 42,
    43, 44, 45, 43, 46, 0, 0, 0,
    0, 0, 0, 0, 0, 0, 0, 0,
    0, 0, 0, 0, 0, 0, 0, 0,
    0, 0, 0, 0, 0, 0, 0, 0,
    0, 0, 0, 0, 0, 0, 0, 0,
    0, 0, 0, 0, 0, 0, 0, 0,
    0, 0, 0, 0, 0, 0, 0, 0,
    0, 0, 0, 0, 0, 0, 0, 0,
    0, 0, 0, 0, 0, 0, 0, 0,
    0, 0, 0, 0, 0, 0, 0, 0,
    0, 0, 0, 0, 0, 0, 0, 0,
    0, 0, 0, 0, 0, 0, 0, 0,
    0, 0, 0, 3
};

/*Kern values between classes*/
static const int8_t kern_class_values[] =
{
    0, 0, 0, 0, 0, 0, 0, 0,
    0, -38, 0, -20, 8, 0, 0, 0,
    0, 0, 0, 0, 0, 0, 0, 0,
    0, 0, 0, 0, 0, 0, 0, 0,
    0, 0, 0, 0, 0, 0, 0, 0,
    0, 0, 0, 0, 0, 0, 0, 0,
    0, 0, 0, 0, -23, 0, -23, -15,
    0, -23, -23, 0, -19, 0, 0, 0,
    0, 0, 0, 0, 0, 0, 0, 0,
    0, 0, 0, 0, 0, 0, 0, 0,
    0, 0, 0, 0, 0, 0, 0, 0,
    0, 0, 0, 0, 0, 0, 0, 0,
    0, 0, 0, 0, 0, 0, 0, 0,
    0, 0, 0, 0, 0, 0, 0, 0,
    0, 0, 0, 0, 0, 0, 0, 0,
    0, 0, 0, 0, 0, 0, 0, 0,
    15, 0, 0, 0, 0, 0, 0, 0,
    0, 0, 0, 0, 0, 0, 0, -8,
    -42, 0, -8, 0, -6, -4, -8, 0,
    -35, 0, 0, 0, 0, 0, 0, 0,
    0, 0, 0, 0, 0, 0, 0, 0,
    0, 0, 0, 0, 0, 0, 0, 0,
    0, 0, 0, 0, 0, 0, 0, 0,
    0, 0, 0, 0, 0, 0, 0, -8,
    -12, 0, 0, 0, -4, 0, 0, 0,
    0, 0, 0, 0, 0, 0, 0, 0,
    0, 0, 0, 0, 0, 0, 0, 0,
    0, 0, 0, 0, 0, 0, 0, 0,
    0, 0, 0, 0, 0, 0, 0, 0,
    0, 0, 0, 0, 0, 0, 0, -31,
    0, -19, 0, 0, 0, 0, 0, 0,
    0, 0, 0, 0, 0, 0, 0, 0,
    0, 0, 0, 0, 0, 0, 0, 0,
    0, 0, 0, 0, 0, 0, 0, 0,
    0, 0, 0, 0, 0, 0, -8, 0,
    0, 0, 0, -6, -10, 0, 0, 0,
    0, 0, 0, 0, 0, -14, 0, -10,
    0, -8, 0, -13, -8, 0, -21, 0,
    0, 0, 0, 0, 0, 0, 0, 0,
    0, 0, 0, 0, 0, 0, 0, 0,
    0, 0, 0, 0, 0, 0, 0, -4,
    0, 0, -7, -12, 0, -8, 0, 0,
    0, 0, 0, 0, 0, 0, 0, 0,
    0, -8, 0, 0, -15, 0, 0, 0,
    0, 0, 0, 0, 0, 0, 0, 0,
    0, 0, 0, 0, 0, 0, 0, 0,
    0, 0, -4, 0, 0, 0, 0, -4,
    0, 0, 0, 0, 0, 0, -4, -8,
    0, 0, 0, 0, 0, 0, 0, 0,
    0, -8, -8, 0, 0, 0, 0, 0,
    0, 0, 0, 0, 0, 0, 0, 0,
    0, 0, 0, 0, 0, 0, -10, 0,
    0, 0, 0, 0, -4, 0, -6, 0,
    0, 0, -10, 0, -8, -12, 0, 0,
    0, 0, 0, -12, 0, -8, 0, 0,
    -15, 2, 0, 0, 0, 0, 0, 0,
    0, 0, 0, 0, 0, 0, 0, 0,
    0, 0, 0, 0, 0, 0, -4, 0,
    0, 0, -8, 0, 0, 0, 0, 0,
    -6, 0, 0, -11, 0, 0, 0, 0,
    0, 0, 0, -7, 0, -19, 0, 0,
    0, 0, 0, 0, 0, 0, 0, 0,
    0, 0, 0, 0, 0, 0, 0, 0,
    0, 0, -33, 0, -4, 0, 0, 0,
    -21, 0, 0, 0, 0, 0, -13, 0,
    -4, -19, 0, 0, 0, 0, 0, -33,
    0, -23, 0, -19, -38, 0, 0, 0,
    0, 0, 0, 0, 0, 0, 0, 0,
    0, 0, 0, 0, -12, 0, -12, -6,
    8, -23, -46, -4, -27, -4, 0, 0,
    0, -27, 0, -23, 12, -10, 0, 8,
    0, -45, 0, -50, 0, 0, 0, 0,
    0, 0, 0, 0, 0, 0, -23, 0,
    -20, -4, -23, 0, 0, 0, -10, -16,
    0, -8, 0, 0, -4, -5, 0, 0,
    0, 0, 0, 0, 0, 0, 0, 0,
    0, 0, -4, 0, -8, -4, 0, 0,
    0, 0, 0, -8, 0, -13, 0, 0,
    -15, 0, 0, 0, 0, 0, 0, 0,
    0, 0, 0, 0, 0, 0, 0, 0,
    0, 0, -8, 0, 0, -19, -35, 0,
    -19, 0, 0, 0, 0, -10, 0, -7,
    0, -8, 0, 0, 0, -27, 0, -38,
    0, 0, 0, -5, 0, -25, -15, 0,
    0, 0, -12, 0, -8, 6, 0, 0,
    0, 0, 0, 0, 3, 0, 0, 0,
    0, 0, 0, 0, 0, 0, 0, 0,
    0, 0, -8, -26, 0, -15, 4, -4,
    0, 0, 0, 0, 0, 0, 0, 0,
    0, 0, 0, 0, 0, 0, 0, 0,
    0, 0, 0, 0, 0, 0, 0, 0,
    0, 0, 0, 0, 0, 0, 0, 0,
    0, 0, 0, 0, 0, 0, 0, 0,
    0, 0, 0, 0, 0, 0, 0, 0,
    0, -19, 0, 0, 0, 0, 0, 0,
    0, -23, 0, 0, 0, 0, 0, 0,
    0, 0, 0, 0, 0, 0, 0, 0,
    0, 0, 0, 0, 0, 0, -46, 0,
    0, -27, 0, -14, -31, 0, 0, 0,
    0, 0, 0, 0, -32, -35, 0, 0,
    -15, 0, 0, -31, -12, -47, -31, 0,
    -46, 0, 0, 0, 0, 0, -6, -12,
    -6, 0, 0, -8, 0, 0, -19, -10,
    -23, -19, 0, 0, -12, 0, -4, 0,
    0, 0, 0, 0, 0, 0, 0, 0,
    0, 0, 0, -10, 0, -8, 0, -5,
    0, -9, 0, -12, -8, -12, -17, -2,
    0, 0, 0, 0, 0, 0, 0, 0,
    0, 0, 0, 0, 0, 0, 0, 0,
    -2, -2, 0, 0, 0, -19, 0, 0,
    0, 0, 0, 0, 0, 0, 0, 0,
    0, 0, 0, -12, -6, 0, 0, -2,
    0, 0, 0, -15, -23, -4, 0, 0,
    -7, 0, -11, 0, -10, 0, 0, 0,
    0, 0, 0, 0, -8, -4, -4, 0,
    -8, 0, -12, 0, 0, 0, 0, 0,
    0, 0, 0, 0, 0, 0, 0, -10,
    0, -15, 0, -15, 0, -13, 0, -12,
    -6, -25, -23, -12, 0, 0, 0, 0,
    0, 0, 0, 0, 0, 0, 0, 0,
    0, 0, 0, 0, 0, -5, 0, 0,
    0, 0, 0, 0, 0, 0, 0, 0,
    0, 0, 0, 0, 0, 0, 0, 0,
    0, 0, 0, 0, 0, 0, 0, 0,
    0, 0, 0, 0, 0, 0, 0, 0,
    0, 0, 0, 0, 0, 0, 0, 0,
    -4, 0, 0, 0, 4, -7, -23, 0,
    0, 0, 0, 0, 0, -8, 0, -6,
    0, 0, 0, 0, 0, -23, 0, -46,
    -5, 0, 0, 0, 0, -8, 0, 0,
    0, 0, -13, 0, -12, 0, -10, 0,
    0, 0, -6, -8, 0, -8, -4, -4,
    -8, -4, 0, 0, -8, 0, 0, 0,
    0, 0, 0, 0, 0, 0, 0, 0,
    0, -8, 0, -8, 0, 0, 0, -12,
    0, -12, -6, -17, -19, -4, 0, 0,
    0, 0, 0, 0, 0, 0, 0, 0,
    0, -4, 0, 0, -4, -4, -8, 0,
    0, 0, -10, 0, 0, 0, 0, 0,
    0, 0, 0, 0, 0, 0, 0, 0,
    0, 0, 0, -10, 0, 0, 0, 0,
    0, -7, 0, 0, 0, 0, 0, 0,
    0, 0, 0, 0, 0, 0, 0, 0,
    0, 0, 0, 0, 0, 0, 0, -15,
    1, -42, 0, -19, -15, 0, 0, -13,
    0, 0, 0, 0, -27, -20, 0, 0,
    -15, -8, -15, 0, -12, 0, 0, 0,
    0, 0, 0, 0, -8, 0, -20, -18,
    -19, 0, 0, -13, -6, 0, -18, -12,
    -23, -19, 0, 0, -41, 0, 8, -38,
    0, 0, -42, 0, 0, 0, 0, 0,
    -6, 0, -38, -42, 0, 0, -8, 0,
    0, -35, -12, -27, -31, 0, -69, 0,
    0, 0, 0, 0, -8, -8, -4, 0,
    0, 0, 0, 0, -25, -4, -27, -19,
    0, 0, 0, -15, -35, 0, 0, 0,
    0, -8, 0, -13, 0, 0, 0, 0,
    0, 0, 0, -29, 0, -46, 0, -8,
    0, -13, -6, -27, -19, -8, 0, 0,
    -16, 0, -8, 4, -8, 0, 0, 0,
    0, -4, 4, 0, 4, 4, 0, 0,
    0, 0, 0, 0, 0, 0, 0, 0,
    0, 0, 0, 0, 0, 0, 0, 0,
    0, -10, 0, -12, 0, -12, 0, -8,
    -8, -17, -19, -4, 0, 0, 0, 0,
    0, 0, 0, 0, 0, 0, 0, 0,
    0, 0, 0, 0, 0, 0, 0, -6,
    0, 0, 0, 0, 0, 0, 0, 0,
    0, 0, 0, 0, 0, 0, 0, 0,
    0, -12, 0, -6, 0, -10, -4, 0,
    -17, 0, 0, 0, 0, 0, -4, 0,
    -2, 0, 0, 0, 0, 0, 0, 0,
    0, 0, 0, 0, 0, 0, 0, 0,
    0, 0, 0, 0, 0, 0, 0, 0,
    0, 0, 0, 0, 0, 0, 0, 0,
    0, -6, 0, -12, 0, -13, -15, 0,
    0, 0, 0, 0, 0, 0, 0, 0,
    0, 0, 0, 0, 0, 0, 0, -2,
    -4, -2, 10, -23, -38, -31, 0, -8,
    0, 0, 0, -35, 0, -27, 0, -8,
    0, 0, 0, -31, -13, -50, -8, 0,
    0, -4, 0, -12, 0, 0, 0, 0,
    -35, -15, -38, -15, -42, 0, 0, 0,
    -23, -36, -8, -15, -19, -15, -12, -15,
    0, 0, -10, 0, 0, 0, 0, 0,
    0, 0, 0, 0, 0, 0, 0, 0,
    0, -12, 0, -15, 0, 0, 0, 0,
    0, -8, 0, 0, 0, 0, 0, 0,
    0, 0, 0, 0, 0, 0, 0, 0,
    0, 0, 0, 0, 0, 0, 0, -26,
    -52, -22, 0, -13, 0, -12, 0, -31,
    -2, -23, 0, -13, 0, 0, 0, -46,
    -12, -58, -10, 0, 0, 0, 0, 0,
    0, 0, 0, 0, -35, -23, -35, -10,
    -35, 0, 0, 0, -19, -31, -8, -21,
    -15, -12, -19, -15, 0, -15, -35, -13,
    0, -8, 0, 0, 0, -27, 0, 0,
    0, 0, 0, 0, 0, -31, -6, -38,
    -4, 0, 0, 0, 0, 0, 0, 0,
    0, 0, -27, 0, -25, -5, -25, 0,
    0, 0, -15, -21, -3, -17, -4, -6,
    -15, -12, 0, -15, 1, -38, 0, 0,
    -8, 0, -8, -15, -8, -15, 0, 0,
    -19, -8, -15, 0, -25, -17, -13, -12,
    -8, 0, 0, 0, 0, 0, 0, 0,
    -13, 0, -25, -19, -23, 0, 0, -4,
    -6, -15, -21, -20, -27, -23, 0, 0,
    0, -35, -59, -31, 0, -21, -7, -8,
    -8, -46, 0, -38, 0, -15, -13, -4,
    -23, -46, -23, -61, -19, 0, 0, 0,
    0, 0, 0, 0, 0, 0, -50, -19,
    -46, -19, -50, 0, 0, 0, -31, -42,
    -17, -31, -22, -21, -31, -27, 0, -15,
    0, -15, 0, 0, 0, 0, 0, 0,
    0, 0, 0, 0, 0, 0, 0, 0,
    -12, 0, 0, 0, -4, 0, 0, 0,
    0, 0, 0, 0, 0, 0, -6, 0,
    0, 0, 0, 0, 0, 0, -10, -8,
    -10, -12, 0, 0, 0, 0, 0, 0,
    0, 0, 0, 0, 0, 0, 0, 0,
    0, 0, 0, 0, 0, 0, 0, 0,
    0, 0, 0, 0, 0, 0, 0, 0,
    0, 0, 0, 0, -8, 0, 0, 0,
    46, 0, 0, 0, 0, 0, 0, 0,
    0, 0, -8, 0, 0, 0, 0, 0,
    -12, 0, 0, 0, 0, 0, -8, 0,
    -8, -15, 0, 0, 0, 0, -4, -38,
    0, -31, -21, -12, -38, 0, 0, 0,
    0, 0, 0, 0, 0, 0, 0, 0,
    0, 0, 0, 0, 0, 0, 0, 0,
    -16, 0, -6, 0, 0, 0, 0, 0,
    0, 0, 0, 0, -15, 0, -10, -26,
    0, -8, 0, -4, -6, -38, 0, -35,
    -25, -25, -46, -4, 0, -8, 0, 0,
    0, 0, 0, 0, 0, 0, 0, 0,
    0, 0, -4, -5, -8, 0, -8, 0,
    0, 0, 0, 0, 0, 0, 0, 0,
    0, 0, 0, 0, 0, -8, 0, -8,
    0, 0, -8, -31, 0, -25, -17, -23,
    -46, 0, 0, 0, -8, 0, -2, 0,
    0, -4, 0, -4, 0, 0, 0, 0,
    -8, 0, -12, 0, 12, -6, -27, 15,
    0, 0, 0, 0, 0, -19, 0, 0,
    10, 0, 6, 0, 0, -26, 0, -27,
    0, 0, 0, 12, 8, 0, 0, 0,
    12, 0, -10, 0, -4, 0, -6, 0,
    0, 0, 0, -6, 3, 0, 0, 0,
    0, 0, 0, 0, 0, 0, 0, 0,
    0, 0, 0, 0, 0, 0, 0, 0,
    0, 0, 0, 0, 0, 0, 0, -27,
    0, -23, -17, 0, -27, 0, 0, 0,
    0, 0, 0, 0, 0, 0, 19, 0,
    0, 0, 0, 0, 0, 0, 0, 0,
    0, 0, 0, 0, 0, 0, 0, 0,
    0, 0, 0, 0, 0, 0, 0, 0,
    0, 0, 0, 0, 0, 0, 0, 0,
    0, 0, 0, 0, 0, 0, 0, 0,
    0, 0, 0, 0, 4, 0, 0, 0,
    0, 0, 0, 0, 0, 0, -12, -6,
    2, -19, 0, 0, 0, 0, 0, -15,
    0, -12, 0, -13, -7, -4, 0, 0,
    -10, 0, 0, -23, -6, -23, -12, 0,
    -30, 0, 0, 0, -4, 0, -13, 0,
    -8, 0, 0, -6, 0, -10, -8, -8,
    0, 0, 0, 0, 0, 4, 8, -2,
    0, 0, 0, 0, 0, 0, 0, 0,
    0, 0, 0, -11, 0, 0, -4, 0,
    0, -12, 0, 0, 0, 0, -15, 0,
    0, 0, 2, 0, 0, 0, 0, 0,
    0, 0, 0, 0, 0, 0, 0, 0,
    0, 0, 0, -15, -42, 0, 0, 0,
    0, -4, -12, -19, 0, -12, 0, 0,
    4, 0, 0, -35, 0, -46, 0, -8,
    0, -8, -8, -25, -23, -12, 0, 0,
    -12, 0, -8, 0, -8, 0, 0, 0,
    0, -6, 0, -8, 6, 7, 0, 0,
    -16, 0, 0, 0, 0, 0, -8, 0,
    0, 0, 0, 0, -8, 0, 0, -19,
    0, 0, 0, 0, 0, -36, 0, -31,
    -21, -15, -42, 0, 0, 0, 0, 0,
    0, 0, 0, 0, 0, 0, 0, 0,
    0, 0, -6, -4, -8, 0, 0, 0,
    0, 0, 0, 0, 0, 0, 0, 0,
    0, 0, 0, 0, 4, 0, 0, 0,
    0, 0, 0, -8, 0, -13, -3, 0,
    -23, 0, 0, 0, 0, 0, -1, 2,
    0, 0, 0, 0, 0, -3, 0, -1,
    0, 0, 0, 0, 0, 0, 0, 0,
    0, 0, 0, 0, 0, 0, 0, 0,
    0, 0, 0, -4, 0, 0, 0, 0,
    0, -12, 0, -19, -15, -4, -27, 0,
    0, 0, 0, 0, 0, 0, 0, 0,
    4, 0, 0, 0, 0, 0, 0, 0,
    0, 0, 0, -15, -33, 0, 0, 0,
    0, 0, 0, -20, 0, -13, 0, 0,
    0, 0, 0, -27, 0, -38, 0, -19,
    0, -8, -4, -27, -22, -10, 0, 0,
    -6, 0, -4, 0, -4, 0, 0, 0,
    0, -6, 0, 0, 15, 0, 0, 0,
    0, -8, -29, 0, 0, 0, 0, 0,
    0, 0, 0, 0, 0, 0, 0, 0,
    0, -21, 0, -25, 0, -15, 0, -12,
    -6, -23, -21, -12, 0, 0, -12, 0,
    -6, 0, 0, 0, 0, 0, 0, -4,
    0, 0, 0, 12, 0, 0, 0, -5,
    0, -15, 0, 0, 0, 0, 0, -8,
    0, -12, -4, -8, 0, 0, 0, 0,
    -4, 0, 0, -12, 0, -19, -15, 0,
    -31, 0, 0, 0, -4, 0, -8, 0,
    0, 0, 0, -4, 0, -8, 0, -4,
    0, 0, 0, 0, 0, -4, 0, -2,
    0, 0, 0, 0, 0, -2, 0, -6,
    0, 0, 0, 0, 0, 0, -4, 0,
    0, -15, 0, -15, -12, 0, -27, 0,
    0, 0, 0, 0, 0, 0, -2, 0,
    0, 0, 0, -4, 0, -4, 0, 0,
    0, 0
};


/*Collect the kern class' data in one place*/
static const lv_font_fmt_txt_kern_classes_t kern_classes =
{
    .class_pair_values   = kern_class_values,
    .left_class_mapping  = kern_left_class_mapping,
    .right_class_mapping = kern_right_class_mapping,
    .left_class_cnt      = 55,
    .right_class_cnt     = 46,
};

/*--------------------
 *  ALL CUSTOM DATA
 *--------------------*/

#if LVGL_VERSION_MAJOR == 8
/*Store all the custom data of the font*/
static  lv_font_fmt_txt_glyph_cache_t cache;
#endif

#if LVGL_VERSION_MAJOR >= 8
static const lv_font_fmt_txt_dsc_t font_dsc = {
#else
static lv_font_fmt_txt_dsc_t font_dsc = {
#endif
    .glyph_bitmap = glyph_bitmap,
    .glyph_dsc = glyph_dsc,
    .cmaps = cmaps,
    .kern_dsc = &kern_classes,
    .kern_scale = 16,
    .cmap_num = 3,
    .bpp = 4,
    .kern_classes = 1,
    .bitmap_format = 0,
#if LVGL_VERSION_MAJOR == 8
    .cache = &cache
#endif
};



/*-----------------
 *  PUBLIC FONT
 *----------------*/

/*Initialize a public general font descriptor*/
#if LVGL_VERSION_MAJOR >= 8
const lv_font_t lv_font_MiSans_Heavy_24_24 = {
#else
lv_font_t lv_font_MiSans_Heavy_24_24 = {
#endif
    .get_glyph_dsc = lv_font_get_glyph_dsc_fmt_txt,    /*Function pointer to get glyph's data*/
    .get_glyph_bitmap = lv_font_get_bitmap_fmt_txt,    /*Function pointer to get glyph's bitmap*/
    .line_height = 30,          /*The maximum line height required by the font*/
    .base_line = 7,             /*Baseline measured from the bottom of the line*/
#if !(LVGL_VERSION_MAJOR == 6 && LVGL_VERSION_MINOR == 0)
    .subpx = LV_FONT_SUBPX_NONE,
#endif
#if LV_VERSION_CHECK(7, 4, 0) || LVGL_VERSION_MAJOR >= 8
    .underline_position = -2,
    .underline_thickness = 1,
#endif
    .dsc = &font_dsc,          /*The custom font data. Will be accessed by `get_glyph_bitmap/dsc` */
#if LV_VERSION_CHECK(8, 2, 0) || LVGL_VERSION_MAJOR >= 9
    .fallback = NULL,
#endif
    .user_data = NULL,
};



#endif /*#if LV_FONT_MISANS_HEAVY_24_24*/

